Latitude (decimal degrees):	-33.843
Longitude (decimal degrees):	18.834
Elevation (m):	202
Radiation database:	PVGIS-SARAH3


Slope: 29 deg. 
Azimuth: 0 deg. 
Nominal power of the PV system (c-Si) (kWp):	1.0
System losses (%):	14.0
time,P,G(i),H_sun,T2m,WS10m,Int
20230101:0002,0.0,0.0,0.0,17.07,2.83,0.0
20230101:0102,0.0,0.0,0.0,16.51,2.69,0.0
20230101:0202,0.0,0.0,0.0,16.04,2.69,0.0
20230101:0302,0.0,0.0,0.0,15.7,2.69,0.0
20230101:0402,8.17,20.95,3.79,15.41,2.55,0.0
20230101:0502,250.48,328.13,15.38,17.06,2.62,0.0
20230101:0602,393.05,500.78,27.46,20.22,2.83,0.0
20230101:0702,501.03,642.47,39.82,24.23,3.38,0.0
20230101:0802,578.19,755.63,52.27,27.31,3.24,0.0
20230101:0902,630.74,845.35,64.46,30.0,2.76,0.0
20230101:1002,656.66,902.5,75.24,32.16,2.14,0.0
20230101:1102,647.11,901.42,78.72,33.64,1.79,0.0
20230101:1202,631.9,874.77,70.46,34.33,2.21,0.0
20230101:1302,588.83,802.96,58.72,34.27,2.83,0.0
20230101:1402,525.39,705.05,46.35,33.5,3.52,0.0
20230101:1502,429.52,571.29,33.92,32.04,4.0,0.0
20230101:1602,310.5,418.38,21.67,30.09,4.07,0.0
20230101:1702,159.41,231.5,9.79,27.97,3.72,0.0
20230101:1802,0.0,0.0,0.0,25.85,3.79,0.0
20230101:1902,0.0,0.0,0.0,24.12,3.93,0.0
20230101:2002,0.0,0.0,0.0,22.59,4.0,0.0
20230101:2102,0.0,0.0,0.0,21.26,4.07,0.0
20230101:2202,0.0,0.0,0.0,20.26,3.59,0.0
20230101:2302,0.0,0.0,0.0,19.56,3.17,0.0
20230102:0002,0.0,0.0,0.0,19.04,3.03,0.0
20230102:0102,0.0,0.0,0.0,18.78,2.97,0.0
20230102:0202,0.0,0.0,0.0,18.6,2.76,0.0
20230102:0302,0.0,0.0,0.0,18.36,2.55,0.0
20230102:0402,7.45,20.04,3.66,18.49,2.41,0.0
20230102:0502,241.16,321.21,15.25,19.92,2.34,0.0
20230102:0602,379.96,490.23,27.33,22.19,2.41,0.0
20230102:0702,484.24,631.69,39.69,25.56,2.14,0.0
20230102:0802,557.13,747.83,52.14,28.49,1.45,0.0
20230102:0902,599.37,836.93,64.32,30.82,0.48,0.0
20230102:1002,622.46,890.07,75.11,32.58,0.21,0.0
20230102:1102,631.01,896.78,78.67,33.78,0.76,0.0
20230102:1202,614.52,862.83,70.48,34.49,1.31,0.0
20230102:1302,575.92,795.56,58.77,34.71,1.93,0.0
20230102:1402,509.35,694.94,46.41,34.35,2.21,0.0
20230102:1502,414.2,562.59,33.97,33.49,2.14,0.0
20230102:1602,298.09,410.85,21.72,32.26,1.93,0.0
20230102:1702,153.22,227.49,9.83,30.66,1.38,0.0
20230102:1802,0.0,0.0,0.0,29.07,0.76,0.0
20230102:1902,0.0,0.0,0.0,26.51,1.66,0.0
20230102:2002,0.0,0.0,0.0,25.1,1.66,0.0
20230102:2102,0.0,0.0,0.0,23.96,1.72,0.0
20230102:2202,0.0,0.0,0.0,23.02,1.52,0.0
20230102:2302,0.0,0.0,0.0,22.55,1.17,0.0
20230103:0002,0.0,0.0,0.0,21.67,1.1,0.0
20230103:0102,0.0,0.0,0.0,19.07,1.38,0.0
20230103:0202,0.0,0.0,0.0,18.02,1.45,0.0
20230103:0302,0.0,0.0,0.0,17.53,1.31,0.0
20230103:0402,7.5,20.04,3.52,17.12,1.24,0.0
20230103:0502,232.92,310.62,15.12,19.08,1.45,0.0
20230103:0602,380.22,490.37,27.2,21.26,1.93,0.0
20230103:0702,491.02,629.23,39.56,23.22,2.83,0.0
20230103:0802,578.69,748.41,52.0,25.14,3.17,0.0
20230103:0902,637.96,835.01,64.19,26.81,3.38,0.0
20230103:1002,674.02,888.27,74.97,27.89,3.66,0.0
20230103:1102,678.35,894.95,78.6,28.25,3.79,0.0
20230103:1202,657.93,862.8,70.51,28.21,4.14,0.0
20230103:1302,613.22,795.04,58.82,27.21,4.34,0.0
20230103:1402,542.51,694.71,46.46,25.54,4.41,0.0
20230103:1502,443.13,565.48,34.02,23.91,4.21,0.0
20230103:1602,275.23,357.72,21.76,22.32,3.59,0.0
20230103:1702,71.79,107.85,9.87,21.06,2.76,0.0
20230103:1802,0.0,0.0,0.0,19.83,2.0,0.0
20230103:1902,0.0,0.0,0.0,19.17,1.79,0.0
20230103:2002,0.0,0.0,0.0,18.8,1.59,0.0
20230103:2102,0.0,0.0,0.0,18.65,1.52,0.0
20230103:2202,0.0,0.0,0.0,18.32,1.72,0.0
20230103:2302,0.0,0.0,0.0,17.98,1.79,0.0
20230104:0002,0.0,0.0,0.0,17.63,1.86,0.0
20230104:0102,0.0,0.0,0.0,17.45,2.07,0.0
20230104:0202,0.0,0.0,0.0,16.98,1.72,0.0
20230104:0302,0.0,0.0,0.0,16.72,1.24,0.0
20230104:0402,5.3,16.39,3.38,16.54,1.17,0.0
20230104:0502,172.59,229.14,14.98,16.74,1.72,0.0
20230104:0602,296.19,374.01,27.06,17.23,2.0,0.0
20230104:0702,446.27,558.46,39.42,18.3,2.62,0.0
20230104:0802,560.06,704.23,51.87,19.11,2.9,0.0
20230104:0902,565.03,714.8,64.05,19.82,3.1,0.0
20230104:1002,655.11,830.8,74.83,19.88,3.38,0.0
20230104:1102,670.77,851.14,78.53,20.36,3.66,0.0
20230104:1202,670.25,845.53,70.52,20.06,3.86,0.0
20230104:1302,610.82,766.21,58.86,20.18,4.07,0.0
20230104:1402,538.58,670.16,46.5,19.57,4.28,0.0
20230104:1502,263.73,332.37,34.07,19.16,4.48,0.0
20230104:1602,245.67,313.17,21.8,18.3,4.55,0.0
20230104:1702,167.0,230.28,9.9,17.32,4.34,0.0
20230104:1802,0.0,0.0,0.0,16.39,4.07,0.0
20230104:1902,0.0,0.0,0.0,15.92,3.52,0.0
20230104:2002,0.0,0.0,0.0,15.57,3.52,0.0
20230104:2102,0.0,0.0,0.0,15.04,3.59,0.0
20230104:2202,0.0,0.0,0.0,14.57,3.17,0.0
20230104:2302,0.0,0.0,0.0,14.27,3.24,0.0
20230105:0002,0.0,0.0,0.0,14.04,2.97,0.0
20230105:0102,0.0,0.0,0.0,13.75,3.17,0.0
20230105:0202,0.0,0.0,0.0,13.58,3.38,0.0
20230105:0302,0.0,0.0,0.0,13.48,3.31,0.0
20230105:0402,6.52,18.22,3.24,13.46,3.24,0.0
20230105:0502,242.61,313.68,14.84,14.03,3.86,0.0
20230105:0602,390.48,481.89,26.92,15.06,4.41,0.0
20230105:0702,474.16,580.52,39.29,16.44,4.69,0.0
20230105:0802,574.19,705.24,51.73,17.6,5.1,0.0
20230105:0902,591.5,731.29,63.91,18.32,5.31,0.0
20230105:1002,556.49,691.58,74.68,19.02,5.45,0.0
20230105:1102,540.39,672.69,78.45,19.45,5.59,0.0
20230105:1202,624.21,776.89,70.53,19.6,5.52,0.0
20230105:1302,580.62,718.49,58.9,19.15,5.52,0.0
20230105:1402,523.45,645.73,46.55,19.04,5.45,0.0
20230105:1502,428.55,531.0,34.11,18.99,5.38,0.0
20230105:1602,328.91,417.22,21.83,18.22,4.9,0.0
20230105:1702,174.73,240.25,9.92,17.25,4.55,0.0
20230105:1802,0.0,0.0,0.0,16.48,3.45,0.0
20230105:1902,0.0,0.0,0.0,16.41,3.72,0.0
20230105:2002,0.0,0.0,0.0,16.01,3.59,0.0
20230105:2102,0.0,0.0,0.0,15.61,3.38,0.0
20230105:2202,0.0,0.0,0.0,15.41,3.17,0.0
20230105:2302,0.0,0.0,0.0,15.19,2.97,0.0
20230106:0002,0.0,0.0,0.0,15.05,3.03,0.0
20230106:0102,0.0,0.0,0.0,14.7,2.9,0.0
20230106:0202,0.0,0.0,0.0,14.6,2.97,0.0
20230106:0302,0.0,0.0,0.0,14.41,2.69,0.0
20230106:0402,5.38,16.39,3.09,14.16,2.62,0.0
20230106:0502,239.02,312.2,14.69,15.07,2.9,0.0
20230106:0602,383.95,479.85,26.78,16.8,3.66,0.0
20230106:0702,500.54,621.37,39.15,18.57,4.07,0.0
20230106:0802,590.36,738.22,51.59,20.07,4.14,0.0
20230106:0902,653.26,824.58,63.77,21.57,4.41,0.0
20230106:1002,683.81,871.75,74.53,23.24,4.62,0.0
20230106:1102,690.25,887.26,78.35,24.23,4.34,0.0
20230106:1202,661.64,854.68,70.53,25.33,4.14,0.0
20230106:1302,614.45,792.38,58.93,25.74,4.07,0.0
20230106:1402,542.65,695.29,46.58,25.58,4.34,0.0
20230106:1502,440.51,563.63,34.14,24.87,4.62,0.0
20230106:1602,318.24,414.8,21.86,23.55,4.62,0.0
20230106:1702,166.14,234.41,9.94,21.93,4.07,0.0
20230106:1802,0.0,0.0,0.0,20.34,4.0,0.0
20230106:1902,0.0,0.0,0.0,19.22,3.45,0.0
20230106:2002,0.0,0.0,0.0,18.27,3.17,0.0
20230106:2102,0.0,0.0,0.0,17.43,2.97,0.0
20230106:2202,0.0,0.0,0.0,16.62,2.69,0.0
20230106:2302,0.0,0.0,0.0,15.83,2.41,0.0
20230107:0002,0.0,0.0,0.0,15.01,2.21,0.0
20230107:0102,0.0,0.0,0.0,14.24,2.28,0.0
20230107:0202,0.0,0.0,0.0,13.71,2.34,0.0
20230107:0302,0.0,0.0,0.0,13.31,2.34,0.0
20230107:0402,5.42,16.39,2.94,13.1,2.41,0.0
20230107:0502,237.53,311.25,14.55,15.02,2.34,0.0
20230107:0602,382.54,483.07,26.64,18.17,3.1,0.0
20230107:0702,492.28,625.35,39.01,21.43,2.9,0.0
20230107:0802,575.98,746.8,51.45,24.16,2.48,0.0
20230107:0902,625.48,830.64,63.62,26.39,2.0,0.0
20230107:1002,650.54,881.86,74.37,28.06,1.59,0.0
20230107:1102,653.26,890.1,78.25,29.29,1.72,0.0
20230107:1202,632.65,861.98,70.53,30.15,1.79,0.0
20230107:1302,586.81,795.88,58.95,30.6,1.79,0.0
20230107:1402,520.87,698.65,46.62,30.51,2.07,0.0
20230107:1502,423.62,563.68,34.17,29.85,2.48,0.0
20230107:1602,307.71,414.49,21.89,28.55,2.83,0.0
20230107:1702,164.34,238.2,9.96,26.63,2.69,0.0
20230107:1802,0.0,0.0,0.0,24.5,2.69,0.0
20230107:1902,0.0,0.0,0.0,22.39,2.76,0.0
20230107:2002,0.0,0.0,0.0,21.2,2.69,0.0
20230107:2102,0.0,0.0,0.0,20.11,2.41,0.0
20230107:2202,0.0,0.0,0.0,19.08,2.0,0.0
20230107:2302,0.0,0.0,0.0,18.01,1.93,0.0
20230108:0002,0.0,0.0,0.0,17.08,1.93,0.0
20230108:0102,0.0,0.0,0.0,16.34,1.93,0.0
20230108:0202,0.0,0.0,0.0,15.77,1.93,0.0
20230108:0302,0.0,0.0,0.0,15.29,1.93,0.0
20230108:0402,4.28,14.57,2.79,14.97,1.93,0.0
20230108:0502,234.01,310.96,14.4,16.9,1.66,0.0
20230108:0602,372.44,485.21,26.49,21.65,1.31,0.0
20230108:0702,473.24,626.6,38.86,25.11,0.83,0.0
20230108:0802,547.43,744.71,51.31,28.3,0.62,0.0
20230108:0902,606.92,828.81,63.47,30.42,1.52,0.0
20230108:1002,643.02,880.95,74.21,31.62,2.07,0.0
20230108:1102,650.53,889.38,78.15,31.97,2.41,0.0
20230108:1202,637.21,865.31,70.52,31.74,2.62,0.0
20230108:1302,594.71,798.43,58.97,31.0,2.76,0.0
20230108:1402,527.79,701.44,46.64,29.96,2.69,0.0
20230108:1502,428.44,566.14,34.2,28.73,2.69,0.0
20230108:1602,309.44,414.16,21.91,27.22,2.83,0.0
20230108:1702,164.4,236.54,9.97,25.14,2.97,0.0
20230108:1802,0.0,0.0,0.0,22.83,2.9,0.0
20230108:1902,0.0,0.0,0.0,21.21,3.03,0.0
20230108:2002,0.0,0.0,0.0,20.36,2.69,0.0
20230108:2102,0.0,0.0,0.0,19.71,2.34,0.0
20230108:2202,0.0,0.0,0.0,19.11,2.07,0.0
20230108:2302,0.0,0.0,0.0,18.43,1.93,0.0
20230109:0002,0.0,0.0,0.0,17.68,1.79,0.0
20230109:0102,0.0,0.0,0.0,17.07,1.66,0.0
20230109:0202,0.0,0.0,0.0,16.58,1.66,0.0
20230109:0302,0.0,0.0,0.0,16.13,1.59,0.0
20230109:0402,3.75,13.66,2.63,15.59,1.52,0.0
20230109:0502,228.66,305.64,14.24,17.06,1.1,0.0
20230109:0602,365.88,477.51,26.34,21.56,1.1,0.0
20230109:0702,478.92,620.47,38.72,23.25,1.79,0.0
20230109:0802,564.12,738.89,51.16,24.59,1.79,0.0
20230109:0902,617.01,820.28,63.32,26.12,1.79,0.0
20230109:1002,652.06,875.09,74.05,27.71,2.07,0.0
20230109:1102,659.13,887.5,78.03,28.89,2.34,0.0
20230109:1202,637.71,856.7,70.5,29.57,2.55,0.0
20230109:1302,595.85,793.79,58.99,29.56,2.76,0.0
20230109:1402,527.15,693.77,46.67,28.63,2.97,0.0
20230109:1502,430.67,562.9,34.22,27.06,3.03,0.0
20230109:1602,307.7,407.78,21.92,25.15,2.83,0.0
20230109:1702,164.46,234.93,9.97,23.14,2.41,0.0
20230109:1802,0.0,0.0,0.0,21.2,1.79,0.0
20230109:1902,0.0,0.0,0.0,20.02,1.45,0.0
20230109:2002,0.0,0.0,0.0,19.41,1.24,0.0
20230109:2102,0.0,0.0,0.0,18.74,0.97,0.0
20230109:2202,0.0,0.0,0.0,18.72,0.62,0.0
20230109:2302,0.0,0.0,0.0,18.56,0.55,0.0
20230110:0002,0.0,0.0,0.0,18.28,0.55,0.0
20230110:0102,0.0,0.0,0.0,17.95,0.34,0.0
20230110:0202,0.0,0.0,0.0,17.75,0.41,0.0
20230110:0302,0.0,0.0,0.0,17.02,0.76,0.0
20230110:0402,3.23,12.75,2.47,16.57,0.9,0.0
20230110:0502,173.64,234.09,14.09,17.64,0.76,0.0
20230110:0602,247.47,319.16,26.19,19.23,1.03,0.0
20230110:0702,469.44,602.79,38.57,20.61,1.38,0.0
20230110:0802,567.06,733.66,51.01,22.34,1.86,0.0
20230110:0902,628.24,821.09,63.16,23.91,2.21,0.0
20230110:1002,661.0,873.0,73.88,25.36,2.34,0.0
20230110:1102,667.74,886.1,77.9,26.41,2.48,0.0
20230110:1202,648.23,858.58,70.47,26.95,2.62,0.0
20230110:1302,602.16,792.31,59.0,26.95,2.69,0.0
20230110:1402,534.15,696.02,46.68,26.34,2.83,0.0
20230110:1502,432.24,561.49,34.24,25.26,2.69,0.0
20230110:1602,312.67,413.0,21.93,23.93,2.48,0.0
20230110:1702,164.15,234.05,9.97,22.36,2.21,0.0
20230110:1802,0.0,0.0,0.0,20.7,2.0,0.0
20230110:1902,0.0,0.0,0.0,19.87,2.28,0.0
20230110:2002,0.0,0.0,0.0,19.19,2.07,0.0
20230110:2102,0.0,0.0,0.0,18.6,1.79,0.0
20230110:2202,0.0,0.0,0.0,17.81,1.66,0.0
20230110:2302,0.0,0.0,0.0,16.94,1.52,0.0
20230111:0002,0.0,0.0,0.0,16.25,1.45,0.0
20230111:0102,0.0,0.0,0.0,15.73,1.45,0.0
20230111:0202,0.0,0.0,0.0,15.33,1.45,0.0
20230111:0302,0.0,0.0,0.0,15.24,1.38,0.0
20230111:0402,1.84,10.02,2.31,15.23,1.31,0.0
20230111:0502,171.49,230.79,13.93,16.78,0.97,0.0
20230111:0602,347.07,455.48,26.04,21.32,0.48,0.0
20230111:0702,377.27,492.95,38.42,23.29,0.62,0.0
20230111:0802,492.62,651.41,50.86,25.47,1.1,0.0
20230111:0902,299.18,395.19,63.0,26.99,1.72,0.0
20230111:1002,287.94,382.34,73.7,28.03,1.86,0.0
20230111:1102,301.06,400.92,77.77,28.46,1.66,0.0
20230111:1202,424.49,564.27,70.44,27.89,1.72,0.0
20230111:1302,226.19,302.59,59.0,27.83,1.72,0.0
20230111:1402,500.33,663.91,46.7,27.76,1.66,0.0
20230111:1502,188.87,254.02,34.25,27.33,2.21,0.0
20230111:1602,103.57,146.93,21.94,26.14,2.69,0.0
20230111:1702,73.1,111.44,9.97,24.4,2.83,0.0
20230111:1802,0.0,0.0,0.0,22.74,2.83,0.0
20230111:1902,0.0,0.0,0.0,22.19,2.48,0.0
20230111:2002,0.0,0.0,0.0,21.82,2.07,0.0
20230111:2102,0.0,0.0,0.0,21.48,2.14,0.0
20230111:2202,0.0,0.0,0.0,21.11,1.86,0.0
20230111:2302,0.0,0.0,0.0,20.6,1.79,0.0
20230112:0002,0.0,0.0,0.0,19.97,1.72,0.0
20230112:0102,0.0,0.0,0.0,19.44,1.79,0.0
20230112:0202,0.0,0.0,0.0,19.34,1.59,0.0
20230112:0302,0.0,0.0,0.0,19.11,1.31,0.0
20230112:0402,1.78,10.02,2.14,19.54,0.9,0.0
20230112:0502,131.84,182.77,13.78,20.07,0.83,0.0
20230112:0602,36.37,60.76,25.89,21.87,2.0,0.0
20230112:0702,191.42,250.5,38.27,22.34,3.31,0.0
20230112:0802,546.28,693.79,50.71,23.09,3.93,0.0
20230112:0902,606.06,774.63,62.84,23.91,4.14,0.0
20230112:1002,611.59,785.47,73.52,24.66,4.48,0.0
20230112:1102,114.83,159.51,77.63,25.19,4.69,0.0
20230112:1202,645.24,828.0,70.4,25.49,4.9,0.0
20230112:1302,602.99,769.88,59.0,25.1,4.83,0.0
20230112:1402,419.99,535.03,46.7,24.55,4.76,0.0
20230112:1502,426.83,544.45,34.26,23.71,4.28,0.0
20230112:1602,302.33,394.8,21.94,22.71,3.86,0.0
20230112:1702,156.83,223.15,9.96,21.22,3.24,0.0
20230112:1802,0.0,0.0,0.0,19.89,2.41,0.0
20230112:1902,0.0,0.0,0.0,18.86,2.14,0.0
20230112:2002,0.0,0.0,0.0,18.27,2.14,0.0
20230112:2102,0.0,0.0,0.0,17.66,1.66,0.0
20230112:2202,0.0,0.0,0.0,16.94,1.1,0.0
20230112:2302,0.0,0.0,0.0,16.5,0.83,0.0
20230113:0002,0.0,0.0,0.0,16.73,0.55,0.0
20230113:0102,0.0,0.0,0.0,16.43,0.62,0.0
20230113:0202,0.0,0.0,0.0,16.11,0.41,0.0
20230113:0302,0.0,0.0,0.0,15.85,0.34,0.0
20230113:0402,0.6,7.29,1.97,15.51,0.21,0.0
20230113:0502,192.61,259.15,13.61,15.88,0.34,0.0
20230113:0602,348.46,448.07,25.73,17.73,0.83,0.0
20230113:0702,470.93,602.77,38.12,19.99,1.45,0.0
20230113:0802,561.85,724.43,50.55,21.75,1.86,0.0
20230113:0902,624.02,813.21,62.68,23.27,2.14,0.0
20230113:1002,659.56,866.34,73.34,24.58,2.41,0.0
20230113:1102,667.96,879.96,77.48,25.44,2.62,0.0
20230113:1202,647.96,849.65,70.35,25.73,2.9,0.0
20230113:1302,603.45,784.68,58.99,25.53,3.1,0.0
20230113:1402,536.52,691.13,46.71,24.8,3.24,0.0
20230113:1502,432.98,556.99,34.26,23.8,3.1,0.0
20230113:1602,309.67,406.49,21.93,22.73,2.83,0.0
20230113:1702,161.69,230.35,9.94,21.41,2.76,0.0
20230113:1802,0.0,0.0,0.0,19.83,2.48,0.0
20230113:1902,0.0,0.0,0.0,18.9,2.83,0.0
20230113:2002,0.0,0.0,0.0,18.19,2.55,0.0
20230113:2102,0.0,0.0,0.0,17.61,2.41,0.0
20230113:2202,0.0,0.0,0.0,17.15,2.34,0.0
20230113:2302,0.0,0.0,0.0,16.8,2.28,0.0
20230114:0002,0.0,0.0,0.0,16.57,2.14,0.0
20230114:0102,0.0,0.0,0.0,16.8,2.41,0.0
20230114:0202,0.0,0.0,0.0,16.96,2.28,0.0
20230114:0302,0.0,0.0,0.0,17.04,2.34,0.0
20230114:0402,0.0,0.91,1.8,16.89,2.34,0.0
20230114:0502,105.32,146.64,13.45,17.78,2.55,0.0
20230114:0602,265.98,339.47,25.58,19.31,3.17,0.0
20230114:0702,421.57,533.39,37.96,21.31,3.31,0.0
20230114:0802,550.79,704.36,50.4,23.36,3.24,0.0
20230114:0902,610.49,792.77,62.51,25.23,3.1,0.0
20230114:1002,638.95,838.44,73.15,26.81,3.24,0.0
20230114:1102,652.5,858.58,77.32,27.85,3.59,0.0
20230114:1202,633.38,829.59,70.29,28.13,4.0,0.0
20230114:1302,591.29,768.08,58.97,27.97,4.41,0.0
20230114:1402,517.92,667.36,46.7,27.3,4.76,0.0
20230114:1502,423.18,544.28,34.25,26.0,4.97,0.0
20230114:1602,300.55,394.61,21.92,24.46,5.03,0.0
20230114:1702,150.42,215.68,9.92,22.73,4.83,0.0
20230114:1802,0.0,0.0,0.0,21.05,3.86,0.0
20230114:1902,0.0,0.0,0.0,20.07,4.07,0.0
20230114:2002,0.0,0.0,0.0,19.41,4.0,0.0
20230114:2102,0.0,0.0,0.0,18.93,3.66,0.0
20230114:2202,0.0,0.0,0.0,18.5,3.45,0.0
20230114:2302,0.0,0.0,0.0,18.13,3.31,0.0
20230115:0002,0.0,0.0,0.0,17.81,3.24,0.0
20230115:0102,0.0,0.0,0.0,17.59,3.24,0.0
20230115:0202,0.0,0.0,0.0,17.54,3.31,0.0
20230115:0302,0.0,0.0,0.0,17.46,3.24,0.0
20230115:0402,0.0,5.46,1.63,17.29,3.1,0.0
20230115:0502,212.0,286.53,13.29,18.11,3.17,0.0
20230115:0602,322.18,410.41,25.42,19.79,3.86,0.0
20230115:0702,461.39,581.99,37.81,21.79,4.28,0.0
20230115:0802,559.69,712.18,50.24,23.74,4.14,0.0
20230115:0902,614.27,794.29,62.34,25.79,3.86,0.0
20230115:1002,645.19,847.86,72.96,27.87,3.66,0.0
20230115:1102,646.78,855.18,77.15,28.87,3.66,0.0
20230115:1202,618.64,819.51,70.23,29.93,3.79,0.0
20230115:1302,573.06,756.23,58.95,30.35,4.0,0.0
20230115:1402,529.56,694.84,46.69,30.15,4.28,0.0
20230115:1502,378.68,496.6,34.25,29.32,4.41,0.0
20230115:1602,141.22,195.01,21.91,27.97,4.41,0.0
20230115:1702,150.73,220.39,9.89,26.15,4.0,0.0
20230115:1802,0.0,0.0,0.0,24.09,4.28,0.0
20230115:1902,0.0,0.0,0.0,22.61,4.14,0.0
20230115:2002,0.0,0.0,0.0,21.33,3.79,0.0
20230115:2102,0.0,0.0,0.0,20.45,3.66,0.0
20230115:2202,0.0,0.0,0.0,19.73,3.52,0.0
20230115:2302,0.0,0.0,0.0,19.15,3.38,0.0
20230116:0002,0.0,0.0,0.0,18.68,3.1,0.0
20230116:0102,0.0,0.0,0.0,18.53,2.76,0.0
20230116:0202,0.0,0.0,0.0,18.27,2.48,0.0
20230116:0302,0.0,0.0,0.0,17.96,2.34,0.0
20230116:0402,0.0,4.55,1.46,17.65,2.14,0.0
20230116:0502,191.02,261.06,13.12,19.0,2.21,0.0
20230116:0602,337.03,436.64,25.26,21.08,2.28,0.0
20230116:0702,447.62,581.5,37.65,24.45,2.07,0.0
20230116:0802,528.69,699.31,50.08,27.48,1.93,0.0
20230116:0902,575.05,784.97,62.17,30.4,1.24,0.0
20230116:1002,577.71,810.99,72.76,32.57,0.62,0.0
20230116:1102,601.5,849.08,76.98,33.86,0.83,0.0
20230116:1202,590.22,826.33,70.16,34.66,1.31,0.0
20230116:1302,552.67,762.22,58.92,34.87,1.93,0.0
20230116:1402,490.37,664.91,46.68,34.42,2.76,0.0
20230116:1502,398.72,535.8,34.23,33.05,3.45,0.0
20230116:1602,267.3,364.99,21.89,31.18,3.66,0.0
20230116:1702,91.81,140.36,9.86,29.12,3.45,0.0
20230116:1802,0.0,0.0,0.0,27.09,3.52,0.0
20230116:1902,0.0,0.0,0.0,25.27,3.38,0.0
20230116:2002,0.0,0.0,0.0,23.94,3.31,0.0
20230116:2102,0.0,0.0,0.0,22.8,3.1,0.0
20230116:2202,0.0,0.0,0.0,22.03,2.62,0.0
20230116:2302,0.0,0.0,0.0,21.37,2.28,0.0
20230117:0002,0.0,0.0,0.0,20.65,2.21,0.0
20230117:0102,0.0,0.0,0.0,20.2,2.14,0.0
20230117:0202,0.0,0.0,0.0,20.19,2.07,0.0
20230117:0302,0.0,0.0,0.0,20.08,2.0,0.0
20230117:0402,0.0,1.82,1.28,20.07,1.79,0.0
20230117:0502,179.78,250.03,12.95,21.14,1.45,0.0
20230117:0602,322.89,426.57,25.09,23.54,1.38,0.0
20230117:0702,433.31,573.89,37.49,25.58,0.83,0.0
20230117:0802,511.05,689.03,49.92,27.45,0.55,0.0
20230117:0902,565.19,776.81,62.0,30.05,0.69,0.0
20230117:1002,597.66,829.4,72.56,32.0,1.03,0.0
20230117:1102,603.58,841.43,76.79,33.52,1.31,0.0
20230117:1202,588.09,815.38,70.08,34.17,1.66,0.0
20230117:1302,547.81,752.68,58.89,34.33,1.93,0.0
20230117:1402,473.95,647.13,46.66,34.4,2.0,0.0
20230117:1502,213.13,293.82,34.21,33.78,1.86,0.0
20230117:1602,263.9,367.24,21.86,32.69,1.72,0.0
20230117:1702,56.39,92.07,9.82,30.91,1.45,0.0
20230117:1802,0.0,0.0,0.0,29.15,0.69,0.0
20230117:1902,0.0,0.0,0.0,27.48,1.31,0.0
20230117:2002,0.0,0.0,0.0,26.29,1.52,0.0
20230117:2102,0.0,0.0,0.0,25.13,1.52,0.0
20230117:2202,0.0,0.0,0.0,24.16,1.45,0.0
20230117:2302,0.0,0.0,0.0,23.04,1.52,0.0
20230118:0002,0.0,0.0,0.0,22.11,1.45,0.0
20230118:0102,0.0,0.0,0.0,21.19,1.66,0.0
20230118:0202,0.0,0.0,0.0,20.86,1.93,0.0
20230118:0302,0.0,0.0,0.0,20.32,1.79,0.0
20230118:0402,0.0,0.0,0.0,20.32,1.79,0.0
20230118:0502,193.92,271.26,12.78,21.72,1.66,0.0
20230118:0602,248.42,328.99,24.93,23.78,1.03,0.0
20230118:0702,436.36,561.99,37.33,23.6,2.55,0.0
20230118:0802,314.93,407.24,49.76,24.3,2.69,0.0
20230118:0902,554.08,721.74,61.83,26.35,3.17,0.0
20230118:1002,564.84,738.2,72.36,27.24,3.72,0.0
20230118:1102,536.44,704.62,76.6,27.45,3.31,0.0
20230118:1202,615.69,808.96,69.99,28.27,3.52,0.0
20230118:1302,565.11,743.27,58.85,28.49,3.1,0.0
20230118:1402,498.6,652.37,46.63,27.87,2.97,0.0
20230118:1502,392.22,512.46,34.19,26.75,2.97,0.0
20230118:1602,280.7,374.21,21.83,24.82,2.69,0.0
20230118:1702,134.53,196.98,9.78,23.09,2.34,0.0
20230118:1802,0.0,0.0,0.0,21.67,1.93,0.0
20230118:1902,0.0,0.0,0.0,20.37,1.31,0.0
20230118:2002,0.0,0.0,0.0,19.78,1.1,0.0
20230118:2102,0.0,0.0,0.0,19.41,0.97,0.0
20230118:2202,0.0,0.0,0.0,19.14,1.1,0.0
20230118:2302,0.0,0.0,0.0,18.89,1.17,0.0
20230119:0002,0.0,0.0,0.0,18.8,1.1,0.0
20230119:0102,0.0,0.0,0.0,18.63,1.1,0.0
20230119:0202,0.0,0.0,0.0,18.51,1.1,0.0
20230119:0302,0.0,0.0,0.0,18.27,1.1,0.0
20230119:0402,0.0,0.0,0.0,18.23,1.1,0.0
20230119:0502,52.71,80.94,12.61,18.46,1.17,0.0
20230119:0602,166.95,219.54,24.77,19.21,1.66,0.0
20230119:0702,353.05,449.11,37.17,20.2,1.93,0.0
20230119:0802,506.55,649.13,49.59,21.49,2.0,0.0
20230119:0902,530.76,689.11,61.65,23.18,2.0,0.0
20230119:1002,622.3,817.88,72.15,24.59,2.07,0.0
20230119:1102,637.82,842.03,76.41,25.91,2.34,0.0
20230119:1202,619.17,813.55,69.9,26.63,2.83,0.0
20230119:1302,575.86,753.46,58.8,26.56,2.76,0.0
20230119:1402,504.43,656.17,46.6,26.18,2.76,0.0
20230119:1502,408.86,530.61,34.16,25.3,3.03,0.0
20230119:1602,290.15,384.78,21.79,23.84,2.97,0.0
20230119:1702,144.53,210.34,9.73,22.33,2.76,0.0
20230119:1802,0.0,0.0,0.0,20.75,2.41,0.0
20230119:1902,0.0,0.0,0.0,20.28,2.62,0.0
20230119:2002,0.0,0.0,0.0,19.72,2.41,0.0
20230119:2102,0.0,0.0,0.0,19.32,2.14,0.0
20230119:2202,0.0,0.0,0.0,19.0,1.93,0.0
20230119:2302,0.0,0.0,0.0,18.59,1.59,0.0
20230120:0002,0.0,0.0,0.0,17.97,1.31,0.0
20230120:0102,0.0,0.0,0.0,17.66,1.1,0.0
20230120:0202,0.0,0.0,0.0,17.9,0.97,0.0
20230120:0302,0.0,0.0,0.0,18.28,0.76,0.0
20230120:0402,0.0,0.0,0.0,18.37,0.55,0.0
20230120:0502,180.44,251.85,12.44,18.71,0.28,0.0
20230120:0602,321.05,422.84,24.6,20.97,0.69,0.0
20230120:0702,435.08,566.15,37.01,22.38,1.03,0.0
20230120:0802,524.07,685.17,49.43,24.02,1.45,0.0
20230120:0902,584.96,771.24,61.47,25.44,1.79,0.0
20230120:1002,621.73,825.28,71.94,26.56,2.07,0.0
20230120:1102,631.26,837.09,76.2,27.36,2.55,0.0
20230120:1202,606.95,800.75,69.8,27.59,2.9,0.0
20230120:1302,574.99,752.25,58.75,27.11,3.03,0.0
20230120:1402,506.27,657.59,46.56,26.23,2.97,0.0
20230120:1502,409.4,532.21,34.12,25.15,2.76,0.0
20230120:1602,291.87,388.2,21.75,23.91,2.69,0.0
20230120:1702,140.44,205.31,9.67,22.38,2.41,0.0
20230120:1802,0.0,0.0,0.0,20.62,2.0,0.0
20230120:1902,0.0,0.0,0.0,20.46,2.0,0.0
20230120:2002,0.0,0.0,0.0,19.83,2.0,0.0
20230120:2102,0.0,0.0,0.0,19.33,1.72,0.0
20230120:2202,0.0,0.0,0.0,18.92,1.52,0.0
20230120:2302,0.0,0.0,0.0,18.33,1.38,0.0
20230121:0002,0.0,0.0,0.0,17.83,1.17,0.0
20230121:0102,0.0,0.0,0.0,17.22,1.17,0.0
20230121:0202,0.0,0.0,0.0,16.82,1.1,0.0
20230121:0302,0.0,0.0,0.0,16.53,1.1,0.0
20230121:0402,0.0,0.0,0.0,16.41,1.03,0.0
20230121:0502,47.22,73.58,12.26,16.99,0.9,0.0
20230121:0602,215.9,282.15,24.43,19.92,0.97,0.0
20230121:0702,426.27,553.26,36.84,21.74,0.97,0.0
20230121:0802,520.9,677.14,49.26,23.61,1.72,0.0
20230121:0902,587.85,769.27,61.29,25.05,2.21,0.0
20230121:1002,625.45,823.18,71.72,26.16,2.55,0.0
20230121:1102,638.42,841.74,75.99,26.9,2.83,0.0
20230121:1202,621.38,817.34,69.68,27.16,2.97,0.0
20230121:1302,575.15,750.87,58.69,26.96,3.17,0.0
20230121:1402,507.84,657.26,46.52,26.16,3.38,0.0
20230121:1502,410.24,531.35,34.08,24.9,3.17,0.0
20230121:1602,289.51,384.48,21.7,23.52,2.83,0.0
20230121:1702,139.07,203.64,9.61,22.0,2.48,0.0
20230121:1802,0.0,0.0,0.0,20.25,2.14,0.0
20230121:1902,0.0,0.0,0.0,19.28,1.66,0.0
20230121:2002,0.0,0.0,0.0,18.44,1.1,0.0
20230121:2102,0.0,0.0,0.0,17.84,0.69,0.0
20230121:2202,0.0,0.0,0.0,17.8,0.55,0.0
20230121:2302,0.0,0.0,0.0,17.83,0.48,0.0
20230122:0002,0.0,0.0,0.0,17.83,0.48,0.0
20230122:0102,0.0,0.0,0.0,18.04,0.55,0.0
20230122:0202,0.0,0.0,0.0,18.08,0.62,0.0
20230122:0302,0.0,0.0,0.0,17.77,0.76,0.0
20230122:0402,0.0,0.0,0.0,17.7,1.1,0.0
20230122:0502,62.88,94.24,12.09,18.5,1.38,0.0
20230122:0602,238.82,308.68,24.26,19.35,2.21,0.0
20230122:0702,404.44,515.19,36.68,20.75,2.28,0.0
20230122:0802,497.35,638.43,49.09,22.43,2.28,0.0
20230122:0902,582.91,757.34,61.1,23.66,2.21,0.0
20230122:1002,625.92,820.39,71.5,24.85,2.34,0.0
20230122:1102,636.73,835.89,75.77,25.75,2.69,0.0
20230122:1202,621.04,814.43,69.56,26.75,3.03,0.0
20230122:1302,571.73,745.34,58.62,27.08,3.38,0.0
20230122:1402,503.49,651.05,46.47,26.72,3.86,0.0
20230122:1502,408.87,528.62,34.03,25.7,4.21,0.0
20230122:1602,286.27,379.58,21.65,24.23,4.28,0.0
20230122:1702,136.99,201.32,9.55,22.8,4.07,0.0
20230122:1802,0.0,0.0,0.0,21.36,3.52,0.0
20230122:1902,0.0,0.0,0.0,20.86,3.17,0.0
20230122:2002,0.0,0.0,0.0,20.55,2.83,0.0
20230122:2102,0.0,0.0,0.0,20.19,2.55,0.0
20230122:2202,0.0,0.0,0.0,19.75,2.07,0.0
20230122:2302,0.0,0.0,0.0,19.12,1.79,0.0
20230123:0002,0.0,0.0,0.0,18.38,1.59,0.0
20230123:0102,0.0,0.0,0.0,17.85,1.31,0.0
20230123:0202,0.0,0.0,0.0,17.39,1.17,0.0
20230123:0302,0.0,0.0,0.0,17.23,1.1,0.0
20230123:0402,0.0,0.0,0.0,17.26,1.03,0.0
20230123:0502,170.31,238.65,11.91,18.1,0.83,0.0
20230123:0602,316.59,417.42,24.09,21.6,1.31,0.0
20230123:0702,435.63,563.56,36.51,23.47,2.28,0.0
20230123:0802,528.8,684.58,48.92,24.87,2.76,0.0
20230123:0902,579.51,755.23,60.91,25.96,3.03,0.0
20230123:1002,626.15,820.96,71.28,26.84,3.24,0.0
20230123:1102,640.16,840.27,75.55,27.23,3.45,0.0
20230123:1202,627.52,818.65,69.44,26.8,3.66,0.0
20230123:1302,587.7,758.51,58.55,25.87,3.93,0.0
20230123:1402,498.66,639.28,46.41,24.6,3.72,0.0
20230123:1502,405.33,521.27,33.98,23.39,3.24,0.0
20230123:1602,238.54,313.99,21.59,22.11,3.17,0.0
20230123:1702,129.4,189.03,9.48,20.57,3.03,0.0
20230123:1802,0.0,0.0,0.0,18.92,2.34,0.0
20230123:1902,0.0,0.0,0.0,18.24,1.79,0.0
20230123:2002,0.0,0.0,0.0,17.56,1.59,0.0
20230123:2102,0.0,0.0,0.0,17.02,1.59,0.0
20230123:2202,0.0,0.0,0.0,16.61,1.86,0.0
20230123:2302,0.0,0.0,0.0,16.34,2.07,0.0
20230124:0002,0.0,0.0,0.0,16.21,2.28,0.0
20230124:0102,0.0,0.0,0.0,16.17,2.48,0.0
20230124:0202,0.0,0.0,0.0,16.26,2.55,0.0
20230124:0302,0.0,0.0,0.0,16.44,2.48,0.0
20230124:0402,0.0,0.0,0.0,16.33,2.97,0.0
20230124:0502,162.67,225.13,11.73,16.36,3.52,0.0
20230124:0602,203.37,259.71,23.92,16.07,3.24,0.0
20230124:0702,190.52,242.66,36.34,16.22,3.38,0.0
20230124:0802,118.56,158.56,48.75,17.02,3.79,0.0
20230124:0902,258.57,324.16,60.73,17.07,3.86,0.0
20230124:1002,110.09,149.06,71.05,17.68,3.45,0.0
20230124:1102,221.59,281.98,75.32,18.41,3.66,0.0
20230124:1202,513.06,642.25,69.3,18.64,3.72,0.0
20230124:1302,542.82,678.16,58.46,18.8,3.72,0.0
20230124:1402,359.58,450.21,46.35,19.2,3.72,0.0
20230124:1502,416.51,522.01,33.92,18.4,3.59,0.0
20230124:1602,292.63,377.84,21.53,17.57,3.45,0.0
20230124:1702,142.12,204.53,9.4,16.78,3.17,0.0
20230124:1802,0.0,0.0,0.0,15.75,2.69,0.0
20230124:1902,0.0,0.0,0.0,15.37,2.48,0.0
20230124:2002,0.0,0.0,0.0,14.74,2.28,0.0
20230124:2102,0.0,0.0,0.0,14.29,2.14,0.0
20230124:2202,0.0,0.0,0.0,13.78,2.21,0.0
20230124:2302,0.0,0.0,0.0,13.47,2.21,0.0
20230125:0002,0.0,0.0,0.0,13.52,2.28,0.0
20230125:0102,0.0,0.0,0.0,13.09,2.28,0.0
20230125:0202,0.0,0.0,0.0,12.7,2.21,0.0
20230125:0302,0.0,0.0,0.0,12.58,2.28,0.0
20230125:0402,0.0,0.0,0.0,12.13,2.28,0.0
20230125:0502,178.18,244.11,11.55,13.01,2.28,0.0
20230125:0602,332.75,422.07,23.75,15.36,3.24,0.0
20230125:0702,452.57,565.15,36.18,17.26,3.1,0.0
20230125:0802,546.64,687.87,48.58,19.19,2.9,0.0
20230125:0902,608.5,779.2,60.53,21.24,2.55,0.0
20230125:1002,639.78,835.37,70.82,23.21,2.14,0.0
20230125:1102,644.56,848.73,75.08,24.79,2.21,0.0
20230125:1202,628.83,824.43,69.16,25.77,2.76,0.0
20230125:1302,582.75,758.03,58.38,26.08,3.24,0.0
20230125:1402,513.2,662.28,46.28,25.81,3.72,0.0
20230125:1502,414.92,535.35,33.85,24.81,4.14,0.0
20230125:1602,291.26,386.55,21.46,23.52,4.14,0.0
20230125:1702,139.36,206.13,9.32,22.09,3.52,0.0
20230125:1802,0.0,0.0,0.0,20.42,3.1,0.0
20230125:1902,0.0,0.0,0.0,19.16,3.24,0.0
20230125:2002,0.0,0.0,0.0,18.37,2.9,0.0
20230125:2102,0.0,0.0,0.0,17.57,2.55,0.0
20230125:2202,0.0,0.0,0.0,16.73,2.21,0.0
20230125:2302,0.0,0.0,0.0,15.75,1.93,0.0
20230126:0002,0.0,0.0,0.0,14.81,1.79,0.0
20230126:0102,0.0,0.0,0.0,14.11,1.79,0.0
20230126:0202,0.0,0.0,0.0,13.6,1.79,0.0
20230126:0302,0.0,0.0,0.0,13.18,1.79,0.0
20230126:0402,0.0,0.0,0.0,12.88,1.79,0.0
20230126:0502,166.01,230.23,11.37,13.97,1.52,0.0
20230126:0602,314.69,409.51,23.58,18.23,1.45,0.0
20230126:0702,430.9,556.98,36.01,21.37,1.45,0.0
20230126:0802,513.84,678.52,48.4,24.42,0.97,0.0
20230126:0902,568.79,773.9,60.34,26.82,0.41,0.0
20230126:1002,610.1,826.89,70.58,28.45,1.38,0.0
20230126:1102,623.82,840.45,74.83,29.26,2.14,0.0
20230126:1202,614.56,819.02,69.01,29.29,2.83,0.0
20230126:1302,571.39,752.62,58.28,28.66,3.24,0.0
20230126:1402,502.9,657.7,46.21,27.73,3.24,0.0
20230126:1502,406.08,530.65,33.78,26.48,3.45,0.0
20230126:1602,282.72,378.16,21.38,24.56,3.72,0.0
20230126:1702,135.65,202.06,9.23,22.55,3.52,0.0
20230126:1802,0.0,0.0,0.0,20.73,3.03,0.0
20230126:1902,0.0,0.0,0.0,19.3,2.83,0.0
20230126:2002,0.0,0.0,0.0,18.62,2.55,0.0
20230126:2102,0.0,0.0,0.0,18.11,2.28,0.0
20230126:2202,0.0,0.0,0.0,17.53,2.07,0.0
20230126:2302,0.0,0.0,0.0,16.72,1.93,0.0
20230127:0002,0.0,0.0,0.0,16.03,1.86,0.0
20230127:0102,0.0,0.0,0.0,15.51,1.86,0.0
20230127:0202,0.0,0.0,0.0,15.03,1.93,0.0
20230127:0302,0.0,0.0,0.0,14.65,1.93,0.0
20230127:0402,0.0,0.0,0.0,14.36,1.86,0.0
20230127:0502,159.0,222.97,11.19,15.16,1.66,0.0
20230127:0602,306.55,401.24,23.41,19.13,1.52,0.0
20230127:0702,421.09,548.8,35.84,22.57,1.24,0.0
20230127:0802,502.76,670.26,48.23,25.39,0.62,0.0
20230127:0902,567.66,764.87,60.15,27.47,1.03,0.0
20230127:1002,606.87,817.39,70.35,28.8,1.79,0.0
20230127:1102,620.35,831.51,74.58,29.25,2.41,0.0
20230127:1202,607.44,806.96,68.85,29.21,2.97,0.0
20230127:1302,565.76,742.02,58.18,28.47,3.52,0.0
20230127:1402,499.07,647.5,46.13,27.16,3.86,0.0
20230127:1502,401.18,520.62,33.71,25.65,4.0,0.0
20230127:1602,276.1,368.99,21.3,24.14,3.93,0.0
20230127:1702,131.09,196.13,9.14,22.41,3.86,0.0
20230127:1802,0.0,0.0,0.0,20.7,3.17,0.0
20230127:1902,0.0,0.0,0.0,19.82,3.31,0.0
20230127:2002,0.0,0.0,0.0,19.25,2.83,0.0
20230127:2102,0.0,0.0,0.0,18.92,2.55,0.0
20230127:2202,0.0,0.0,0.0,18.47,2.28,0.0
20230127:2302,0.0,0.0,0.0,17.99,2.07,0.0
20230128:0002,0.0,0.0,0.0,17.53,1.79,0.0
20230128:0102,0.0,0.0,0.0,17.04,1.66,0.0
20230128:0202,0.0,0.0,0.0,16.69,1.52,0.0
20230128:0302,0.0,0.0,0.0,16.36,1.66,0.0
20230128:0402,0.0,0.0,0.0,16.37,2.0,0.0
20230128:0502,83.45,121.96,11.01,17.52,2.28,0.0
20230128:0602,213.56,276.54,23.23,18.86,3.45,0.0
20230128:0702,224.3,286.81,35.66,19.96,4.14,0.0
20230128:0802,394.98,495.21,48.05,20.7,4.69,0.0
20230128:0902,532.63,664.56,59.95,20.25,5.03,0.0
20230128:1002,567.26,707.27,70.1,19.93,5.31,0.0
20230128:1102,556.52,694.24,74.33,19.73,5.24,0.0
20230128:1202,598.77,744.77,68.68,19.68,5.24,0.0
20230128:1302,553.47,687.03,58.07,19.88,5.38,0.0
20230128:1402,393.81,490.3,46.04,19.95,5.52,0.0
20230128:1502,371.27,464.04,33.63,19.21,5.38,0.0
20230128:1602,276.59,358.73,21.21,18.46,5.38,0.0
20230128:1702,126.86,186.45,9.04,17.54,4.97,0.0
20230128:1802,0.0,0.0,0.0,16.55,4.34,0.0
20230128:1902,0.0,0.0,0.0,16.39,4.41,0.0
20230128:2002,0.0,0.0,0.0,16.04,4.28,0.0
20230128:2102,0.0,0.0,0.0,15.72,4.48,0.0
20230128:2202,0.0,0.0,0.0,15.5,4.28,0.0
20230128:2302,0.0,0.0,0.0,15.27,4.14,0.0
20230129:0002,0.0,0.0,0.0,15.05,4.0,0.0
20230129:0102,0.0,0.0,0.0,14.74,3.79,0.0
20230129:0202,0.0,0.0,0.0,14.45,3.72,0.0
20230129:0302,0.0,0.0,0.0,14.19,3.52,0.0
20230129:0402,0.0,0.0,0.0,14.0,3.66,0.0
20230129:0502,158.03,222.05,10.82,14.56,3.17,0.0
20230129:0602,312.92,399.06,23.06,16.12,4.48,0.0
20230129:0702,437.55,544.67,35.49,18.2,4.83,0.0
20230129:0802,534.9,667.34,47.87,20.07,4.62,0.0
20230129:0902,600.86,759.55,59.75,22.06,4.28,0.0
20230129:1002,633.86,812.64,69.86,23.91,4.0,0.0
20230129:1102,641.26,829.84,74.06,25.45,3.93,0.0
20230129:1202,620.12,806.16,68.5,26.55,3.86,0.0
20230129:1302,572.18,742.84,57.95,27.15,4.0,0.0
20230129:1402,487.03,630.59,45.95,27.14,4.28,0.0
20230129:1502,382.87,497.62,33.54,26.32,4.48,0.0
20230129:1602,203.99,273.07,21.12,24.71,4.55,0.0
20230129:1702,135.13,203.89,8.94,22.59,4.07,0.0
20230129:1802,0.0,0.0,0.0,20.7,4.62,0.0
20230129:1902,0.0,0.0,0.0,19.19,4.83,0.0
20230129:2002,0.0,0.0,0.0,18.05,4.55,0.0
20230129:2102,0.0,0.0,0.0,17.28,4.55,0.0
20230129:2202,0.0,0.0,0.0,16.72,4.48,0.0
20230129:2302,0.0,0.0,0.0,16.24,4.28,0.0
20230130:0002,0.0,0.0,0.0,15.84,4.0,0.0
20230130:0102,0.0,0.0,0.0,15.58,3.72,0.0
20230130:0202,0.0,0.0,0.0,15.36,3.45,0.0
20230130:0302,0.0,0.0,0.0,15.36,3.17,0.0
20230130:0402,0.0,0.0,0.0,15.33,2.97,0.0
20230130:0502,57.03,86.68,10.64,16.07,2.62,0.0
20230130:0602,298.93,386.53,22.88,17.73,3.45,0.0
20230130:0702,414.13,524.34,35.32,20.71,3.93,0.0
20230130:0802,514.39,655.7,47.69,23.52,3.86,0.0
20230130:0902,578.28,750.9,59.55,26.0,3.31,0.0
20230130:1002,607.49,804.44,69.61,27.94,2.69,0.0
20230130:1102,613.58,820.64,73.79,29.34,2.55,0.0
20230130:1202,595.17,794.94,68.32,30.22,2.9,0.0
20230130:1302,552.03,732.19,57.83,30.51,3.38,0.0
20230130:1402,483.99,637.92,45.85,30.23,3.86,0.0
20230130:1502,386.86,511.73,33.45,29.32,4.21,0.0
20230130:1602,265.17,362.42,21.02,27.7,4.21,0.0
20230130:1702,119.22,184.32,8.83,25.7,3.72,0.0
20230130:1802,0.0,0.0,0.0,23.56,4.07,0.0
20230130:1902,0.0,0.0,0.0,21.76,3.72,0.0
20230130:2002,0.0,0.0,0.0,20.43,3.59,0.0
20230130:2102,0.0,0.0,0.0,19.27,3.59,0.0
20230130:2202,0.0,0.0,0.0,18.39,3.52,0.0
20230130:2302,0.0,0.0,0.0,17.68,3.38,0.0
20230131:0002,0.0,0.0,0.0,17.1,2.97,0.0
20230131:0102,0.0,0.0,0.0,16.7,2.69,0.0
20230131:0202,0.0,0.0,0.0,16.2,2.41,0.0
20230131:0302,0.0,0.0,0.0,15.81,2.28,0.0
20230131:0402,0.0,0.0,0.0,15.47,2.14,0.0
20230131:0502,144.01,207.31,10.46,15.99,2.0,0.0
20230131:0602,291.71,383.29,22.71,19.13,2.14,0.0
20230131:0702,406.96,528.53,35.15,22.72,1.86,0.0
20230131:0802,490.89,645.12,47.51,25.78,1.72,0.0
20230131:0902,547.53,741.57,59.34,28.43,0.9,0.0
20230131:1002,567.56,792.39,69.36,30.5,0.21,0.0
20230131:1102,578.35,809.59,73.52,32.07,0.55,0.0
20230131:1202,573.16,786.5,68.13,32.94,1.79,0.0
20230131:1302,536.21,724.41,57.7,32.91,2.69,0.0
20230131:1402,469.3,627.74,45.74,32.15,3.17,0.0
20230131:1502,376.32,504.36,33.35,30.89,3.38,0.0
20230131:1602,257.1,356.55,20.92,29.29,3.03,0.0
20230131:1702,112.07,176.67,8.71,27.5,2.41,0.0
20230131:1802,0.0,0.0,0.0,25.43,2.21,0.0
20230131:1902,0.0,0.0,0.0,23.24,2.55,0.0
20230131:2002,0.0,0.0,0.0,22.08,2.41,0.0
20230131:2102,0.0,0.0,0.0,21.14,2.48,0.0
20230131:2202,0.0,0.0,0.0,20.2,2.41,0.0
20230131:2302,0.0,0.0,0.0,19.36,2.14,0.0
20230201:0002,0.0,0.0,0.0,18.64,2.07,0.0
20230201:0102,0.0,0.0,0.0,17.83,2.07,0.0
20230201:0202,0.0,0.0,0.0,17.64,2.0,0.0
20230201:0302,0.0,0.0,0.0,17.41,2.0,0.0
20230201:0402,0.0,0.0,0.0,17.65,2.07,0.0
20230201:0502,127.53,186.84,10.27,18.13,1.93,0.0
20230201:0602,275.52,362.5,22.53,19.59,2.41,0.0
20230201:0702,382.18,490.21,34.97,21.32,2.41,0.0
20230201:0802,382.27,489.95,47.33,22.46,2.41,0.0
20230201:0902,557.88,720.82,59.14,24.05,2.69,0.0
20230201:1002,600.74,778.62,69.1,25.2,3.24,0.0
20230201:1102,616.8,798.64,73.24,25.72,3.72,0.0
20230201:1202,599.11,775.36,67.93,25.78,3.66,0.0
20230201:1302,552.69,714.01,57.56,25.94,3.66,0.0
20230201:1402,481.44,620.11,45.63,25.55,3.79,0.0
20230201:1502,382.75,495.89,33.24,24.44,3.86,0.0
20230201:1602,259.23,348.65,20.81,23.1,3.79,0.0
20230201:1702,113.06,174.17,8.59,21.74,3.59,0.0
20230201:1802,0.0,0.0,0.0,20.44,2.97,0.0
20230201:1902,0.0,0.0,0.0,19.69,2.76,0.0
20230201:2002,0.0,0.0,0.0,19.09,2.55,0.0
20230201:2102,0.0,0.0,0.0,18.6,2.55,0.0
20230201:2202,0.0,0.0,0.0,18.28,2.62,0.0
20230201:2302,0.0,0.0,0.0,17.85,2.34,0.0
20230202:0002,0.0,0.0,0.0,17.8,2.21,0.0
20230202:0102,0.0,0.0,0.0,17.39,1.86,0.0
20230202:0202,0.0,0.0,0.0,17.24,1.86,0.0
20230202:0302,0.0,0.0,0.0,16.82,1.93,0.0
20230202:0402,0.0,0.0,0.0,16.57,1.86,0.0
20230202:0502,135.71,199.07,10.09,16.97,1.72,0.0
20230202:0602,284.36,374.59,22.36,18.85,2.14,0.0
20230202:0702,408.53,526.31,34.8,20.7,1.86,0.0
20230202:0802,500.11,642.74,47.15,22.66,2.41,0.0
20230202:0902,573.56,738.07,58.93,23.88,3.1,0.0
20230202:1002,612.67,792.24,68.84,24.68,3.31,0.0
20230202:1102,618.42,803.67,72.96,25.45,3.31,0.0
20230202:1202,602.85,783.28,67.73,25.99,3.45,0.0
20230202:1302,558.33,721.57,57.42,25.83,3.66,0.0
20230202:1402,485.87,624.66,45.51,25.08,3.86,0.0
20230202:1502,386.31,499.3,33.13,23.9,4.0,0.0
20230202:1602,261.97,351.29,20.7,22.39,4.07,0.0
20230202:1702,111.96,172.29,8.47,20.51,3.86,0.0
20230202:1802,0.0,0.0,0.0,18.81,3.03,0.0
20230202:1902,0.0,0.0,0.0,18.14,3.17,0.0
20230202:2002,0.0,0.0,0.0,17.55,2.83,0.0
20230202:2102,0.0,0.0,0.0,17.0,2.69,0.0
20230202:2202,0.0,0.0,0.0,16.54,2.62,0.0
20230202:2302,0.0,0.0,0.0,16.16,2.48,0.0
20230203:0002,0.0,0.0,0.0,15.76,2.28,0.0
20230203:0102,0.0,0.0,0.0,15.45,2.07,0.0
20230203:0202,0.0,0.0,0.0,14.86,2.0,0.0
20230203:0302,0.0,0.0,0.0,14.34,1.93,0.0
20230203:0402,0.0,0.0,0.0,14.0,1.86,0.0
20230203:0502,135.11,197.51,9.9,14.6,1.79,0.0
20230203:0602,283.67,373.18,22.18,17.9,2.14,0.0
20230203:0702,400.83,516.59,34.62,21.28,2.21,0.0
20230203:0802,490.49,637.96,46.96,24.21,2.0,0.0
20230203:0902,554.34,733.15,58.72,26.82,1.93,0.0
20230203:1002,583.22,784.31,68.58,28.98,1.79,0.0
20230203:1102,593.8,802.07,72.67,30.49,2.14,0.0
20230203:1202,577.31,776.25,67.51,31.29,2.69,0.0
20230203:1302,535.87,714.15,57.27,31.41,3.31,0.0
20230203:1402,468.96,620.55,45.39,30.75,3.79,0.0
20230203:1502,371.93,494.41,33.01,29.49,4.07,0.0
20230203:1602,252.22,348.71,20.58,27.94,4.0,0.0
20230203:1702,104.46,166.67,8.34,26.15,3.59,0.0
20230203:1802,0.0,0.0,0.0,24.23,3.45,0.0
20230203:1902,0.0,0.0,0.0,22.82,3.31,0.0
20230203:2002,0.0,0.0,0.0,21.77,3.24,0.0
20230203:2102,0.0,0.0,0.0,20.74,3.17,0.0
20230203:2202,0.0,0.0,0.0,19.85,2.69,0.0
20230203:2302,0.0,0.0,0.0,19.04,2.34,0.0
20230204:0002,0.0,0.0,0.0,18.25,2.21,0.0
20230204:0102,0.0,0.0,0.0,17.65,2.14,0.0
20230204:0202,0.0,0.0,0.0,17.16,2.07,0.0
20230204:0302,0.0,0.0,0.0,16.85,2.0,0.0
20230204:0402,0.0,0.0,0.0,16.68,1.79,0.0
20230204:0502,126.8,189.53,9.72,17.29,1.38,0.0
20230204:0602,268.08,362.68,22.0,21.69,1.03,0.0
20230204:0702,385.02,509.5,34.45,25.41,1.59,0.0
20230204:0802,476.47,630.32,46.78,27.08,1.72,0.0
20230204:0902,539.1,722.34,58.51,29.09,1.72,0.0
20230204:1002,572.26,776.02,68.32,30.7,1.72,0.0
20230204:1102,578.29,790.66,72.37,32.03,1.72,0.0
20230204:1202,560.43,765.65,67.29,33.0,2.0,0.0
20230204:1302,517.42,701.2,57.11,33.29,2.48,0.0
20230204:1402,452.42,605.87,45.26,32.38,3.24,0.0
20230204:1502,358.62,479.65,32.89,29.78,3.31,0.0
20230204:1602,239.79,333.32,20.45,27.24,2.28,0.0
20230204:1702,98.39,158.52,8.2,25.5,1.31,0.0
20230204:1802,0.0,0.0,0.0,23.73,1.38,0.0
20230204:1902,0.0,0.0,0.0,21.96,1.59,0.0
20230204:2002,0.0,0.0,0.0,20.68,1.52,0.0
20230204:2102,0.0,0.0,0.0,20.09,1.52,0.0
20230204:2202,0.0,0.0,0.0,19.8,1.59,0.0
20230204:2302,0.0,0.0,0.0,19.55,1.38,0.0
20230205:0002,0.0,0.0,0.0,19.53,1.24,0.0
20230205:0102,0.0,0.0,0.0,19.49,1.17,0.0
20230205:0202,0.0,0.0,0.0,19.49,1.45,0.0
20230205:0302,0.0,0.0,0.0,19.43,1.59,0.0
20230205:0402,0.0,0.0,0.0,19.32,1.59,0.0
20230205:0502,18.92,37.03,9.53,19.55,1.52,0.0
20230205:0602,48.59,75.96,21.83,20.36,1.86,0.0
20230205:0702,178.23,234.45,34.27,21.63,2.48,0.0
20230205:0802,383.57,489.99,46.59,22.37,2.9,0.0
20230205:0902,294.4,379.25,58.3,23.54,3.31,0.0
20230205:1002,464.71,598.09,68.05,24.11,3.45,0.0
20230205:1102,584.66,752.25,72.07,24.59,3.79,0.0
20230205:1202,564.64,723.41,67.06,24.45,4.14,0.0
20230205:1302,500.85,637.43,56.94,23.61,4.34,0.0
20230205:1402,422.38,536.43,45.12,22.92,4.28,0.0
20230205:1502,365.13,469.48,32.76,22.67,4.34,0.0
20230205:1602,217.69,292.64,20.32,22.34,4.28,0.0
20230205:1702,82.44,131.31,8.06,21.72,4.0,0.0
20230205:1802,0.0,0.0,0.0,20.82,3.52,0.0
20230205:1902,0.0,0.0,0.0,20.66,3.1,0.0
20230205:2002,0.0,0.0,0.0,20.62,3.24,0.0
20230205:2102,0.0,0.0,0.0,20.7,3.17,0.0
20230205:2202,0.0,0.0,0.0,20.59,2.97,0.0
20230205:2302,0.0,0.0,0.0,20.3,2.9,0.0
20230206:0002,0.0,0.0,0.0,19.85,2.69,0.0
20230206:0102,0.0,0.0,0.0,19.69,2.55,0.0
20230206:0202,0.0,0.0,0.0,19.3,2.34,0.0
20230206:0302,0.0,0.0,0.0,19.18,2.21,0.0
20230206:0402,0.0,0.0,0.0,18.89,2.07,0.0
20230206:0502,105.82,161.83,9.34,19.36,2.07,0.0
20230206:0602,255.58,343.82,21.65,21.33,2.41,0.0
20230206:0702,0.0,0.0,0.0,24.06,2.34,0.0
20230206:0802,463.91,611.39,46.41,26.4,1.72,0.0
20230206:0902,409.95,550.23,58.08,28.32,0.9,0.0
20230206:1002,307.65,412.01,67.78,30.18,2.0,0.0
20230206:1102,384.96,516.02,71.77,30.87,2.34,0.0
20230206:1202,415.79,557.94,66.83,31.44,2.62,0.0
20230206:1302,481.74,643.68,56.77,31.15,2.83,0.0
20230206:1402,440.08,588.11,44.98,31.04,2.69,0.0
20230206:1502,348.93,469.69,32.63,29.96,2.76,0.0
20230206:1602,231.42,325.11,20.19,28.46,2.76,0.0
20230206:1702,90.07,148.1,7.91,26.42,2.34,0.0
20230206:1802,0.0,0.0,0.0,24.45,2.07,0.0
20230206:1902,0.0,0.0,0.0,23.28,2.0,0.0
20230206:2002,0.0,0.0,0.0,22.39,2.07,0.0
20230206:2102,0.0,0.0,0.0,21.75,1.93,0.0
20230206:2202,0.0,0.0,0.0,21.15,1.72,0.0
20230206:2302,0.0,0.0,0.0,20.69,1.52,0.0
20230207:0002,0.0,0.0,0.0,20.17,1.38,0.0
20230207:0102,0.0,0.0,0.0,19.94,1.52,0.0
20230207:0202,0.0,0.0,0.0,19.97,1.66,0.0
20230207:0302,0.0,0.0,0.0,20.09,1.86,0.0
20230207:0402,0.0,0.0,0.0,20.09,1.66,0.0
20230207:0502,59.06,93.89,9.16,20.51,1.86,0.0
20230207:0602,147.9,199.47,21.47,21.19,2.41,0.0
20230207:0702,367.08,473.71,33.92,22.09,2.97,0.0
20230207:0802,402.87,515.28,46.22,22.89,3.1,0.0
20230207:0902,507.82,653.95,57.87,24.6,3.31,0.0
20230207:1002,561.73,724.6,67.5,25.09,3.59,0.0
20230207:1102,530.55,687.72,71.46,25.91,3.79,0.0
20230207:1202,553.36,713.23,66.59,25.59,4.0,0.0
20230207:1302,473.95,608.98,56.59,25.59,4.41,0.0
20230207:1402,392.53,501.79,44.83,24.21,4.41,0.0
20230207:1502,327.54,422.96,32.49,23.44,4.34,0.0
20230207:1602,129.83,178.01,20.04,22.72,4.28,0.0
20230207:1702,79.36,128.95,7.76,21.86,3.72,0.0
20230207:1802,0.0,0.0,0.0,21.17,3.03,0.0
20230207:1902,0.0,0.0,0.0,21.5,3.38,0.0
20230207:2002,0.0,0.0,0.0,21.03,3.38,0.0
20230207:2102,0.0,0.0,0.0,20.46,3.24,0.0
20230207:2202,0.0,0.0,0.0,19.83,3.24,0.0
20230207:2302,0.0,0.0,0.0,19.25,3.24,0.0
20230208:0002,0.0,0.0,0.0,18.71,3.24,0.0
20230208:0102,0.0,0.0,0.0,18.23,3.17,0.0
20230208:0202,0.0,0.0,0.0,17.84,3.03,0.0
20230208:0302,0.0,0.0,0.0,17.5,2.97,0.0
20230208:0402,0.0,0.0,0.0,17.34,3.03,0.0
20230208:0502,108.8,167.67,8.97,17.83,3.24,0.0
20230208:0602,257.61,343.56,21.3,19.51,4.21,0.0
20230208:0702,380.56,490.21,33.74,22.29,3.86,0.0
20230208:0802,472.62,607.44,46.03,24.73,3.79,0.0
20230208:0902,536.58,698.97,57.65,26.98,3.31,0.0
20230208:1002,568.1,753.53,67.23,29.08,2.76,0.0
20230208:1102,572.65,769.47,71.14,30.62,2.41,0.0
20230208:1202,553.94,746.94,66.34,31.61,2.41,0.0
20230208:1302,509.22,683.52,56.4,32.09,2.83,0.0
20230208:1402,443.0,591.91,44.67,31.85,3.38,0.0
20230208:1502,348.42,469.73,32.34,30.96,3.86,0.0
20230208:1602,227.49,320.89,19.9,29.16,4.28,0.0
20230208:1702,88.07,147.45,7.6,26.61,3.86,0.0
20230208:1802,0.0,0.0,0.0,24.37,4.14,0.0
20230208:1902,0.0,0.0,0.0,23.15,3.52,0.0
20230208:2002,0.0,0.0,0.0,21.85,3.38,0.0
20230208:2102,0.0,0.0,0.0,20.72,3.31,0.0
20230208:2202,0.0,0.0,0.0,19.73,2.97,0.0
20230208:2302,0.0,0.0,0.0,18.95,2.55,0.0
20230209:0002,0.0,0.0,0.0,18.25,2.34,0.0
20230209:0102,0.0,0.0,0.0,17.64,2.14,0.0
20230209:0202,0.0,0.0,0.0,16.94,2.07,0.0
20230209:0302,0.0,0.0,0.0,16.43,2.0,0.0
20230209:0402,0.0,0.0,0.0,16.04,2.0,0.0
20230209:0502,104.03,161.15,8.79,16.43,1.86,0.0
20230209:0602,249.91,338.96,21.12,20.07,1.66,0.0
20230209:0702,364.35,482.4,33.57,24.43,1.52,0.0
20230209:0802,448.7,601.58,45.84,27.79,0.97,0.0
20230209:0902,504.99,696.35,57.43,30.12,0.21,0.0
20230209:1002,545.04,751.02,66.95,31.58,0.9,0.0
20230209:1102,557.97,766.04,70.82,32.56,1.52,0.0
20230209:1202,544.8,743.7,66.08,33.1,2.0,0.0
20230209:1302,501.73,679.73,56.21,33.14,2.41,0.0
20230209:1402,435.12,586.91,44.51,32.7,2.76,0.0
20230209:1502,338.72,460.94,32.19,31.82,3.1,0.0
20230209:1602,220.19,314.18,19.75,30.25,3.38,0.0
20230209:1702,81.76,139.47,7.44,28.16,3.17,0.0
20230209:1802,0.0,0.0,0.0,26.25,3.24,0.0
20230209:1902,0.0,0.0,0.0,24.75,2.9,0.0
20230209:2002,0.0,0.0,0.0,23.45,2.9,0.0
20230209:2102,0.0,0.0,0.0,22.31,2.9,0.0
20230209:2202,0.0,0.0,0.0,21.34,2.69,0.0
20230209:2302,0.0,0.0,0.0,20.49,2.34,0.0
20230210:0002,0.0,0.0,0.0,19.7,2.21,0.0
20230210:0102,0.0,0.0,0.0,19.04,2.21,0.0
20230210:0202,0.0,0.0,0.0,18.45,2.14,0.0
20230210:0302,0.0,0.0,0.0,18.18,2.07,0.0
20230210:0402,0.0,0.0,0.0,18.03,2.07,0.0
20230210:0502,96.96,153.43,8.6,18.53,2.21,0.0
20230210:0602,240.49,327.64,20.94,21.05,2.21,0.0
20230210:0702,360.93,475.2,33.39,24.97,2.76,0.0
20230210:0802,452.5,596.64,45.65,28.09,2.69,0.0
20230210:0902,511.12,686.04,57.2,30.7,2.14,0.0
20230210:1002,537.71,739.79,66.66,32.59,1.24,0.0
20230210:1102,544.49,758.12,70.5,33.93,1.03,0.0
20230210:1202,530.0,735.77,65.82,34.81,1.38,0.0
20230210:1302,485.89,669.79,56.01,35.22,1.79,0.0
20230210:1402,421.6,578.92,44.34,35.1,2.14,0.0
20230210:1502,328.38,455.57,32.04,34.48,2.41,0.0
20230210:1602,212.26,309.51,19.59,33.06,2.55,0.0
20230210:1702,74.2,130.26,7.28,30.94,2.41,0.0
20230210:1802,0.0,0.0,0.0,28.81,2.48,0.0
20230210:1902,0.0,0.0,0.0,26.8,2.69,0.0
20230210:2002,0.0,0.0,0.0,25.44,2.76,0.0
20230210:2102,0.0,0.0,0.0,24.22,2.55,0.0
20230210:2202,0.0,0.0,0.0,23.22,2.07,0.0
20230210:2302,0.0,0.0,0.0,22.28,2.07,0.0
20230211:0002,0.0,0.0,0.0,21.48,2.14,0.0
20230211:0102,0.0,0.0,0.0,20.88,2.14,0.0
20230211:0202,0.0,0.0,0.0,20.38,2.07,0.0
20230211:0302,0.0,0.0,0.0,20.02,2.07,0.0
20230211:0402,0.0,0.0,0.0,19.73,2.0,0.0
20230211:0502,98.8,159.9,8.42,20.1,1.86,0.0
20230211:0602,235.2,328.66,20.76,24.32,1.31,0.0
20230211:0702,345.37,471.8,33.21,29.47,1.1,0.0
20230211:0802,433.67,590.75,45.46,32.52,1.66,0.0
20230211:0902,502.51,685.14,56.98,34.07,2.28,0.0
20230211:1002,544.08,742.79,66.38,34.77,2.69,0.0
20230211:1102,556.59,758.01,70.17,34.84,3.03,0.0
20230211:1202,541.42,733.19,65.55,34.46,3.31,0.0
20230211:1302,498.9,671.75,55.8,33.84,3.45,0.0
20230211:1402,428.31,575.98,44.16,32.78,3.31,0.0
20230211:1502,332.31,454.13,31.87,31.58,2.76,0.0
20230211:1602,212.52,306.86,19.43,30.02,2.14,0.0
20230211:1702,72.82,127.48,7.1,27.87,1.66,0.0
20230211:1802,0.0,0.0,0.0,25.37,1.52,0.0
20230211:1902,0.0,0.0,0.0,23.91,1.38,0.0
20230211:2002,0.0,0.0,0.0,22.49,1.31,0.0
20230211:2102,0.0,0.0,0.0,21.58,1.31,0.0
20230211:2202,0.0,0.0,0.0,20.9,1.31,0.0
20230211:2302,0.0,0.0,0.0,20.33,1.31,0.0
20230212:0002,0.0,0.0,0.0,20.03,1.38,0.0
20230212:0102,0.0,0.0,0.0,19.48,1.45,0.0
20230212:0202,0.0,0.0,0.0,19.34,1.31,0.0
20230212:0302,0.0,0.0,0.0,19.29,1.17,0.0
20230212:0402,0.0,0.0,0.0,19.14,1.1,0.0
20230212:0502,28.01,49.91,8.23,19.18,1.17,0.0
20230212:0602,148.44,201.27,20.59,20.68,1.38,0.0
20230212:0702,280.69,367.8,33.03,22.08,0.69,0.0
20230212:0802,347.99,455.05,45.27,24.0,1.1,0.0
20230212:0902,435.12,572.82,56.75,25.74,1.59,0.0
20230212:1002,539.98,714.67,66.09,27.06,2.07,0.0
20230212:1102,568.54,750.9,69.84,27.65,2.55,0.0
20230212:1202,546.04,718.34,65.28,27.75,2.9,0.0
20230212:1302,509.26,665.1,55.59,27.41,3.31,0.0
20230212:1402,438.93,571.58,43.98,26.56,3.59,0.0
20230212:1502,340.49,449.53,31.7,25.41,3.66,0.0
20230212:1602,215.51,301.25,19.26,24.06,3.59,0.0
20230212:1702,76.56,131.83,6.93,22.79,3.24,0.0
20230212:1802,0.0,0.0,0.0,21.49,2.76,0.0
20230212:1902,0.0,0.0,0.0,20.69,2.34,0.0
20230212:2002,0.0,0.0,0.0,20.18,2.48,0.0
20230212:2102,0.0,0.0,0.0,19.84,2.14,0.0
20230212:2202,0.0,0.0,0.0,19.43,1.93,0.0
20230212:2302,0.0,0.0,0.0,18.95,1.66,0.0
20230213:0002,0.0,0.0,0.0,18.46,1.52,0.0
20230213:0102,0.0,0.0,0.0,18.23,1.52,0.0
20230213:0202,0.0,0.0,0.0,17.98,1.45,0.0
20230213:0302,0.0,0.0,0.0,17.7,1.38,0.0
20230213:0402,0.0,0.0,0.0,17.36,1.38,0.0
20230213:0502,77.0,125.04,8.05,17.53,1.31,0.0
20230213:0602,225.17,310.18,20.41,20.64,1.38,0.0
20230213:0702,341.01,456.54,32.85,23.62,0.41,0.0
20230213:0802,432.87,576.86,45.08,25.9,0.76,0.0
20230213:0902,502.46,671.09,56.52,27.67,1.31,0.0
20230213:1002,541.45,727.41,65.8,29.03,1.59,0.0
20230213:1102,551.92,743.27,69.51,30.01,1.86,0.0
20230213:1202,537.75,720.83,65.0,30.37,2.28,0.0
20230213:1302,495.09,657.88,55.37,29.97,2.76,0.0
20230213:1402,426.0,564.8,43.8,29.22,2.97,0.0
20230213:1502,328.59,442.34,31.53,28.21,2.97,0.0
20230213:1602,208.24,297.52,19.08,26.85,2.9,0.0
20230213:1702,66.69,118.21,6.75,25.16,2.62,0.0
20230213:1802,0.0,0.0,0.0,23.52,2.21,0.0
20230213:1902,0.0,0.0,0.0,22.4,2.34,0.0
20230213:2002,0.0,0.0,0.0,21.84,2.07,0.0
20230213:2102,0.0,0.0,0.0,21.29,1.86,0.0
20230213:2202,0.0,0.0,0.0,20.54,1.66,0.0
20230213:2302,0.0,0.0,0.0,19.93,1.45,0.0
20230214:0002,0.0,0.0,0.0,19.42,1.38,0.0
20230214:0102,0.0,0.0,0.0,18.81,1.24,0.0
20230214:0202,0.0,0.0,0.0,18.57,1.17,0.0
20230214:0302,0.0,0.0,0.0,18.57,1.03,0.0
20230214:0402,0.0,0.0,0.0,18.85,0.76,0.0
20230214:0502,43.02,72.86,7.86,19.05,0.41,0.0
20230214:0602,159.82,218.25,20.23,20.54,0.34,0.0
20230214:0702,332.46,437.48,32.67,23.18,2.07,0.0
20230214:0802,427.85,557.3,44.88,25.17,2.55,0.0
20230214:0902,488.12,634.91,56.29,26.01,2.97,0.0
20230214:1002,542.87,709.04,65.5,27.12,3.17,0.0
20230214:1102,561.0,735.48,69.17,28.07,3.31,0.0
20230214:1202,545.34,710.65,64.71,28.15,4.0,0.0
20230214:1302,502.69,651.92,55.14,27.77,4.41,0.0
20230214:1402,427.53,554.95,43.6,27.02,4.69,0.0
20230214:1502,326.5,430.99,31.35,25.73,4.9,0.0
20230214:1602,200.02,281.3,18.91,24.22,4.69,0.0
20230214:1702,59.63,105.56,6.56,22.75,4.14,0.0
20230214:1802,0.0,0.0,0.0,21.57,3.52,0.0
20230214:1902,0.0,0.0,0.0,21.47,3.03,0.0
20230214:2002,0.0,0.0,0.0,21.14,3.1,0.0
20230214:2102,0.0,0.0,0.0,20.77,2.62,0.0
20230214:2202,0.0,0.0,0.0,20.41,2.34,0.0
20230214:2302,0.0,0.0,0.0,19.97,2.14,0.0
20230215:0002,0.0,0.0,0.0,19.25,2.07,0.0
20230215:0102,0.0,0.0,0.0,18.68,2.07,0.0
20230215:0202,0.0,0.0,0.0,18.19,2.14,0.0
20230215:0302,0.0,0.0,0.0,18.15,2.28,0.0
20230215:0402,0.0,0.0,0.0,17.84,2.28,0.0
20230215:0502,79.6,133.49,7.68,18.25,2.48,0.0
20230215:0602,222.23,305.89,20.06,19.71,3.31,0.0
20230215:0702,345.06,448.59,32.5,21.81,3.66,0.0
20230215:0802,440.06,563.79,44.69,23.22,3.66,0.0
20230215:0902,512.11,657.01,56.06,24.43,3.66,0.0
20230215:1002,554.87,714.25,65.21,25.14,3.72,0.0
20230215:1102,567.33,727.82,68.83,25.4,4.41,0.0
20230215:1202,547.4,697.93,64.42,24.6,4.76,0.0
20230215:1302,490.52,626.51,54.91,25.02,4.97,0.0
20230215:1402,416.9,533.61,43.41,24.62,5.31,0.0
20230215:1502,278.98,362.3,31.17,23.69,5.38,0.0
20230215:1602,116.28,161.68,18.72,22.47,4.97,0.0
20230215:1702,47.3,84.82,6.37,21.28,4.48,0.0
20230215:1802,0.0,0.0,0.0,20.33,3.72,0.0
20230215:1902,0.0,0.0,0.0,20.16,3.66,0.0
20230215:2002,0.0,0.0,0.0,19.58,3.86,0.0
20230215:2102,0.0,0.0,0.0,19.23,3.72,0.0
20230215:2202,0.0,0.0,0.0,19.08,3.59,0.0
20230215:2302,0.0,0.0,0.0,18.76,3.45,0.0
20230216:0002,0.0,0.0,0.0,18.53,3.31,0.0
20230216:0102,0.0,0.0,0.0,18.51,3.38,0.0
20230216:0202,0.0,0.0,0.0,18.64,3.38,0.0
20230216:0302,0.0,0.0,0.0,18.87,3.38,0.0
20230216:0402,0.0,0.0,0.0,18.63,3.59,0.0
20230216:0502,76.96,131.17,7.5,18.86,3.86,0.0
20230216:0602,213.74,294.87,19.88,20.1,4.34,0.0
20230216:0702,337.72,437.98,32.32,21.9,4.69,0.0
20230216:0802,436.56,556.03,44.49,23.52,5.1,0.0
20230216:0902,510.04,647.79,55.83,24.44,5.24,0.0
20230216:1002,551.04,701.83,64.91,25.42,5.45,0.0
20230216:1102,562.24,719.42,68.48,26.35,5.45,0.0
20230216:1202,542.65,693.83,64.12,25.99,5.31,0.0
20230216:1302,493.91,632.82,54.67,25.97,5.1,0.0
20230216:1402,420.07,540.47,43.2,25.5,5.31,0.0
20230216:1502,320.26,421.31,30.98,24.22,5.03,0.0
20230216:1602,196.39,277.79,18.54,22.89,4.9,0.0
20230216:1702,57.49,105.23,6.17,21.73,4.62,0.0
20230216:1802,0.0,0.0,0.0,20.58,3.86,0.0
20230216:1902,0.0,0.0,0.0,20.02,4.21,0.0
20230216:2002,0.0,0.0,0.0,19.53,4.0,0.0
20230216:2102,0.0,0.0,0.0,19.3,4.48,0.0
20230216:2202,0.0,0.0,0.0,19.21,4.07,0.0
20230216:2302,0.0,0.0,0.0,19.12,3.79,0.0
20230217:0002,0.0,0.0,0.0,19.01,3.66,0.0
20230217:0102,0.0,0.0,0.0,18.93,3.66,0.0
20230217:0202,0.0,0.0,0.0,18.82,3.66,0.0
20230217:0302,0.0,0.0,0.0,18.74,3.52,0.0
20230217:0402,0.0,0.0,0.0,18.63,3.59,0.0
20230217:0502,39.98,69.62,7.31,18.69,3.17,0.0
20230217:0602,196.86,269.42,19.7,19.22,3.93,0.0
20230217:0702,293.34,376.4,32.14,20.33,4.07,0.0
20230217:0802,420.47,531.98,44.29,21.35,4.41,0.0
20230217:0902,510.3,643.15,55.59,22.23,4.69,0.0
20230217:1002,550.99,697.03,64.61,23.46,4.9,0.0
20230217:1102,561.83,712.99,68.13,24.23,5.03,0.0
20230217:1202,544.79,690.76,63.81,24.23,5.17,0.0
20230217:1302,496.71,628.92,54.43,23.54,5.1,0.0
20230217:1402,422.53,537.89,42.99,22.53,4.69,0.0
20230217:1502,317.47,414.08,30.78,21.84,4.83,0.0
20230217:1602,191.46,270.3,18.34,21.09,4.55,0.0
20230217:1702,51.85,96.08,5.97,20.31,4.07,0.0
20230217:1802,0.0,0.0,0.0,19.43,3.17,0.0
20230217:1902,0.0,0.0,0.0,19.03,3.31,0.0
20230217:2002,0.0,0.0,0.0,18.67,3.03,0.0
20230217:2102,0.0,0.0,0.0,18.35,3.17,0.0
20230217:2202,0.0,0.0,0.0,18.05,3.1,0.0
20230217:2302,0.0,0.0,0.0,17.85,3.1,0.0
20230218:0002,0.0,0.0,0.0,17.68,3.1,0.0
20230218:0102,0.0,0.0,0.0,17.57,3.03,0.0
20230218:0202,0.0,0.0,0.0,17.4,2.97,0.0
20230218:0302,0.0,0.0,0.0,17.23,2.9,0.0
20230218:0402,0.0,0.0,0.0,17.19,2.76,0.0
20230218:0502,68.79,119.97,7.13,17.33,2.55,0.0
20230218:0602,207.93,288.78,19.53,18.51,3.17,0.0
20230218:0702,331.16,432.34,31.96,20.89,3.1,0.0
20230218:0802,426.28,549.89,44.1,23.03,2.83,0.0
20230218:0902,488.87,637.72,55.35,25.34,2.28,0.0
20230218:1002,526.52,691.71,64.3,26.61,2.28,0.0
20230218:1102,521.82,689.11,67.78,27.75,2.48,0.0
20230218:1202,507.0,667.94,63.5,28.28,2.9,0.0
20230218:1302,475.97,625.04,54.18,28.37,3.24,0.0
20230218:1402,404.94,533.66,42.78,28.33,3.72,0.0
20230218:1502,307.19,413.17,30.58,26.93,4.0,0.0
20230218:1602,185.28,269.44,18.15,25.63,3.93,0.0
20230218:1702,50.01,96.19,5.77,23.82,3.45,0.0
20230218:1802,0.0,0.0,0.0,22.09,3.24,0.0
20230218:1902,0.0,0.0,0.0,20.96,3.1,0.0
20230218:2002,0.0,0.0,0.0,20.12,2.97,0.0
20230218:2102,0.0,0.0,0.0,19.3,2.83,0.0
20230218:2202,0.0,0.0,0.0,18.63,2.62,0.0
20230218:2302,0.0,0.0,0.0,17.96,2.34,0.0
20230219:0002,0.0,0.0,0.0,17.37,1.93,0.0
20230219:0102,0.0,0.0,0.0,16.73,1.66,0.0
20230219:0202,0.0,0.0,0.0,16.13,1.52,0.0
20230219:0302,0.0,0.0,0.0,15.66,1.38,0.0
20230219:0402,0.0,0.0,0.0,15.33,1.17,0.0
20230219:0502,66.53,117.08,6.95,15.59,1.03,0.0
20230219:0602,202.27,284.95,19.35,18.43,0.83,0.0
20230219:0702,321.09,428.1,31.78,21.26,0.69,0.0
20230219:0802,413.74,548.64,43.9,23.61,0.48,0.0
20230219:0902,485.64,638.84,55.12,25.56,1.66,0.0
20230219:1002,529.4,695.29,63.99,27.08,2.55,0.0
20230219:1102,543.23,711.22,67.43,27.68,3.24,0.0
20230219:1202,527.9,686.8,63.19,27.28,3.72,0.0
20230219:1302,484.34,625.5,53.92,26.0,4.0,0.0
20230219:1402,411.7,532.71,42.56,24.54,3.86,0.0
20230219:1502,306.2,406.02,30.38,23.27,3.45,0.0
20230219:1602,161.51,226.85,17.94,21.83,3.52,0.0
20230219:1702,39.01,77.58,5.56,19.91,3.52,0.0
20230219:1802,0.0,0.0,0.0,17.98,3.1,0.0
20230219:1902,0.0,0.0,0.0,17.13,3.1,0.0
20230219:2002,0.0,0.0,0.0,16.79,3.45,0.0
20230219:2102,0.0,0.0,0.0,16.51,3.86,0.0
20230219:2202,0.0,0.0,0.0,16.39,4.62,0.0
20230219:2302,0.0,0.0,0.0,16.26,4.55,0.0
20230220:0002,0.0,0.0,0.0,16.06,4.48,0.0
20230220:0102,0.0,0.0,0.0,16.09,4.48,0.0
20230220:0202,0.0,0.0,0.0,15.98,5.24,0.0
20230220:0302,0.0,0.0,0.0,15.62,5.86,0.0
20230220:0402,0.0,0.0,0.0,15.38,5.17,0.0
20230220:0502,0.6,7.29,6.77,15.45,6.07,0.0
20230220:0602,13.24,28.48,19.18,15.53,5.45,0.0
20230220:0702,122.7,162.35,31.6,15.82,4.83,0.0
20230220:0802,92.91,127.23,43.7,15.69,6.21,0.0
20230220:0902,253.23,314.41,54.87,15.18,4.55,0.0
20230220:1002,101.28,136.72,63.69,14.65,4.14,0.0
20230220:1102,100.5,135.77,67.07,14.42,3.59,0.0
20230220:1202,429.22,525.69,62.87,14.6,4.0,0.0
20230220:1302,465.66,570.64,53.66,15.65,4.69,0.0
20230220:1402,362.47,447.66,42.33,16.51,5.24,0.0
20230220:1502,266.92,336.59,30.17,15.96,5.03,0.0
20230220:1602,86.61,120.58,17.74,15.29,4.9,0.0
20230220:1702,6.96,18.99,5.35,14.52,3.1,0.0
20230220:1802,0.0,0.0,0.0,13.79,2.69,0.0
20230220:1902,0.0,0.0,0.0,13.94,2.21,0.0
20230220:2002,0.0,0.0,0.0,13.55,1.93,0.0
20230220:2102,0.0,0.0,0.0,13.63,1.59,0.0
20230220:2202,0.0,0.0,0.0,13.5,1.45,0.0
20230220:2302,0.0,0.0,0.0,13.36,1.59,0.0
20230221:0002,0.0,0.0,0.0,13.37,1.45,0.0
20230221:0102,0.0,0.0,0.0,13.18,1.38,0.0
20230221:0202,0.0,0.0,0.0,12.84,1.17,0.0
20230221:0302,0.0,0.0,0.0,12.81,0.9,0.0
20230221:0402,0.0,0.0,0.0,12.71,0.9,0.0
20230221:0502,21.88,40.07,6.59,12.89,1.03,0.0
20230221:0602,145.0,194.31,19.0,14.32,1.31,0.0
20230221:0702,253.48,321.13,31.42,15.15,1.72,0.0
20230221:0802,403.61,510.11,43.5,16.53,1.52,0.0
20230221:0902,421.56,532.16,54.63,17.52,1.72,0.0
20230221:1002,519.27,658.44,63.37,18.09,1.86,0.0
20230221:1102,494.35,630.86,66.71,19.53,2.0,0.0
20230221:1202,539.23,688.43,62.55,20.36,2.14,0.0
20230221:1302,489.86,624.86,53.39,20.58,2.34,0.0
20230221:1402,414.61,531.01,42.1,20.15,2.55,0.0
20230221:1502,307.91,406.18,29.95,19.51,2.28,0.0
20230221:1602,180.36,260.0,17.53,18.74,2.21,0.0
20230221:1702,37.49,78.24,5.13,17.53,2.34,0.0
20230221:1802,0.0,0.0,0.0,16.15,2.41,0.0
20230221:1902,0.0,0.0,0.0,15.52,2.21,0.0
20230221:2002,0.0,0.0,0.0,14.92,1.93,0.0
20230221:2102,0.0,0.0,0.0,14.3,1.79,0.0
20230221:2202,0.0,0.0,0.0,13.55,1.66,0.0
20230221:2302,0.0,0.0,0.0,12.95,1.59,0.0
20230222:0002,0.0,0.0,0.0,12.53,1.59,0.0
20230222:0102,0.0,0.0,0.0,12.04,1.59,0.0
20230222:0202,0.0,0.0,0.0,11.87,1.52,0.0
20230222:0302,0.0,0.0,0.0,11.69,1.52,0.0
20230222:0402,0.0,0.0,0.0,11.41,1.59,0.0
20230222:0502,16.63,32.79,6.41,11.33,1.59,0.0
20230222:0602,193.79,272.58,18.83,15.02,1.59,0.0
20230222:0702,315.87,413.79,31.24,17.63,1.52,0.0
20230222:0802,412.02,532.41,43.3,20.09,1.38,0.0
20230222:0902,476.39,624.21,54.39,22.34,0.76,0.0
20230222:1002,508.43,680.92,63.06,24.2,0.14,0.0
20230222:1102,522.8,695.89,66.34,25.5,0.9,0.0
20230222:1202,507.97,670.77,62.22,26.07,1.59,0.0
20230222:1302,463.44,608.64,53.12,26.03,2.07,0.0
20230222:1402,391.24,514.9,41.86,25.49,2.48,0.0
20230222:1502,291.1,393.76,29.73,24.62,2.76,0.0
20230222:1602,167.6,248.26,17.31,23.45,2.69,0.0
20230222:1702,30.9,67.87,4.91,22.05,2.41,0.0
20230222:1802,0.0,0.0,0.0,20.52,2.28,0.0
20230222:1902,0.0,0.0,0.0,20.0,2.28,0.0
20230222:2002,0.0,0.0,0.0,19.07,2.28,0.0
20230222:2102,0.0,0.0,0.0,18.16,2.21,0.0
20230222:2202,0.0,0.0,0.0,17.25,2.07,0.0
20230222:2302,0.0,0.0,0.0,16.45,2.07,0.0
20230223:0002,0.0,0.0,0.0,15.75,2.07,0.0
20230223:0102,0.0,0.0,0.0,15.25,2.14,0.0
20230223:0202,0.0,0.0,0.0,14.8,2.07,0.0
20230223:0302,0.0,0.0,0.0,14.42,2.07,0.0
20230223:0402,0.0,0.0,0.0,14.11,2.07,0.0
20230223:0502,15.73,31.88,6.23,14.16,2.0,0.0
20230223:0602,187.03,266.96,18.66,17.22,1.79,0.0
20230223:0702,307.1,409.69,31.06,20.83,1.45,0.0
20230223:0802,400.77,529.53,43.1,23.8,1.1,0.0
20230223:0902,464.18,621.76,54.14,26.24,0.62,0.0
20230223:1002,499.01,676.06,62.74,28.0,0.55,0.0
20230223:1102,513.25,691.69,65.97,28.96,1.24,0.0
20230223:1202,500.56,669.09,61.88,29.25,1.93,0.0
20230223:1302,456.35,605.52,52.84,28.89,2.55,0.0
20230223:1402,385.93,512.34,41.62,27.85,3.1,0.0
20230223:1502,286.89,390.92,29.51,26.24,3.52,0.0
20230223:1602,164.25,246.18,17.09,24.49,3.38,0.0
20230223:1702,28.12,64.38,4.68,22.8,2.83,0.0
20230223:1802,0.0,0.0,0.0,21.24,2.69,0.0
20230223:1902,0.0,0.0,0.0,20.53,2.34,0.0
20230223:2002,0.0,0.0,0.0,19.74,2.07,0.0
20230223:2102,0.0,0.0,0.0,18.66,2.0,0.0
20230223:2202,0.0,0.0,0.0,17.73,2.07,0.0
20230223:2302,0.0,0.0,0.0,17.02,2.07,0.0
20230224:0002,0.0,0.0,0.0,16.53,1.86,0.0
20230224:0102,0.0,0.0,0.0,16.04,1.86,0.0
20230224:0202,0.0,0.0,0.0,15.68,1.79,0.0
20230224:0302,0.0,0.0,0.0,15.42,1.66,0.0
20230224:0402,0.0,0.0,0.0,15.06,1.66,0.0
20230224:0502,15.01,30.97,6.06,14.88,1.66,0.0
20230224:0602,183.34,264.33,18.48,17.58,1.66,0.0
20230224:0702,305.26,405.7,30.88,20.54,2.21,0.0
20230224:0802,406.48,526.73,42.89,22.39,2.62,0.0
20230224:0902,479.61,618.59,53.89,23.7,2.9,0.0
20230224:1002,521.33,672.96,62.43,24.54,3.1,0.0
20230224:1102,533.15,688.45,65.6,24.97,3.31,0.0
20230224:1202,513.54,660.37,61.55,24.72,3.72,0.0
20230224:1302,470.17,602.66,52.56,23.87,3.93,0.0
20230224:1402,392.57,508.2,41.37,23.43,3.93,0.0
20230224:1502,289.84,388.18,29.28,22.3,3.93,0.0
20230224:1602,162.42,240.75,16.87,21.04,3.79,0.0
20230224:1702,25.71,59.25,4.45,19.67,3.17,0.0
20230224:1802,0.0,0.0,0.0,18.5,3.17,0.0
20230224:1902,0.0,0.0,0.0,17.71,2.76,0.0
20230224:2002,0.0,0.0,0.0,17.1,2.48,0.0
20230224:2102,0.0,0.0,0.0,16.59,2.48,0.0
20230224:2202,0.0,0.0,0.0,16.19,2.48,0.0
20230224:2302,0.0,0.0,0.0,16.03,2.48,0.0
20230225:0002,0.0,0.0,0.0,15.69,2.41,0.0
20230225:0102,0.0,0.0,0.0,15.52,2.34,0.0
20230225:0202,0.0,0.0,0.0,15.26,2.21,0.0
20230225:0302,0.0,0.0,0.0,15.17,2.14,0.0
20230225:0402,0.0,0.0,0.0,15.15,2.34,0.0
20230225:0502,15.64,31.88,5.88,15.25,2.28,0.0
20230225:0602,181.25,260.94,18.31,16.87,3.1,0.0
20230225:0702,301.24,393.25,30.7,18.6,3.72,0.0
20230225:0802,396.85,503.61,42.69,19.65,3.66,0.0
20230225:0902,478.85,605.43,53.65,20.57,3.59,0.0
20230225:1002,526.38,668.54,62.1,21.84,3.52,0.0
20230225:1102,536.38,683.8,65.23,22.74,3.59,0.0
20230225:1202,516.34,659.21,61.2,23.29,3.79,0.0
20230225:1302,466.79,596.29,52.27,23.37,4.21,0.0
20230225:1402,389.26,501.68,41.12,22.91,4.55,0.0
20230225:1502,284.37,380.35,29.05,22.15,4.62,0.0
20230225:1602,158.69,236.95,16.64,21.11,4.48,0.0
20230225:1702,22.37,54.01,4.22,19.72,3.72,0.0
20230225:1802,0.0,0.0,0.0,18.37,3.79,0.0
20230225:1902,0.0,0.0,0.0,17.45,3.93,0.0
20230225:2002,0.0,0.0,0.0,16.78,4.14,0.0
20230225:2102,0.0,0.0,0.0,16.22,4.07,0.0
20230225:2202,0.0,0.0,0.0,15.75,4.0,0.0
20230225:2302,0.0,0.0,0.0,15.3,3.86,0.0
20230226:0002,0.0,0.0,0.0,14.94,3.72,0.0
20230226:0102,0.0,0.0,0.0,14.28,3.52,0.0
20230226:0202,0.0,0.0,0.0,14.0,3.24,0.0
20230226:0302,0.0,0.0,0.0,13.68,3.03,0.0
20230226:0402,0.0,0.0,0.0,13.41,2.83,0.0
20230226:0502,13.84,29.15,5.7,13.4,2.55,0.0
20230226:0602,178.13,255.51,18.14,15.18,3.03,0.0
20230226:0702,303.02,398.18,30.52,18.07,3.1,0.0
20230226:0802,401.48,516.43,42.49,20.81,2.9,0.0
20230226:0902,472.08,610.59,53.39,23.42,2.55,0.0
20230226:1002,507.52,665.2,61.78,25.58,2.14,0.0
20230226:1102,515.11,683.19,64.86,27.27,1.86,0.0
20230226:1202,493.13,655.95,60.86,28.39,2.07,0.0
20230226:1302,446.98,594.14,51.98,28.85,2.55,0.0
20230226:1402,374.15,501.26,40.86,28.7,3.03,0.0
20230226:1502,272.53,378.73,28.81,27.9,3.31,0.0
20230226:1602,149.71,231.54,16.41,26.24,3.31,0.0
20230226:1702,20.12,51.5,3.98,24.0,3.52,0.0
20230226:1802,0.0,0.0,0.0,21.94,3.52,0.0
20230226:1902,0.0,0.0,0.0,20.13,3.66,0.0
20230226:2002,0.0,0.0,0.0,19.02,3.59,0.0
20230226:2102,0.0,0.0,0.0,18.07,3.45,0.0
20230226:2202,0.0,0.0,0.0,17.31,3.17,0.0
20230226:2302,0.0,0.0,0.0,16.66,2.9,0.0
20230227:0002,0.0,0.0,0.0,16.14,2.76,0.0
20230227:0102,0.0,0.0,0.0,15.77,2.69,0.0
20230227:0202,0.0,0.0,0.0,15.28,2.48,0.0
20230227:0302,0.0,0.0,0.0,14.77,2.34,0.0
20230227:0402,0.0,0.0,0.0,14.4,2.34,0.0
20230227:0502,13.77,29.15,5.53,14.4,2.48,0.0
20230227:0602,169.36,246.64,17.97,16.93,2.83,0.0
20230227:0702,291.29,387.86,30.34,20.51,3.38,0.0
20230227:0802,391.59,507.78,42.28,23.25,3.72,0.0
20230227:0902,463.92,600.43,53.14,25.61,3.93,0.0
20230227:1002,504.08,656.92,61.46,27.53,3.86,0.0
20230227:1102,514.17,674.13,64.48,28.93,3.93,0.0
20230227:1202,493.05,649.57,60.51,29.77,3.93,0.0
20230227:1302,442.54,585.94,51.68,29.94,3.86,0.0
20230227:1402,367.75,492.85,40.6,29.46,3.93,0.0
20230227:1502,264.73,369.28,28.57,28.36,3.93,0.0
20230227:1602,143.04,224.09,16.17,26.63,3.72,0.0
20230227:1702,19.99,55.32,3.74,24.49,3.59,0.0
20230227:1802,0.0,0.0,0.0,22.75,3.59,0.0
20230227:1902,0.0,0.0,0.0,21.5,3.38,0.0
20230227:2002,0.0,0.0,0.0,20.49,3.38,0.0
20230227:2102,0.0,0.0,0.0,19.51,3.31,0.0
20230227:2202,0.0,0.0,0.0,18.74,3.17,0.0
20230227:2302,0.0,0.0,0.0,18.3,2.97,0.0
20230228:0002,0.0,0.0,0.0,17.96,2.76,0.0
20230228:0102,0.0,0.0,0.0,17.73,2.62,0.0
20230228:0202,0.0,0.0,0.0,17.5,2.41,0.0
20230228:0302,0.0,0.0,0.0,17.49,2.62,0.0
20230228:0402,0.0,0.0,0.0,17.46,2.69,0.0
20230228:0502,12.92,28.23,5.35,17.38,2.55,0.0
20230228:0602,161.83,239.99,17.79,18.75,2.48,0.0
20230228:0702,282.58,381.16,30.15,21.63,2.48,0.0
20230228:0802,380.21,501.05,42.07,24.21,2.21,0.0
20230228:0902,448.34,591.03,52.89,26.54,2.21,0.0
20230228:1002,487.15,647.05,61.13,28.31,2.14,0.0
20230228:1102,496.55,662.44,64.1,29.48,2.28,0.0
20230228:1202,481.26,638.09,60.16,29.72,3.1,0.0
20230228:1302,441.29,580.63,51.38,28.87,4.14,0.0
20230228:1402,364.33,482.45,40.34,27.32,4.48,0.0
20230228:1502,260.97,359.98,28.32,25.92,4.41,0.0
20230228:1602,138.69,216.3,15.93,24.34,4.07,0.0
20230228:1702,17.1,50.22,3.5,22.62,3.31,0.0
20230228:1802,0.0,0.0,0.0,21.18,3.17,0.0
20230228:1902,0.0,0.0,0.0,20.53,3.31,0.0
20230228:2002,0.0,0.0,0.0,19.92,3.24,0.0
20230228:2102,0.0,0.0,0.0,19.51,3.24,0.0
20230228:2202,0.0,0.0,0.0,19.18,2.97,0.0
20230228:2302,0.0,0.0,0.0,18.96,2.76,0.0
20230301:0002,0.0,0.0,0.0,18.7,2.48,0.0
20230301:0102,0.0,0.0,0.0,18.16,2.28,0.0
20230301:0202,0.0,0.0,0.0,17.77,2.28,0.0
20230301:0302,0.0,0.0,0.0,17.53,2.34,0.0
20230301:0402,0.0,0.0,0.0,17.23,2.34,0.0
20230301:0502,13.56,29.15,5.18,17.09,2.28,0.0
20230301:0602,155.23,232.43,17.62,18.88,2.69,0.0
20230301:0702,276.17,373.63,29.97,21.73,2.83,0.0
20230301:0802,372.98,491.27,41.87,24.44,2.62,0.0
20230301:0902,441.44,581.79,52.63,26.93,2.48,0.0
20230301:1002,477.53,635.27,60.8,28.98,2.28,0.0
20230301:1102,485.55,652.66,63.72,30.48,2.0,0.0
20230301:1202,464.46,627.68,59.8,31.36,1.93,0.0
20230301:1302,419.85,566.96,51.08,31.51,2.41,0.0
20230301:1402,347.01,472.7,40.07,30.96,2.97,0.0
20230301:1502,248.0,352.34,28.07,29.84,3.45,0.0
20230301:1602,129.95,209.66,15.69,28.04,3.45,0.0
20230301:1702,10.65,32.94,3.25,25.87,3.24,0.0
20230301:1802,0.0,0.0,0.0,24.06,3.17,0.0
20230301:1902,0.0,0.0,0.0,22.35,3.03,0.0
20230301:2002,0.0,0.0,0.0,21.35,3.1,0.0
20230301:2102,0.0,0.0,0.0,20.38,2.9,0.0
20230301:2202,0.0,0.0,0.0,19.59,2.55,0.0
20230301:2302,0.0,0.0,0.0,18.84,2.41,0.0
20230302:0002,0.0,0.0,0.0,18.11,2.28,0.0
20230302:0102,0.0,0.0,0.0,17.57,2.28,0.0
20230302:0202,0.0,0.0,0.0,17.14,2.21,0.0
20230302:0302,0.0,0.0,0.0,16.78,2.07,0.0
20230302:0402,0.0,0.0,0.0,16.56,2.0,0.0
20230302:0502,11.11,25.5,5.01,16.52,1.86,0.0
20230302:0602,149.47,226.9,17.45,19.42,1.45,0.0
20230302:0702,264.32,366.26,29.79,24.33,1.45,0.0
20230302:0802,356.57,483.16,41.66,28.01,1.45,0.0
20230302:0902,423.22,571.91,52.38,30.29,1.66,0.0
20230302:1002,464.51,627.29,60.47,31.52,2.07,0.0
20230302:1102,476.29,642.0,63.34,31.91,2.41,0.0
20230302:1202,458.47,617.78,59.44,31.86,2.48,0.0
20230302:1302,410.92,556.72,50.77,31.7,2.21,0.0
20230302:1402,337.74,464.91,39.8,31.46,2.07,0.0
20230302:1502,237.61,342.91,27.82,30.84,2.0,0.0
20230302:1602,122.79,202.64,15.44,29.65,1.86,0.0
20230302:1702,8.62,29.42,3.0,27.9,1.45,0.0
20230302:1802,0.0,0.0,0.0,26.22,0.76,0.0
20230302:1902,0.0,0.0,0.0,24.44,0.62,0.0
20230302:2002,0.0,0.0,0.0,22.55,1.17,0.0
20230302:2102,0.0,0.0,0.0,21.16,1.59,0.0
20230302:2202,0.0,0.0,0.0,19.98,1.93,0.0
20230302:2302,0.0,0.0,0.0,19.02,2.07,0.0
20230303:0002,0.0,0.0,0.0,18.33,2.14,0.0
20230303:0102,0.0,0.0,0.0,17.69,2.34,0.0
20230303:0202,0.0,0.0,0.0,17.26,2.28,0.0
20230303:0302,0.0,0.0,0.0,16.91,2.41,0.0
20230303:0402,0.0,0.0,0.0,16.51,2.34,0.0
20230303:0502,7.54,20.04,4.84,16.39,2.21,0.0
20230303:0602,82.71,117.51,17.28,17.34,2.34,0.0
20230303:0702,117.0,158.28,29.61,18.65,2.34,0.0
20230303:0802,191.68,249.0,41.45,19.97,2.41,0.0
20230303:0902,205.21,267.39,52.12,21.74,2.48,0.0
20230303:1002,95.98,135.77,60.14,23.36,2.41,0.0
20230303:1102,322.94,419.34,62.95,24.45,2.41,0.0
20230303:1202,346.33,450.13,59.08,24.9,2.55,0.0
20230303:1302,253.32,330.75,50.45,24.48,2.55,0.0
20230303:1402,215.71,283.26,39.52,23.95,2.69,0.0
20230303:1502,240.86,334.1,27.56,23.22,2.69,0.0
20230303:1602,121.6,192.6,15.19,22.03,3.03,0.0
20230303:1702,6.03,22.01,2.75,20.59,2.76,0.0
20230303:1802,0.0,0.0,0.0,19.53,2.55,0.0
20230303:1902,0.0,0.0,0.0,19.14,2.48,0.0
20230303:2002,0.0,0.0,0.0,18.94,2.62,0.0
20230303:2102,0.0,0.0,0.0,18.79,2.55,0.0
20230303:2202,0.0,0.0,0.0,18.81,2.34,0.0
20230303:2302,0.0,0.0,0.0,18.61,2.21,0.0
20230304:0002,0.0,0.0,0.0,18.22,2.07,0.0
20230304:0102,0.0,0.0,0.0,18.31,2.0,0.0
20230304:0202,0.0,0.0,0.0,18.19,1.86,0.0
20230304:0302,0.0,0.0,0.0,18.15,1.66,0.0
20230304:0402,0.0,0.0,0.0,18.07,1.52,0.0
20230304:0502,12.24,27.32,4.67,18.08,1.31,0.0
20230304:0602,126.13,184.29,17.11,19.21,1.31,0.0
20230304:0702,249.77,339.1,29.43,20.74,1.66,0.0
20230304:0802,347.43,458.77,41.24,22.39,1.38,0.0
20230304:0902,180.61,241.16,51.86,24.15,1.24,0.0
20230304:1002,164.15,222.17,59.81,25.7,1.38,0.0
20230304:1102,203.02,272.49,62.57,26.25,0.76,0.0
20230304:1202,317.61,423.19,58.71,26.9,0.69,0.0
20230304:1302,95.47,137.67,50.14,26.73,0.69,0.0
20230304:1402,310.79,418.26,39.24,26.89,1.31,0.0
20230304:1502,104.97,148.78,27.3,25.84,1.38,0.0
20230304:1602,9.46,23.74,14.94,24.81,1.38,0.0
20230304:1702,4.76,20.33,2.5,23.84,1.17,0.0
20230304:1802,0.0,0.0,0.0,22.81,0.9,0.0
20230304:1902,0.0,0.0,0.0,20.97,0.48,0.0
20230304:2002,0.0,0.0,0.0,20.32,0.76,0.0
20230304:2102,0.0,0.0,0.0,19.67,0.83,0.0
20230304:2202,0.0,0.0,0.0,19.29,0.97,0.0
20230304:2302,0.0,0.0,0.0,19.23,1.24,0.0
20230305:0002,0.0,0.0,0.0,18.93,1.72,0.0
20230305:0102,0.0,0.0,0.0,18.46,1.79,0.0
20230305:0202,0.0,0.0,0.0,17.77,1.93,0.0
20230305:0302,0.0,0.0,0.0,17.14,1.59,0.0
20230305:0402,0.0,0.0,0.0,16.65,1.52,0.0
20230305:0502,0.24,6.38,4.5,16.35,1.86,0.0
20230305:0602,51.15,77.85,16.94,16.35,2.21,0.0
20230305:0702,148.68,193.78,29.25,16.19,3.86,0.0
20230305:0802,111.9,150.96,41.03,17.28,3.38,0.0
20230305:0902,91.57,127.23,51.59,18.05,3.59,0.0
20230305:1002,364.82,456.95,59.47,18.38,3.45,0.0
20230305:1102,159.31,208.88,62.18,19.43,3.45,0.0
20230305:1202,96.95,134.82,58.34,20.05,3.38,0.0
20230305:1302,53.72,81.65,49.81,18.53,3.24,0.0
20230305:1402,148.37,195.25,38.95,18.14,2.34,0.0
20230305:1502,113.52,153.23,27.03,17.16,2.28,0.0
20230305:1602,49.18,75.8,14.68,17.02,2.48,0.0
20230305:1702,1.13,8.54,2.24,16.9,2.34,0.0
20230305:1802,0.0,0.0,0.0,16.81,2.97,0.0
20230305:1902,0.0,0.0,0.0,16.78,2.28,0.0
20230305:2002,0.0,0.0,0.0,16.71,2.97,0.0
20230305:2102,0.0,0.0,0.0,16.6,2.9,0.0
20230305:2202,0.0,0.0,0.0,16.45,2.9,0.0
20230305:2302,0.0,0.0,0.0,16.31,2.83,0.0
20230306:0002,0.0,0.0,0.0,16.18,3.1,0.0
20230306:0102,0.0,0.0,0.0,16.05,2.83,0.0
20230306:0202,0.0,0.0,0.0,16.02,2.9,0.0
20230306:0302,0.0,0.0,0.0,16.03,2.83,0.0
20230306:0402,0.0,0.0,0.0,16.05,2.76,0.0
20230306:0502,1.83,10.02,4.33,16.15,2.69,0.0
20230306:0602,114.73,162.95,16.77,16.68,2.97,0.0
20230306:0702,255.56,346.82,29.07,17.71,3.1,0.0
20230306:0802,344.89,440.11,40.82,18.7,3.79,0.0
20230306:0902,419.49,528.07,51.33,19.39,4.21,0.0
20230306:1002,393.29,494.02,59.13,19.5,3.93,0.0
20230306:1102,475.75,596.98,61.79,19.81,4.21,0.0
20230306:1202,461.86,579.8,57.97,20.09,4.55,0.0
20230306:1302,411.11,519.22,49.49,20.19,4.83,0.0
20230306:1402,327.08,420.54,38.66,19.84,4.55,0.0
20230306:1502,232.41,323.19,26.77,19.8,4.55,0.0
20230306:1602,108.27,179.5,14.42,19.56,4.14,0.0
20230306:1702,1.11,8.54,1.98,18.72,3.72,0.0
20230306:1802,0.0,0.0,0.0,17.87,3.45,0.0
20230306:1902,0.0,0.0,0.0,17.38,3.66,0.0
20230306:2002,0.0,0.0,0.0,16.95,3.66,0.0
20230306:2102,0.0,0.0,0.0,16.54,3.72,0.0
20230306:2202,0.0,0.0,0.0,16.35,3.86,0.0
20230306:2302,0.0,0.0,0.0,16.09,4.0,0.0
20230307:0002,0.0,0.0,0.0,15.7,3.93,0.0
20230307:0102,0.0,0.0,0.0,15.46,3.79,0.0
20230307:0202,0.0,0.0,0.0,15.53,3.79,0.0
20230307:0302,0.0,0.0,0.0,15.48,3.93,0.0
20230307:0402,0.0,0.0,0.0,15.45,3.86,0.0
20230307:0502,8.76,21.86,4.16,15.5,3.86,0.0
20230307:0602,129.9,204.59,16.61,16.53,3.79,0.0
20230307:0702,250.4,340.77,28.89,18.56,4.62,0.0
20230307:0802,353.15,458.1,40.61,20.64,4.28,0.0
20230307:0902,423.9,545.44,51.07,22.77,3.72,0.0
20230307:1002,396.1,511.59,58.8,24.42,3.31,0.0
20230307:1102,121.7,168.05,61.4,24.81,3.1,0.0
20230307:1202,57.46,88.3,57.6,23.95,2.28,0.0
20230307:1302,162.45,217.42,49.16,23.54,2.0,0.0
20230307:1402,332.18,443.48,38.37,23.01,2.62,0.0
20230307:1502,60.2,91.15,26.5,22.65,3.38,0.0
20230307:1602,14.66,31.33,14.16,22.42,2.97,0.0
20230307:1702,0.0,0.95,1.71,21.29,2.28,0.0
20230307:1802,0.0,0.0,0.0,20.17,1.45,0.0
20230307:1902,0.0,0.0,0.0,19.69,1.72,0.0
20230307:2002,0.0,0.0,0.0,19.06,1.79,0.0
20230307:2102,0.0,0.0,0.0,18.33,2.07,0.0
20230307:2202,0.0,0.0,0.0,17.62,2.48,0.0
20230307:2302,0.0,0.0,0.0,16.93,2.55,0.0
20230308:0002,0.0,0.0,0.0,16.22,2.34,0.0
20230308:0102,0.0,0.0,0.0,15.67,2.41,0.0
20230308:0202,0.0,0.0,0.0,15.17,2.69,0.0
20230308:0302,0.0,0.0,0.0,14.71,3.1,0.0
20230308:0402,0.0,0.0,0.0,14.52,3.59,0.0
20230308:0502,5.92,17.31,3.99,14.49,3.45,0.0
20230308:0602,49.93,75.96,16.44,15.57,4.97,0.0
20230308:0702,97.29,132.92,28.7,16.49,5.24,0.0
20230308:0802,177.82,228.67,40.4,17.92,5.17,0.0
20230308:0902,175.98,227.87,50.8,19.31,5.1,0.0
20230308:1002,69.49,101.59,58.46,20.43,4.97,0.0
20230308:1102,88.73,125.33,61.01,21.21,4.83,0.0
20230308:1202,184.44,240.21,57.22,21.2,4.48,0.0
20230308:1302,191.07,248.38,48.83,21.34,4.41,0.0
20230308:1402,259.35,333.01,38.07,21.11,4.07,0.0
20230308:1502,202.78,273.52,26.22,21.02,3.93,0.0
20230308:1602,84.9,128.25,13.89,20.2,3.38,0.0
20230308:1702,0.0,1.9,1.45,18.84,2.69,0.0
20230308:1802,0.0,0.0,0.0,17.31,2.34,0.0
20230308:1902,0.0,0.0,0.0,16.51,2.69,0.0
20230308:2002,0.0,0.0,0.0,15.99,2.83,0.0
20230308:2102,0.0,0.0,0.0,15.69,2.97,0.0
20230308:2202,0.0,0.0,0.0,15.31,2.97,0.0
20230308:2302,0.0,0.0,0.0,15.13,3.03,0.0
20230309:0002,0.0,0.0,0.0,15.13,3.31,0.0
20230309:0102,0.0,0.0,0.0,14.93,3.31,0.0
20230309:0202,0.0,0.0,0.0,14.64,3.03,0.0
20230309:0302,0.0,0.0,0.0,14.94,3.24,0.0
20230309:0402,0.0,0.0,0.0,14.7,3.1,0.0
20230309:0502,0.0,5.46,3.83,14.91,3.1,0.0
20230309:0602,36.92,59.81,16.27,15.34,4.14,0.0
20230309:0702,48.14,74.06,28.52,16.48,4.48,0.0
20230309:0802,122.81,163.3,40.18,16.79,4.21,0.0
20230309:0902,147.66,192.74,50.53,16.94,3.79,0.0
20230309:1002,126.22,167.1,58.11,16.08,3.1,0.0
20230309:1102,148.11,192.74,60.61,16.24,3.66,0.0
20230309:1202,213.49,270.2,56.84,16.66,3.59,0.0
20230309:1302,246.69,310.5,48.49,16.73,3.03,0.0
20230309:1402,125.39,167.1,37.78,17.32,2.83,0.0
20230309:1502,44.78,70.26,25.94,17.42,2.55,0.0
20230309:1602,54.79,83.64,13.62,17.61,2.0,0.0
20230309:1702,0.0,0.0,0.0,17.18,1.24,0.0
20230309:1802,0.0,0.0,0.0,16.79,0.69,0.0
20230309:1902,0.0,0.0,0.0,16.56,0.69,0.0
20230309:2002,0.0,0.0,0.0,16.35,0.69,0.0
20230309:2102,0.0,0.0,0.0,16.5,0.62,0.0
20230309:2202,0.0,0.0,0.0,16.52,0.69,0.0
20230309:2302,0.0,0.0,0.0,16.66,0.48,0.0
20230310:0002,0.0,0.0,0.0,16.26,0.28,0.0
20230310:0102,0.0,0.0,0.0,15.83,0.21,0.0
20230310:0202,0.0,0.0,0.0,15.25,0.21,0.0
20230310:0302,0.0,0.0,0.0,14.3,0.48,0.0
20230310:0402,0.0,0.0,0.0,13.16,0.69,0.0
20230310:0502,7.71,20.04,3.66,12.45,0.83,0.0
20230310:0602,64.12,93.46,16.1,14.41,0.97,0.0
20230310:0702,209.89,272.93,28.34,15.48,1.38,0.0
20230310:0802,319.06,407.13,39.97,17.28,2.14,0.0
20230310:0902,381.66,484.77,50.26,19.4,2.69,0.0
20230310:1002,355.19,451.57,57.77,21.0,3.17,0.0
20230310:1102,333.97,426.27,60.22,22.07,3.45,0.0
20230310:1202,438.96,562.68,56.46,22.55,3.59,0.0
20230310:1302,396.53,513.28,48.16,22.41,3.66,0.0
20230310:1402,315.11,419.12,37.47,21.73,3.66,0.0
20230310:1502,207.62,298.09,25.66,20.61,3.52,0.0
20230310:1602,89.25,158.38,13.35,19.11,3.03,0.0
20230310:1702,0.0,0.0,0.0,17.46,2.21,0.0
20230310:1802,0.0,0.0,0.0,16.21,1.66,0.0
20230310:1902,0.0,0.0,0.0,15.44,1.59,0.0
20230310:2002,0.0,0.0,0.0,14.69,1.52,0.0
20230310:2102,0.0,0.0,0.0,14.12,1.72,0.0
20230310:2202,0.0,0.0,0.0,13.78,1.93,0.0
20230310:2302,0.0,0.0,0.0,13.69,2.14,0.0
20230311:0002,0.0,0.0,0.0,13.98,2.14,0.0
20230311:0102,0.0,0.0,0.0,14.71,2.21,0.0
20230311:0202,0.0,0.0,0.0,15.17,2.28,0.0
20230311:0302,0.0,0.0,0.0,15.26,1.86,0.0
20230311:0402,0.0,0.0,0.0,14.51,1.86,0.0
20230311:0502,2.31,10.93,3.5,14.39,1.72,0.0
20230311:0602,52.35,78.8,15.94,14.62,1.93,0.0
20230311:0702,199.47,257.85,28.16,14.86,1.86,0.0
20230311:0802,234.36,295.68,39.75,15.94,2.62,0.0
20230311:0902,235.49,298.14,49.99,17.08,2.48,0.0
20230311:1002,397.87,501.57,57.43,18.24,2.55,0.0
20230311:1102,398.64,503.58,59.82,18.86,2.62,0.0
20230311:1202,345.24,436.71,56.08,19.3,2.69,0.0
20230311:1302,393.04,504.74,47.82,19.1,2.62,0.0
20230311:1402,309.3,408.92,37.17,18.86,2.69,0.0
20230311:1502,201.66,288.89,25.38,18.25,2.83,0.0
20230311:1602,84.95,150.38,13.08,17.55,2.83,0.0
20230311:1702,0.0,0.0,0.0,16.42,2.69,0.0
20230311:1802,0.0,0.0,0.0,15.38,2.62,0.0
20230311:1902,0.0,0.0,0.0,14.92,2.76,0.0
20230311:2002,0.0,0.0,0.0,14.55,2.83,0.0
20230311:2102,0.0,0.0,0.0,14.32,2.97,0.0
20230311:2202,0.0,0.0,0.0,13.95,2.83,0.0
20230311:2302,0.0,0.0,0.0,13.55,2.76,0.0
20230312:0002,0.0,0.0,0.0,13.38,2.69,0.0
20230312:0102,0.0,0.0,0.0,12.82,2.62,0.0
20230312:0202,0.0,0.0,0.0,12.56,2.55,0.0
20230312:0302,0.0,0.0,0.0,12.14,2.34,0.0
20230312:0402,0.0,0.0,0.0,11.76,2.0,0.0
20230312:0502,6.04,17.31,3.33,11.26,1.93,0.0
20230312:0602,110.34,182.71,15.77,13.2,1.72,0.0
20230312:0702,228.51,318.74,27.97,16.31,2.14,0.0
20230312:0802,330.97,436.74,39.54,18.69,1.86,0.0
20230312:0902,401.32,524.75,49.72,20.94,1.38,0.0
20230312:1002,438.72,579.51,57.08,22.85,0.76,0.0
20230312:1102,442.73,593.53,59.43,24.37,0.21,0.0
20230312:1202,420.81,566.35,55.69,25.37,0.34,0.0
20230312:1302,372.68,503.45,47.48,25.95,0.9,0.0
20230312:1402,295.17,408.88,36.86,26.04,1.45,0.0
20230312:1502,190.47,286.01,25.1,25.61,1.93,0.0
20230312:1602,78.23,147.82,12.81,24.46,2.0,0.0
20230312:1702,0.0,0.0,0.0,22.48,1.79,0.0
20230312:1802,0.0,0.0,0.0,20.73,1.72,0.0
20230312:1902,0.0,0.0,0.0,19.12,2.0,0.0
20230312:2002,0.0,0.0,0.0,17.73,2.0,0.0
20230312:2102,0.0,0.0,0.0,16.66,2.0,0.0
20230312:2202,0.0,0.0,0.0,15.69,1.93,0.0
20230312:2302,0.0,0.0,0.0,14.85,2.0,0.0
20230313:0002,0.0,0.0,0.0,14.24,2.0,0.0
20230313:0102,0.0,0.0,0.0,13.81,2.0,0.0
20230313:0202,0.0,0.0,0.0,13.54,2.0,0.0
20230313:0302,0.0,0.0,0.0,13.39,1.86,0.0
20230313:0402,0.0,0.0,0.0,13.33,1.86,0.0
20230313:0502,5.96,17.31,3.17,13.28,1.79,0.0
20230313:0602,103.58,175.01,15.6,15.38,1.45,0.0
20230313:0702,216.16,309.88,27.79,19.99,1.38,0.0
20230313:0802,312.06,423.6,39.32,23.05,1.17,0.0
20230313:0902,381.79,512.09,49.45,25.37,1.1,0.0
20230313:1002,423.26,567.4,56.74,26.98,1.24,0.0
20230313:1102,432.0,580.91,59.03,28.04,1.31,0.0
20230313:1202,409.45,552.68,55.31,28.71,1.45,0.0
20230313:1302,360.6,490.26,47.13,28.86,1.86,0.0
20230313:1402,284.2,396.72,36.55,28.3,2.48,0.0
20230313:1502,182.01,276.69,24.81,26.94,3.03,0.0
20230313:1602,72.7,139.93,12.53,25.0,3.1,0.0
20230313:1702,0.0,0.0,0.0,22.73,3.03,0.0
20230313:1802,0.0,0.0,0.0,21.02,3.1,0.0
20230313:1902,0.0,0.0,0.0,19.94,3.17,0.0
20230313:2002,0.0,0.0,0.0,19.14,3.31,0.0
20230313:2102,0.0,0.0,0.0,18.64,3.38,0.0
20230313:2202,0.0,0.0,0.0,18.3,3.45,0.0
20230313:2302,0.0,0.0,0.0,18.06,3.45,0.0
20230314:0002,0.0,0.0,0.0,17.86,3.24,0.0
20230314:0102,0.0,0.0,0.0,17.28,3.1,0.0
20230314:0202,0.0,0.0,0.0,17.17,2.9,0.0
20230314:0302,0.0,0.0,0.0,17.25,2.76,0.0
20230314:0402,0.0,0.0,0.0,17.43,2.48,0.0
20230314:0502,4.74,15.48,3.01,17.49,2.34,0.0
20230314:0602,97.43,169.68,15.44,18.31,2.21,0.0
20230314:0702,210.92,302.72,27.61,20.54,2.9,0.0
20230314:0802,310.6,416.72,39.1,22.53,3.03,0.0
20230314:0902,382.68,504.5,49.17,24.79,3.03,0.0
20230314:1002,424.55,559.7,56.39,26.52,2.9,0.0
20230314:1102,433.63,572.67,58.63,27.69,3.17,0.0
20230314:1202,410.88,544.56,54.92,28.23,3.52,0.0
20230314:1302,360.61,483.48,46.78,28.22,3.86,0.0
20230314:1402,280.01,388.61,36.24,27.68,4.0,0.0
20230314:1502,176.79,269.14,24.52,26.39,4.14,0.0
20230314:1602,68.0,132.85,12.25,24.64,4.0,0.0
20230314:1702,0.0,0.0,0.0,22.81,4.07,0.0
20230314:1802,0.0,0.0,0.0,21.7,4.07,0.0
20230314:1902,0.0,0.0,0.0,20.8,4.48,0.0
20230314:2002,0.0,0.0,0.0,20.38,4.55,0.0
20230314:2102,0.0,0.0,0.0,20.35,4.48,0.0
20230314:2202,0.0,0.0,0.0,20.36,4.14,0.0
20230314:2302,0.0,0.0,0.0,20.34,3.93,0.0
20230315:0002,0.0,0.0,0.0,20.02,3.66,0.0
20230315:0102,0.0,0.0,0.0,20.14,3.72,0.0
20230315:0202,0.0,0.0,0.0,20.23,3.52,0.0
20230315:0302,0.0,0.0,0.0,20.32,3.38,0.0
20230315:0402,0.0,0.0,0.0,20.34,3.1,0.0
20230315:0502,4.13,14.57,2.85,20.58,3.24,0.0
20230315:0602,90.58,160.09,15.27,21.43,2.9,0.0
20230315:0702,198.99,289.63,27.42,23.26,4.07,0.0
20230315:0802,297.92,403.61,38.88,25.34,4.76,0.0
20230315:0902,370.53,488.37,48.9,26.54,5.03,0.0
20230315:1002,411.76,539.21,56.04,27.79,5.24,0.0
20230315:1102,422.77,553.33,58.23,28.3,5.38,0.0
20230315:1202,400.45,527.03,54.53,28.59,5.38,0.0
20230315:1302,349.13,465.35,46.44,28.1,5.38,0.0
20230315:1402,270.66,373.28,35.93,26.52,5.45,0.0
20230315:1502,168.76,256.61,24.23,25.04,5.24,0.0
20230315:1602,63.36,123.94,11.97,23.6,4.9,0.0
20230315:1702,0.0,0.0,0.0,22.24,4.83,0.0
20230315:1802,0.0,0.0,0.0,21.38,5.03,0.0
20230315:1902,0.0,0.0,0.0,20.69,5.38,0.0
20230315:2002,0.0,0.0,0.0,20.31,4.97,0.0
20230315:2102,0.0,0.0,0.0,20.04,4.41,0.0
20230315:2202,0.0,0.0,0.0,19.88,4.14,0.0
20230315:2302,0.0,0.0,0.0,19.82,3.93,0.0
20230316:0002,0.0,0.0,0.0,19.69,3.17,0.0
20230316:0102,0.0,0.0,0.0,19.56,2.69,0.0
20230316:0202,0.0,0.0,0.0,19.05,2.55,0.0
20230316:0302,0.0,0.0,0.0,18.61,2.41,0.0
20230316:0402,0.0,0.0,0.0,18.12,1.86,0.0
20230316:0502,0.58,7.29,2.69,17.68,1.31,0.0
20230316:0602,86.75,154.33,15.1,19.43,1.1,0.0
20230316:0702,191.29,283.73,27.24,23.26,1.38,0.0
20230316:0802,282.07,393.9,38.66,27.13,1.17,0.0
20230316:0902,349.29,480.5,48.62,29.94,1.24,0.0
20230316:1002,387.03,530.57,55.69,31.73,1.52,0.0
20230316:1102,392.63,540.12,57.83,33.04,1.59,0.0
20230316:1202,373.35,517.0,54.14,33.91,1.72,0.0
20230316:1302,324.77,454.4,46.08,34.07,2.0,0.0
20230316:1402,250.68,362.93,35.61,33.52,2.07,0.0
20230316:1502,155.53,247.07,23.94,32.24,2.0,0.0
20230316:1602,58.45,116.24,11.69,30.37,1.93,0.0
20230316:1702,0.0,0.0,0.0,28.51,1.79,0.0
20230316:1802,0.0,0.0,0.0,27.06,1.03,0.0
20230316:1902,0.0,0.0,0.0,27.2,0.48,0.0
20230316:2002,0.0,0.0,0.0,26.02,0.76,0.0
20230316:2102,0.0,0.0,0.0,23.07,1.52,0.0
20230316:2202,0.0,0.0,0.0,21.68,1.79,0.0
20230316:2302,0.0,0.0,0.0,20.48,1.86,0.0
20230317:0002,0.0,0.0,0.0,19.53,2.07,0.0
20230317:0102,0.0,0.0,0.0,18.63,2.14,0.0
20230317:0202,0.0,0.0,0.0,18.04,2.14,0.0
20230317:0302,0.0,0.0,0.0,17.57,2.14,0.0
20230317:0402,0.0,0.0,0.0,17.03,2.28,0.0
20230317:0502,0.0,4.55,2.53,16.74,2.62,0.0
20230317:0602,46.39,72.16,14.94,17.14,2.97,0.0
20230317:0702,83.74,117.73,27.05,17.6,2.97,0.0
20230317:0802,107.91,147.16,38.44,18.66,3.1,0.0
20230317:0902,126.06,169.95,48.34,20.27,3.17,0.0
20230317:1002,115.75,158.56,55.34,21.77,3.38,0.0
20230317:1102,93.93,132.92,57.44,23.12,3.38,0.0
20230317:1202,88.05,126.28,53.75,24.08,3.17,0.0
20230317:1302,128.96,176.6,45.73,24.34,3.03,0.0
20230317:1402,233.49,308.56,35.3,24.23,2.9,0.0
20230317:1502,108.29,151.28,23.64,23.2,2.83,0.0
20230317:1602,60.56,108.16,11.41,21.63,2.69,0.0
20230317:1702,0.0,0.0,0.0,19.67,2.0,0.0
20230317:1802,0.0,0.0,0.0,18.56,1.66,0.0
20230317:1902,0.0,0.0,0.0,17.73,1.66,0.0
20230317:2002,0.0,0.0,0.0,17.47,1.59,0.0
20230317:2102,0.0,0.0,0.0,17.17,1.59,0.0
20230317:2202,0.0,0.0,0.0,17.18,2.0,0.0
20230317:2302,0.0,0.0,0.0,16.68,1.72,0.0
20230318:0002,0.0,0.0,0.0,16.45,1.93,0.0
20230318:0102,0.0,0.0,0.0,16.54,2.14,0.0
20230318:0202,0.0,0.0,0.0,16.53,2.34,0.0
20230318:0302,0.0,0.0,0.0,16.19,2.21,0.0
20230318:0402,0.0,0.0,0.0,15.97,2.21,0.0
20230318:0502,0.0,1.82,2.37,15.64,2.34,0.0
20230318:0602,82.42,120.88,14.77,15.99,2.55,0.0
20230318:0702,174.61,229.31,26.87,16.95,2.97,0.0
20230318:0802,183.44,236.58,38.22,17.92,3.03,0.0
20230318:0902,185.97,239.77,48.07,18.5,3.38,0.0
20230318:1002,240.65,306.31,54.99,19.43,3.66,0.0
20230318:1102,253.3,322.49,57.04,20.1,3.79,0.0
20230318:1202,356.3,451.44,53.36,20.41,3.79,0.0
20230318:1302,342.32,441.46,45.38,20.72,3.86,0.0
20230318:1402,248.19,323.1,34.98,20.7,3.59,0.0
20230318:1502,155.27,243.32,23.34,20.27,3.24,0.0
20230318:1602,57.19,95.88,11.12,19.6,2.76,0.0
20230318:1702,0.0,0.0,0.0,18.62,1.93,0.0
20230318:1802,0.0,0.0,0.0,17.63,1.52,0.0
20230318:1902,0.0,0.0,0.0,16.52,1.31,0.0
20230318:2002,0.0,0.0,0.0,15.91,0.9,0.0
20230318:2102,0.0,0.0,0.0,15.75,0.97,0.0
20230318:2202,0.0,0.0,0.0,15.25,1.1,0.0
20230318:2302,0.0,0.0,0.0,14.93,1.17,0.0
20230319:0002,0.0,0.0,0.0,14.82,1.17,0.0
20230319:0102,0.0,0.0,0.0,14.83,1.03,0.0
20230319:0202,0.0,0.0,0.0,14.28,1.17,0.0
20230319:0302,0.0,0.0,0.0,13.79,1.31,0.0
20230319:0402,0.0,0.0,0.0,13.55,1.38,0.0
20230319:0502,2.33,10.93,2.21,13.42,1.38,0.0
20230319:0602,81.78,142.29,14.61,14.84,1.66,0.0
20230319:0702,186.56,270.98,26.68,16.95,2.83,0.0
20230319:0802,285.76,381.3,38.0,18.82,3.59,0.0
20230319:0902,359.24,463.82,47.79,20.44,3.66,0.0
20230319:1002,399.38,512.82,54.64,21.89,3.86,0.0
20230319:1102,394.57,506.89,56.64,23.29,4.0,0.0
20230319:1202,384.85,499.62,52.97,24.2,4.0,0.0
20230319:1302,332.84,442.17,45.02,24.37,3.66,0.0
20230319:1402,251.11,350.14,34.66,23.78,3.45,0.0
20230319:1502,154.62,230.97,23.05,22.65,3.31,0.0
20230319:1602,48.95,103.35,10.84,21.12,2.76,0.0
20230319:1702,0.0,0.0,0.0,19.6,2.07,0.0
20230319:1802,0.0,0.0,0.0,18.44,1.79,0.0
20230319:1902,0.0,0.0,0.0,17.23,2.0,0.0
20230319:2002,0.0,0.0,0.0,16.19,2.14,0.0
20230319:2102,0.0,0.0,0.0,15.48,2.48,0.0
20230319:2202,0.0,0.0,0.0,15.15,2.83,0.0
20230319:2302,0.0,0.0,0.0,15.01,3.1,0.0
20230320:0002,0.0,0.0,0.0,15.13,3.24,0.0
20230320:0102,0.0,0.0,0.0,15.44,3.17,0.0
20230320:0202,0.0,0.0,0.0,15.24,3.45,0.0
20230320:0302,0.0,0.0,0.0,15.17,3.66,0.0
20230320:0402,0.0,0.0,0.0,15.01,3.79,0.0
20230320:0502,0.0,1.82,2.05,15.11,4.9,0.0
20230320:0602,36.2,58.87,14.44,15.15,3.79,0.0
20230320:0702,138.95,182.85,26.5,16.69,5.66,0.0
20230320:0802,267.96,338.36,37.77,17.41,6.07,0.0
20230320:0902,351.73,440.14,47.5,18.12,6.21,0.0
20230320:1002,340.42,424.93,54.29,19.22,6.21,0.0
20230320:1102,157.02,205.08,56.24,19.11,5.59,0.0
20230320:1202,391.59,492.67,52.58,18.67,5.52,0.0
20230320:1302,235.61,300.06,44.67,19.65,4.62,0.0
20230320:1402,254.67,335.94,34.33,19.77,4.83,0.0
20230320:1502,149.7,204.43,22.75,18.62,4.9,0.0
20230320:1602,52.14,86.72,10.55,18.01,4.34,0.0
20230320:1702,0.0,0.0,0.0,16.82,3.86,0.0
20230320:1802,0.0,0.0,0.0,15.94,4.0,0.0
20230320:1902,0.0,0.0,0.0,15.98,3.72,0.0
20230320:2002,0.0,0.0,0.0,15.71,3.93,0.0
20230320:2102,0.0,0.0,0.0,15.57,3.72,0.0
20230320:2202,0.0,0.0,0.0,15.4,3.45,0.0
20230320:2302,0.0,0.0,0.0,15.43,3.52,0.0
20230321:0002,0.0,0.0,0.0,15.17,3.31,0.0
20230321:0102,0.0,0.0,0.0,14.75,3.24,0.0
20230321:0202,0.0,0.0,0.0,14.73,2.9,0.0
20230321:0302,0.0,0.0,0.0,14.71,2.69,0.0
20230321:0402,0.0,0.0,0.0,14.7,2.41,0.0
20230321:0502,0.0,5.46,1.9,14.65,2.48,0.0
20230321:0602,60.45,89.72,14.28,14.87,2.69,0.0
20230321:0702,0.0,0.0,0.0,15.86,3.79,0.0
20230321:0802,0.0,0.0,0.0,17.02,3.59,0.0
20230321:0902,347.76,449.08,47.22,18.79,3.38,0.0
20230321:1002,157.09,206.98,53.93,20.14,3.24,0.0
20230321:1102,391.35,500.35,55.84,21.16,3.31,0.0
20230321:1202,109.71,150.96,52.19,21.2,3.1,0.0
20230321:1302,87.98,124.38,44.31,20.68,3.17,0.0
20230321:1402,213.45,278.37,34.01,20.54,2.83,0.0
20230321:1502,137.58,218.53,22.45,20.11,2.41,0.0
20230321:1602,41.07,91.67,10.26,19.26,1.86,0.0
20230321:1702,0.0,0.0,0.0,18.23,1.52,0.0
20230321:1802,0.0,0.0,0.0,17.47,1.31,0.0
20230321:1902,0.0,0.0,0.0,16.45,1.59,0.0
20230321:2002,0.0,0.0,0.0,15.56,1.59,0.0
20230321:2102,0.0,0.0,0.0,15.13,1.45,0.0
20230321:2202,0.0,0.0,0.0,14.73,1.38,0.0
20230321:2302,0.0,0.0,0.0,14.49,1.38,0.0
20230322:0002,0.0,0.0,0.0,14.3,1.31,0.0
20230322:0102,0.0,0.0,0.0,14.09,1.31,0.0
20230322:0202,0.0,0.0,0.0,13.84,1.24,0.0
20230322:0302,0.0,0.0,0.0,13.72,1.17,0.0
20230322:0402,0.0,0.0,0.0,13.64,1.17,0.0
20230322:0502,0.0,0.91,1.74,13.37,1.24,0.0
20230322:0602,77.89,116.53,14.11,14.35,1.1,0.0
20230322:0702,0.0,0.0,0.0,17.95,0.9,0.0
20230322:0802,248.3,324.29,37.33,19.53,0.62,0.0
20230322:0902,335.04,444.94,46.94,20.94,0.83,0.0
20230322:1002,357.3,464.48,53.58,22.05,1.38,0.0
20230322:1102,380.97,499.26,55.44,23.06,1.38,0.0
20230322:1202,361.73,482.79,51.79,24.09,1.31,0.0
20230322:1302,309.64,423.09,43.95,24.64,1.52,0.0
20230322:1402,228.83,328.75,33.69,24.67,2.0,0.0
20230322:1502,140.87,210.46,22.15,24.11,2.41,0.0
20230322:1602,37.43,86.64,9.98,23.25,2.41,0.0
20230322:1702,0.0,0.0,0.0,21.75,3.17,0.0
20230322:1802,0.0,0.0,0.0,20.61,3.72,0.0
20230322:1902,0.0,0.0,0.0,19.78,4.21,0.0
20230322:2002,0.0,0.0,0.0,18.89,4.62,0.0
20230322:2102,0.0,0.0,0.0,18.34,4.55,0.0
20230322:2202,0.0,0.0,0.0,18.36,4.62,0.0
20230322:2302,0.0,0.0,0.0,18.12,4.21,0.0
20230323:0002,0.0,0.0,0.0,18.06,4.28,0.0
20230323:0102,0.0,0.0,0.0,17.86,4.34,0.0
20230323:0202,0.0,0.0,0.0,17.83,4.14,0.0
20230323:0302,0.0,0.0,0.0,17.95,4.0,0.0
20230323:0402,0.0,0.0,0.0,18.17,4.07,0.0
20230323:0502,0.0,0.91,1.58,18.14,4.07,0.0
20230323:0602,50.2,77.78,13.95,18.89,4.34,0.0
20230323:0702,163.72,220.79,25.94,20.71,4.76,0.0
20230323:0802,242.86,315.73,37.1,22.27,4.9,0.0
20230323:0902,301.33,388.86,46.66,23.9,4.9,0.0
20230323:1002,341.1,441.53,53.23,25.43,4.83,0.0
20230323:1102,263.25,344.38,55.04,26.88,4.83,0.0
20230323:1202,67.71,102.54,51.4,27.8,4.97,0.0
20230323:1302,87.32,127.23,43.59,28.02,5.24,0.0
20230323:1402,24.92,46.52,33.36,27.22,4.83,0.0
20230323:1502,66.17,99.69,21.85,25.45,3.93,0.0
20230323:1602,39.16,68.03,9.69,24.37,3.72,0.0
20230323:1702,0.0,0.0,0.0,22.69,3.31,0.0
20230323:1802,0.0,0.0,0.0,21.84,2.97,0.0
20230323:1902,0.0,0.0,0.0,20.75,1.86,0.0
20230323:2002,0.0,0.0,0.0,19.61,1.45,0.0
20230323:2102,0.0,0.0,0.0,19.25,1.72,0.0
20230323:2202,0.0,0.0,0.0,18.93,1.59,0.0
20230323:2302,0.0,0.0,0.0,19.1,1.38,0.0
20230324:0002,0.0,0.0,0.0,19.0,1.31,0.0
20230324:0102,0.0,0.0,0.0,18.51,1.59,0.0
20230324:0202,0.0,0.0,0.0,17.89,1.79,0.0
20230324:0302,0.0,0.0,0.0,16.72,2.0,0.0
20230324:0402,0.0,0.0,0.0,15.72,1.66,0.0
20230324:0502,0.0,0.91,1.43,15.51,1.45,0.0
20230324:0602,64.21,119.15,13.79,15.53,2.0,0.0
20230324:0702,172.01,229.11,25.75,15.23,2.9,0.0
20230324:0802,244.42,310.17,36.87,16.35,3.52,0.0
20230324:0902,333.04,428.16,46.37,18.58,4.07,0.0
20230324:1002,370.45,476.69,52.87,20.33,3.79,0.0
20230324:1102,379.47,489.27,54.64,21.82,3.86,0.0
20230324:1202,351.63,452.77,51.01,22.57,3.86,0.0
20230324:1302,304.4,402.94,43.24,22.82,3.79,0.0
20230324:1402,219.88,310.4,33.04,22.4,3.59,0.0
20230324:1502,118.77,197.1,21.54,21.36,3.38,0.0
20230324:1602,28.17,75.18,9.4,20.2,2.76,0.0
20230324:1702,0.0,0.0,0.0,18.98,2.41,0.0
20230324:1802,0.0,0.0,0.0,18.09,2.21,0.0
20230324:1902,0.0,0.0,0.0,17.11,2.34,0.0
20230324:2002,0.0,0.0,0.0,16.45,2.34,0.0
20230324:2102,0.0,0.0,0.0,15.75,2.48,0.0
20230324:2202,0.0,0.0,0.0,15.31,2.76,0.0
20230324:2302,0.0,0.0,0.0,14.96,3.03,0.0
20230325:0002,0.0,0.0,0.0,14.79,3.31,0.0
20230325:0102,0.0,0.0,0.0,14.81,3.38,0.0
20230325:0202,0.0,0.0,0.0,14.98,3.38,0.0
20230325:0302,0.0,0.0,0.0,15.25,3.38,0.0
20230325:0402,0.0,0.0,0.0,15.38,3.52,0.0
20230325:0502,0.0,0.91,1.28,15.41,3.66,0.0
20230325:0602,53.44,81.32,13.62,15.88,3.38,0.0
20230325:0702,86.11,119.63,25.56,16.26,4.97,0.0
20230325:0802,145.73,190.34,36.65,16.89,4.21,0.0
20230325:0902,142.28,187.04,46.09,18.24,5.24,0.0
20230325:1002,115.27,155.71,52.52,18.91,4.9,0.0
20230325:1102,101.24,139.57,54.24,19.86,5.1,0.0
20230325:1202,59.0,88.3,50.61,19.19,4.62,0.0
20230325:1302,62.07,92.1,42.88,19.3,4.62,0.0
20230325:1402,88.49,123.43,32.71,17.91,3.93,0.0
20230325:1502,13.1,28.48,21.24,17.36,3.52,0.0
20230325:1602,29.37,51.02,9.11,16.51,2.69,0.0
20230325:1702,0.0,0.0,0.0,16.03,2.83,0.0
20230325:1802,0.0,0.0,0.0,15.57,2.34,0.0
20230325:1902,0.0,0.0,0.0,15.66,1.1,0.0
20230325:2002,0.0,0.0,0.0,15.61,0.97,0.0
20230325:2102,0.0,0.0,0.0,15.51,0.9,0.0
20230325:2202,0.0,0.0,0.0,15.34,0.83,0.0
20230325:2302,0.0,0.0,0.0,15.17,0.83,0.0
20230326:0002,0.0,0.0,0.0,15.06,1.1,0.0
20230326:0102,0.0,0.0,0.0,14.64,1.38,0.0
20230326:0202,0.0,0.0,0.0,14.64,1.66,0.0
20230326:0302,0.0,0.0,0.0,14.44,1.72,0.0
20230326:0402,0.0,0.0,0.0,14.0,1.72,0.0
20230326:0502,0.0,0.0,0.0,14.07,1.79,0.0
20230326:0602,53.96,112.07,13.46,14.83,2.0,0.0
20230326:0702,150.53,235.31,25.37,16.16,2.97,0.0
20230326:0802,249.94,342.17,36.42,17.22,3.72,0.0
20230326:0902,328.16,425.22,45.8,18.59,3.93,0.0
20230326:1002,367.08,474.09,52.17,19.69,4.0,0.0
20230326:1102,380.9,491.43,53.84,19.96,4.14,0.0
20230326:1202,354.8,462.25,50.22,20.22,4.07,0.0
20230326:1302,297.83,400.09,42.52,20.49,4.07,0.0
20230326:1402,210.81,303.8,32.38,20.39,3.93,0.0
20230326:1502,110.94,189.07,20.94,19.87,3.72,0.0
20230326:1602,28.42,67.53,8.82,18.79,3.1,0.0
20230326:1702,0.0,0.0,0.0,17.28,2.97,0.0
20230326:1802,0.0,0.0,0.0,16.06,2.9,0.0
20230326:1902,0.0,0.0,0.0,15.08,2.97,0.0
20230326:2002,0.0,0.0,0.0,14.21,2.9,0.0
20230326:2102,0.0,0.0,0.0,13.47,2.9,0.0
20230326:2202,0.0,0.0,0.0,12.88,2.9,0.0
20230326:2302,0.0,0.0,0.0,12.31,2.76,0.0
20230327:0002,0.0,0.0,0.0,11.79,2.62,0.0
20230327:0102,0.0,0.0,0.0,11.31,2.48,0.0
20230327:0202,0.0,0.0,0.0,10.84,2.41,0.0
20230327:0302,0.0,0.0,0.0,10.37,2.28,0.0
20230327:0402,0.0,0.0,0.0,9.88,2.28,0.0
20230327:0502,0.0,0.0,0.0,9.5,2.28,0.0
20230327:0602,51.42,109.42,13.29,10.92,2.14,0.0
20230327:0702,148.11,232.81,25.19,15.4,2.14,0.0
20230327:0802,245.25,344.28,36.19,18.89,2.0,0.0
20230327:0902,316.38,428.91,45.51,21.82,1.59,0.0
20230327:1002,354.73,476.89,51.81,24.15,1.1,0.0
20230327:1102,357.42,488.72,53.45,25.55,0.34,0.0
20230327:1202,336.5,461.7,49.83,26.02,0.83,0.0
20230327:1302,283.6,397.98,42.16,25.93,1.38,0.0
20230327:1402,201.82,302.74,32.06,25.55,1.79,0.0
20230327:1502,105.15,186.14,20.64,24.78,2.07,0.0
20230327:1602,24.91,63.59,8.53,23.2,2.07,0.0
20230327:1702,0.0,0.0,0.0,21.18,1.86,0.0
20230327:1802,0.0,0.0,0.0,19.42,1.79,0.0
20230327:1902,0.0,0.0,0.0,18.42,1.79,0.0
20230327:2002,0.0,0.0,0.0,17.04,1.79,0.0
20230327:2102,0.0,0.0,0.0,15.85,1.79,0.0
20230327:2202,0.0,0.0,0.0,14.91,1.72,0.0
20230327:2302,0.0,0.0,0.0,13.87,1.72,0.0
20230328:0002,0.0,0.0,0.0,13.11,1.66,0.0
20230328:0102,0.0,0.0,0.0,12.62,1.59,0.0
20230328:0202,0.0,0.0,0.0,12.51,1.45,0.0
20230328:0302,0.0,0.0,0.0,13.3,1.31,0.0
20230328:0402,0.0,0.0,0.0,16.03,0.9,0.0
20230328:0502,0.0,0.0,0.0,15.45,1.17,0.0
20230328:0602,47.35,103.96,13.13,15.47,1.24,0.0
20230328:0702,150.42,227.88,25.0,17.89,0.9,0.0
20230328:0802,237.71,332.97,35.96,19.7,1.93,0.0
20230328:0902,313.6,415.77,45.23,20.35,2.41,0.0
20230328:1002,354.08,463.96,51.46,20.84,2.41,0.0
20230328:1102,362.05,475.23,53.05,21.28,2.69,0.0
20230328:1202,339.36,448.09,49.44,21.21,3.03,0.0
20230328:1302,284.51,385.46,41.8,20.67,3.45,0.0
20230328:1402,200.1,291.54,31.73,19.72,3.38,0.0
20230328:1502,102.74,177.64,20.33,19.01,2.9,0.0
20230328:1602,26.63,59.43,8.24,18.02,2.48,0.0
20230328:1702,0.0,0.0,0.0,16.78,2.21,0.0
20230328:1802,0.0,0.0,0.0,15.9,2.28,0.0
20230328:1902,0.0,0.0,0.0,15.72,3.24,0.0
20230328:2002,0.0,0.0,0.0,14.97,2.76,0.0
20230328:2102,0.0,0.0,0.0,14.38,2.69,0.0
20230328:2202,0.0,0.0,0.0,13.83,2.55,0.0
20230328:2302,0.0,0.0,0.0,13.67,2.48,0.0
20230329:0002,0.0,0.0,0.0,13.63,2.34,0.0
20230329:0102,0.0,0.0,0.0,13.61,2.34,0.0
20230329:0202,0.0,0.0,0.0,13.19,1.93,0.0
20230329:0302,0.0,0.0,0.0,13.04,1.72,0.0
20230329:0402,0.0,0.0,0.0,12.54,1.52,0.0
20230329:0502,0.0,0.0,0.0,11.9,1.45,0.0
20230329:0602,46.32,99.05,12.96,12.98,1.66,0.0
20230329:0702,138.92,217.6,24.81,15.08,2.97,0.0
20230329:0802,252.21,330.23,35.73,15.85,2.83,0.0
20230329:0902,321.14,410.5,44.94,16.68,3.03,0.0
20230329:1002,318.76,399.88,51.11,17.0,2.97,0.0
20230329:1102,369.29,469.84,52.66,17.4,2.76,0.0
20230329:1202,338.7,438.64,49.05,18.11,3.03,0.0
20230329:1302,278.23,373.59,41.44,18.18,3.59,0.0
20230329:1402,198.41,283.08,31.4,17.41,3.79,0.0
20230329:1502,111.87,174.55,20.03,16.71,3.59,0.0
20230329:1602,29.54,56.05,7.95,15.89,3.1,0.0
20230329:1702,0.0,0.0,0.0,14.93,2.41,0.0
20230329:1802,0.0,0.0,0.0,14.14,2.21,0.0
20230329:1902,0.0,0.0,0.0,13.7,2.21,0.0
20230329:2002,0.0,0.0,0.0,13.07,2.0,0.0
20230329:2102,0.0,0.0,0.0,12.41,1.86,0.0
20230329:2202,0.0,0.0,0.0,12.03,1.79,0.0
20230329:2302,0.0,0.0,0.0,11.57,1.72,0.0
20230330:0002,0.0,0.0,0.0,11.09,1.66,0.0
20230330:0102,0.0,0.0,0.0,10.58,1.66,0.0
20230330:0202,0.0,0.0,0.0,10.25,1.66,0.0
20230330:0302,0.0,0.0,0.0,10.1,1.66,0.0
20230330:0402,0.0,0.0,0.0,10.04,1.59,0.0
20230330:0502,0.0,0.0,0.0,9.95,1.59,0.0
20230330:0602,40.48,92.65,12.8,11.51,1.31,0.0
20230330:0702,129.94,210.22,24.62,15.68,2.0,0.0
20230330:0802,223.7,315.97,35.5,17.57,3.03,0.0
20230330:0902,296.73,396.44,44.65,18.61,2.97,0.0
20230330:1002,338.57,443.8,50.75,19.61,3.17,0.0
20230330:1102,353.29,458.0,52.26,20.13,3.52,0.0
20230330:1202,328.94,430.26,48.66,19.9,3.59,0.0
20230330:1302,267.66,365.59,41.08,20.11,3.24,0.0
20230330:1402,183.16,273.77,31.08,20.47,2.97,0.0
20230330:1502,91.74,163.23,19.73,19.97,2.97,0.0
20230330:1602,17.81,47.03,7.67,18.67,2.76,0.0
20230330:1702,0.0,0.0,0.0,16.92,2.55,0.0
20230330:1802,0.0,0.0,0.0,15.77,2.41,0.0
20230330:1902,0.0,0.0,0.0,15.26,2.34,0.0
20230330:2002,0.0,0.0,0.0,14.59,2.34,0.0
20230330:2102,0.0,0.0,0.0,14.03,2.34,0.0
20230330:2202,0.0,0.0,0.0,13.64,2.34,0.0
20230330:2302,0.0,0.0,0.0,13.29,2.28,0.0
20230331:0002,0.0,0.0,0.0,12.86,2.14,0.0
20230331:0102,0.0,0.0,0.0,12.64,2.07,0.0
20230331:0202,0.0,0.0,0.0,12.6,2.0,0.0
20230331:0302,0.0,0.0,0.0,12.5,1.93,0.0
20230331:0402,0.0,0.0,0.0,12.47,1.79,0.0
20230331:0502,0.0,0.0,0.0,11.98,1.72,0.0
20230331:0602,37.83,88.69,12.64,12.52,1.66,0.0
20230331:0702,126.43,206.54,24.43,15.95,1.72,0.0
20230331:0802,216.77,311.21,35.27,18.7,1.72,0.0
20230331:0902,286.77,391.58,44.36,21.07,1.93,0.0
20230331:1002,326.71,439.59,50.4,22.81,1.93,0.0
20230331:1102,335.01,450.61,51.87,23.85,2.14,0.0
20230331:1202,312.67,423.63,48.27,24.18,2.69,0.0
20230331:1302,257.34,360.66,40.72,23.73,3.31,0.0
20230331:1402,176.8,268.59,30.75,22.76,3.59,0.0
20230331:1502,84.88,157.4,19.43,21.57,3.45,0.0
20230331:1602,16.68,43.51,7.38,20.2,3.03,0.0
20230331:1702,0.0,0.0,0.0,18.63,2.69,0.0
20230331:1802,0.0,0.0,0.0,17.62,2.55,0.0
20230331:1902,0.0,0.0,0.0,17.22,2.28,0.0
20230331:2002,0.0,0.0,0.0,16.27,2.14,0.0
20230331:2102,0.0,0.0,0.0,15.41,2.07,0.0
20230331:2202,0.0,0.0,0.0,14.7,2.07,0.0
20230331:2302,0.0,0.0,0.0,14.02,2.07,0.0
20230401:0002,0.0,0.0,0.0,13.42,2.07,0.0
20230401:0102,0.0,0.0,0.0,12.98,2.14,0.0
20230401:0202,0.0,0.0,0.0,12.57,2.21,0.0
20230401:0302,0.0,0.0,0.0,12.23,2.28,0.0
20230401:0402,0.0,0.0,0.0,11.93,2.28,0.0
20230401:0502,0.0,0.0,0.0,11.64,2.34,0.0
20230401:0602,36.47,85.22,12.47,12.92,2.14,0.0
20230401:0702,122.16,201.39,24.24,17.38,2.21,0.0
20230401:0802,209.56,304.54,35.04,20.49,2.28,0.0
20230401:0902,279.64,384.91,44.07,23.01,2.41,0.0
20230401:1002,316.7,432.26,50.05,25.17,1.93,0.0
20230401:1102,321.42,442.49,51.48,26.78,1.24,0.0
20230401:1202,295.61,415.77,47.89,27.77,0.48,0.0
20230401:1302,241.83,352.58,40.37,28.04,0.69,0.0
20230401:1402,165.35,261.67,30.43,27.72,1.24,0.0
20230401:1502,77.84,150.75,19.13,26.67,1.79,0.0
20230401:1602,16.48,40.87,7.09,24.78,2.0,0.0
20230401:1702,0.0,0.0,0.0,22.49,2.21,0.0
20230401:1802,0.0,0.0,0.0,20.52,2.34,0.0
20230401:1902,0.0,0.0,0.0,18.91,2.41,0.0
20230401:2002,0.0,0.0,0.0,17.54,2.41,0.0
20230401:2102,0.0,0.0,0.0,16.27,2.34,0.0
20230401:2202,0.0,0.0,0.0,15.21,2.34,0.0
20230401:2302,0.0,0.0,0.0,14.45,2.28,0.0
20230402:0002,0.0,0.0,0.0,13.91,2.21,0.0
20230402:0102,0.0,0.0,0.0,13.48,2.14,0.0
20230402:0202,0.0,0.0,0.0,13.16,2.0,0.0
20230402:0302,0.0,0.0,0.0,12.78,1.93,0.0
20230402:0402,0.0,0.0,0.0,12.65,1.86,0.0
20230402:0502,0.0,0.0,0.0,12.4,1.79,0.0
20230402:0602,36.29,82.15,12.31,13.99,1.31,0.0
20230402:0702,116.67,195.41,24.05,18.13,1.17,0.0
20230402:0802,202.74,297.08,34.8,20.28,1.17,0.0
20230402:0902,269.17,375.46,43.78,22.04,0.55,0.0
20230402:1002,308.29,422.51,49.7,23.5,0.76,0.0
20230402:1102,318.27,433.4,51.09,24.4,1.17,0.0
20230402:1202,313.22,419.69,47.5,24.78,1.38,0.0
20230402:1302,247.22,348.1,40.01,24.66,1.59,0.0
20230402:1402,190.26,267.81,30.1,24.04,1.93,0.0
20230402:1502,96.64,155.23,18.83,22.67,2.55,0.0
20230402:1602,19.67,41.24,6.81,20.77,2.48,0.0
20230402:1702,0.0,0.0,0.0,19.37,2.0,0.0
20230402:1802,0.0,0.0,0.0,18.75,1.86,0.0
20230402:1902,0.0,0.0,0.0,17.58,2.21,0.0
20230402:2002,0.0,0.0,0.0,17.02,2.0,0.0
20230402:2102,0.0,0.0,0.0,16.73,1.45,0.0
20230402:2202,0.0,0.0,0.0,16.87,1.1,0.0
20230402:2302,0.0,0.0,0.0,16.63,1.31,0.0
20230403:0002,0.0,0.0,0.0,16.57,1.52,0.0
20230403:0102,0.0,0.0,0.0,16.53,1.31,0.0
20230403:0202,0.0,0.0,0.0,16.39,1.24,0.0
20230403:0302,0.0,0.0,0.0,16.35,1.38,0.0
20230403:0402,0.0,0.0,0.0,16.0,1.31,0.0
20230403:0502,0.0,0.0,0.0,15.71,1.45,0.0
20230403:0602,55.81,90.24,12.14,15.76,1.59,0.0
20230403:0702,138.21,186.45,23.86,16.58,2.07,0.0
20230403:0802,187.0,242.31,34.57,17.76,2.14,0.0
20230403:0902,145.59,192.74,43.49,18.98,2.14,0.0
20230403:1002,252.54,323.55,49.34,19.84,2.28,0.0
20230403:1102,336.26,433.36,50.7,20.4,2.41,0.0
20230403:1202,240.67,310.21,47.12,20.9,2.55,0.0
20230403:1302,83.93,119.63,39.66,20.85,2.69,0.0
20230403:1402,159.21,245.59,29.78,20.36,2.69,0.0
20230403:1502,69.74,136.7,18.53,19.43,2.48,0.0
20230403:1602,14.67,33.36,6.53,18.13,2.0,0.0
20230403:1702,0.0,0.0,0.0,16.94,1.59,0.0
20230403:1802,0.0,0.0,0.0,16.24,1.31,0.0
20230403:1902,0.0,0.0,0.0,15.68,1.38,0.0
20230403:2002,0.0,0.0,0.0,14.78,1.24,0.0
20230403:2102,0.0,0.0,0.0,14.67,1.17,0.0
20230403:2202,0.0,0.0,0.0,14.53,1.17,0.0
20230403:2302,0.0,0.0,0.0,14.13,1.17,0.0
20230404:0002,0.0,0.0,0.0,13.86,1.24,0.0
20230404:0102,0.0,0.0,0.0,13.26,1.24,0.0
20230404:0202,0.0,0.0,0.0,12.91,1.24,0.0
20230404:0302,0.0,0.0,0.0,12.6,1.24,0.0
20230404:0402,0.0,0.0,0.0,12.33,1.24,0.0
20230404:0502,0.0,0.0,0.0,11.93,1.31,0.0
20230404:0602,40.85,80.27,11.98,12.71,1.1,0.0
20230404:0702,110.36,186.34,23.66,16.44,0.83,0.0
20230404:0802,192.46,286.56,34.34,19.16,0.48,0.0
20230404:0902,259.86,365.11,43.2,21.14,0.21,0.0
20230404:1002,299.04,411.19,48.99,22.51,0.48,0.0
20230404:1102,306.43,421.14,50.31,23.48,0.69,0.0
20230404:1202,283.79,393.87,46.73,24.03,1.1,0.0
20230404:1302,228.88,331.0,39.3,24.04,1.66,0.0
20230404:1402,151.04,240.84,29.46,23.42,2.21,0.0
20230404:1502,67.35,133.48,18.23,22.21,2.41,0.0
20230404:1602,13.7,30.32,6.24,20.62,2.0,0.0
20230404:1702,0.0,0.0,0.0,18.93,1.86,0.0
20230404:1802,0.0,0.0,0.0,17.79,1.93,0.0
20230404:1902,0.0,0.0,0.0,17.21,1.93,0.0
20230404:2002,0.0,0.0,0.0,16.25,1.93,0.0
20230404:2102,0.0,0.0,0.0,15.6,1.86,0.0
20230404:2202,0.0,0.0,0.0,14.92,1.86,0.0
20230404:2302,0.0,0.0,0.0,14.27,1.93,0.0
20230405:0002,0.0,0.0,0.0,13.72,2.0,0.0
20230405:0102,0.0,0.0,0.0,13.49,2.0,0.0
20230405:0202,0.0,0.0,0.0,13.16,2.07,0.0
20230405:0302,0.0,0.0,0.0,12.95,2.07,0.0
20230405:0402,0.0,0.0,0.0,12.82,2.14,0.0
20230405:0502,0.0,0.0,0.0,12.74,2.14,0.0
20230405:0602,27.83,68.83,11.81,14.1,1.86,0.0
20230405:0702,101.25,180.15,23.47,19.1,1.45,0.0
20230405:0802,183.59,281.63,34.1,24.32,1.17,0.0
20230405:0902,247.36,359.39,42.91,27.83,0.76,0.0
20230405:1002,284.9,406.12,48.64,29.84,1.03,0.0
20230405:1102,292.42,415.54,49.92,30.79,1.45,0.0
20230405:1202,270.79,389.25,46.35,31.06,1.45,0.0
20230405:1302,216.58,325.84,38.95,30.88,1.45,0.0
20230405:1402,141.83,236.07,29.14,30.22,1.66,0.0
20230405:1502,62.49,129.12,17.93,28.89,1.79,0.0
20230405:1602,14.66,31.88,5.96,26.87,1.86,0.0
20230405:1702,0.0,0.0,0.0,24.71,1.59,0.0
20230405:1802,0.0,0.0,0.0,22.76,1.59,0.0
20230405:1902,0.0,0.0,0.0,21.48,1.86,0.0
20230405:2002,0.0,0.0,0.0,20.0,1.93,0.0
20230405:2102,0.0,0.0,0.0,18.51,2.0,0.0
20230405:2202,0.0,0.0,0.0,17.17,2.0,0.0
20230405:2302,0.0,0.0,0.0,16.05,2.0,0.0
20230406:0002,0.0,0.0,0.0,15.27,2.0,0.0
20230406:0102,0.0,0.0,0.0,14.68,2.0,0.0
20230406:0202,0.0,0.0,0.0,14.26,2.0,0.0
20230406:0302,0.0,0.0,0.0,13.88,1.93,0.0
20230406:0402,0.0,0.0,0.0,13.58,1.86,0.0
20230406:0502,0.0,0.0,0.0,13.69,1.86,0.0
20230406:0602,41.26,76.75,11.65,16.01,1.45,0.0
20230406:0702,121.26,167.63,23.28,20.77,1.17,0.0
20230406:0802,182.56,277.94,33.87,27.2,0.62,0.0
20230406:0902,238.88,349.88,42.62,29.81,1.38,0.0
20230406:1002,277.58,395.49,48.3,31.25,2.28,0.0
20230406:1102,285.11,404.34,49.54,31.42,2.41,0.0
20230406:1202,280.63,390.33,45.97,29.73,2.55,0.0
20230406:1302,213.42,315.44,38.6,27.2,2.62,0.0
20230406:1402,134.16,224.93,28.82,25.68,1.45,0.0
20230406:1502,69.94,129.07,17.64,25.54,0.76,0.0
20230406:1602,14.24,30.97,5.68,24.41,1.38,0.0
20230406:1702,0.0,0.0,0.0,22.23,1.31,0.0
20230406:1802,0.0,0.0,0.0,20.73,1.38,0.0
20230406:1902,0.0,0.0,0.0,19.13,0.83,0.0
20230406:2002,0.0,0.0,0.0,18.77,0.62,0.0
20230406:2102,0.0,0.0,0.0,17.86,0.83,0.0
20230406:2202,0.0,0.0,0.0,17.21,0.83,0.0
20230406:2302,0.0,0.0,0.0,16.88,1.31,0.0
20230407:0002,0.0,0.0,0.0,16.32,1.45,0.0
20230407:0102,0.0,0.0,0.0,16.02,1.59,0.0
20230407:0202,0.0,0.0,0.0,15.61,1.66,0.0
20230407:0302,0.0,0.0,0.0,15.28,1.93,0.0
20230407:0402,0.0,0.0,0.0,15.03,1.72,0.0
20230407:0502,0.0,0.0,0.0,14.96,1.52,0.0
20230407:0602,26.34,62.0,11.48,15.33,1.79,0.0
20230407:0702,127.97,172.98,23.09,16.25,2.34,0.0
20230407:0802,198.49,256.65,33.64,17.21,2.69,0.0
20230407:0902,209.19,268.33,42.33,17.98,2.28,0.0
20230407:1002,156.43,205.08,47.95,18.29,2.14,0.0
20230407:1102,146.37,192.74,49.16,18.24,2.76,0.0
20230407:1202,206.58,263.84,45.6,17.42,2.69,0.0
20230407:1302,145.95,191.19,38.25,16.61,2.21,0.0
20230407:1402,54.3,81.65,28.5,16.19,2.34,0.0
20230407:1502,42.84,67.41,17.34,15.84,2.41,0.0
20230407:1602,11.17,25.5,5.4,15.51,2.41,0.0
20230407:1702,0.0,0.0,0.0,15.08,2.48,0.0
20230407:1802,0.0,0.0,0.0,14.7,2.55,0.0
20230407:1902,0.0,0.0,0.0,14.64,2.48,0.0
20230407:2002,0.0,0.0,0.0,14.5,2.48,0.0
20230407:2102,0.0,0.0,0.0,14.28,2.69,0.0
20230407:2202,0.0,0.0,0.0,14.1,2.41,0.0
20230407:2302,0.0,0.0,0.0,13.85,2.55,0.0
20230408:0002,0.0,0.0,0.0,13.66,2.48,0.0
20230408:0102,0.0,0.0,0.0,13.69,2.48,0.0
20230408:0202,0.0,0.0,0.0,13.57,2.55,0.0
20230408:0302,0.0,0.0,0.0,13.47,2.62,0.0
20230408:0402,0.0,0.0,0.0,13.37,2.62,0.0
20230408:0502,0.0,0.0,0.0,13.38,2.62,0.0
20230408:0602,34.87,67.66,11.32,13.63,2.55,0.0
20230408:0702,134.73,189.52,22.89,14.97,2.83,0.0
20230408:0802,214.8,277.48,33.4,15.99,2.9,0.0
20230408:0902,270.03,343.18,42.04,16.74,2.48,0.0
20230408:1002,212.97,271.07,47.6,17.02,2.55,0.0
20230408:1102,324.32,416.32,48.78,16.91,3.03,0.0
20230408:1202,306.06,390.94,45.22,16.56,3.45,0.0
20230408:1302,241.73,323.24,37.91,16.41,3.59,0.0
20230408:1402,174.96,239.42,28.18,15.83,3.38,0.0
20230408:1502,89.54,133.41,17.05,15.64,3.31,0.0
20230408:1602,11.83,26.41,5.13,14.99,2.83,0.0
20230408:1702,0.0,0.0,0.0,14.44,2.48,0.0
20230408:1802,0.0,0.0,0.0,14.24,2.48,0.0
20230408:1902,0.0,0.0,0.0,13.88,2.07,0.0
20230408:2002,0.0,0.0,0.0,13.59,1.93,0.0
20230408:2102,0.0,0.0,0.0,12.91,1.72,0.0
20230408:2202,0.0,0.0,0.0,12.07,1.59,0.0
20230408:2302,0.0,0.0,0.0,11.55,1.45,0.0
20230409:0002,0.0,0.0,0.0,10.79,1.52,0.0
20230409:0102,0.0,0.0,0.0,10.23,1.59,0.0
20230409:0202,0.0,0.0,0.0,10.03,1.52,0.0
20230409:0302,0.0,0.0,0.0,10.16,1.38,0.0
20230409:0402,0.0,0.0,0.0,10.34,1.24,0.0
20230409:0502,0.0,0.0,0.0,10.51,1.17,0.0
20230409:0602,20.87,52.25,11.15,11.17,0.97,0.0
20230409:0702,86.08,159.54,22.7,14.22,1.1,0.0
20230409:0802,170.62,258.89,33.17,16.0,1.79,0.0
20230409:0902,240.97,335.73,41.75,17.1,2.21,0.0
20230409:1002,281.61,380.51,47.26,17.87,2.55,0.0
20230409:1102,290.44,390.18,48.4,18.31,2.76,0.0
20230409:1202,267.03,363.08,44.85,18.03,2.97,0.0
20230409:1302,212.98,302.85,37.56,17.94,3.17,0.0
20230409:1402,138.56,216.73,27.87,17.42,3.17,0.0
20230409:1502,67.18,118.23,16.76,16.58,2.97,0.0
20230409:1602,10.56,24.59,4.85,15.57,2.48,0.0
20230409:1702,0.0,0.0,0.0,14.48,1.79,0.0
20230409:1802,0.0,0.0,0.0,13.8,1.45,0.0
20230409:1902,0.0,0.0,0.0,13.08,1.72,0.0
20230409:2002,0.0,0.0,0.0,12.48,1.79,0.0
20230409:2102,0.0,0.0,0.0,12.31,1.79,0.0
20230409:2202,0.0,0.0,0.0,12.28,2.0,0.0
20230409:2302,0.0,0.0,0.0,12.15,1.93,0.0
20230410:0002,0.0,0.0,0.0,11.44,1.79,0.0
20230410:0102,0.0,0.0,0.0,11.54,1.59,0.0
20230410:0202,0.0,0.0,0.0,11.57,1.52,0.0
20230410:0302,0.0,0.0,0.0,11.44,1.59,0.0
20230410:0402,0.0,0.0,0.0,11.84,1.79,0.0
20230410:0502,0.0,0.0,0.0,11.43,1.72,0.0
20230410:0602,42.11,70.58,10.99,11.58,1.38,0.0
20230410:0702,132.54,178.91,22.51,13.33,2.41,0.0
20230410:0802,175.86,224.85,32.93,14.26,2.97,0.0
20230410:0902,274.0,354.64,41.46,14.82,2.9,0.0
20230410:1002,298.47,388.21,46.91,15.47,2.97,0.0
20230410:1102,321.68,409.02,48.03,15.56,2.83,0.0
20230410:1202,284.14,371.86,44.48,15.67,2.76,0.0
20230410:1302,230.88,311.71,37.22,16.12,2.76,0.0
20230410:1402,130.94,207.85,27.55,16.0,2.83,0.0
20230410:1502,79.06,122.99,16.47,15.68,2.83,0.0
20230410:1602,10.59,24.59,4.58,14.97,2.34,0.0
20230410:1702,0.0,0.0,0.0,14.31,1.86,0.0
20230410:1802,0.0,0.0,0.0,13.61,1.59,0.0
20230410:1902,0.0,0.0,0.0,12.82,1.31,0.0
20230410:2002,0.0,0.0,0.0,12.62,1.03,0.0
20230410:2102,0.0,0.0,0.0,12.21,1.03,0.0
20230410:2202,0.0,0.0,0.0,12.07,1.03,0.0
20230410:2302,0.0,0.0,0.0,12.12,1.03,0.0
20230411:0002,0.0,0.0,0.0,11.69,1.17,0.0
20230411:0102,0.0,0.0,0.0,10.46,1.38,0.0
20230411:0202,0.0,0.0,0.0,10.03,1.45,0.0
20230411:0302,0.0,0.0,0.0,9.65,1.45,0.0
20230411:0402,0.0,0.0,0.0,9.79,1.38,0.0
20230411:0502,0.0,0.0,0.0,9.73,1.38,0.0
20230411:0602,41.04,68.0,10.82,10.13,1.24,0.0
20230411:0702,84.44,152.94,22.31,13.42,1.24,0.0
20230411:0802,189.9,266.92,32.7,14.83,2.07,0.0
20230411:0902,269.84,352.99,41.18,15.96,2.0,0.0
20230411:1002,269.45,367.15,46.57,17.27,1.86,0.0
20230411:1102,277.84,377.43,47.65,18.46,1.86,0.0
20230411:1202,251.65,349.21,44.11,19.18,2.0,0.0
20230411:1302,194.98,286.96,36.88,19.24,2.28,0.0
20230411:1402,114.42,196.24,27.24,18.9,2.41,0.0
20230411:1502,45.4,96.64,16.19,18.26,2.55,0.0
20230411:1602,9.87,23.68,4.31,16.98,2.07,0.0
20230411:1702,0.0,0.0,0.0,15.44,2.14,0.0
20230411:1802,0.0,0.0,0.0,14.24,2.14,0.0
20230411:1902,0.0,0.0,0.0,13.4,2.0,0.0
20230411:2002,0.0,0.0,0.0,12.51,1.86,0.0
20230411:2102,0.0,0.0,0.0,11.87,1.86,0.0
20230411:2202,0.0,0.0,0.0,11.31,1.79,0.0
20230411:2302,0.0,0.0,0.0,10.53,1.86,0.0
20230412:0002,0.0,0.0,0.0,9.97,1.79,0.0
20230412:0102,0.0,0.0,0.0,9.42,1.79,0.0
20230412:0202,0.0,0.0,0.0,8.93,1.86,0.0
20230412:0302,0.0,0.0,0.0,9.13,1.79,0.0
20230412:0402,0.0,0.0,0.0,9.55,1.66,0.0
20230412:0502,0.0,0.0,0.0,10.04,1.59,0.0
20230412:0602,29.32,49.37,10.66,10.97,1.38,0.0
20230412:0702,111.0,150.0,22.12,13.74,0.83,0.0
20230412:0802,204.27,269.46,32.46,16.52,0.83,0.0
20230412:0902,259.15,336.72,40.89,18.49,1.1,0.0
20230412:1002,295.53,383.73,46.23,19.77,1.52,0.0
20230412:1102,269.35,346.28,47.28,19.18,1.31,0.0
20230412:1202,234.84,303.13,43.75,19.79,1.79,0.0
20230412:1302,232.47,309.39,36.54,19.16,1.79,0.0
20230412:1402,143.97,213.16,26.94,18.01,1.59,0.0
20230412:1502,79.51,117.14,15.9,17.06,1.72,0.0
20230412:1602,6.98,19.13,4.05,16.02,1.45,0.0
20230412:1702,0.0,0.0,0.0,15.07,1.1,0.0
20230412:1802,0.0,0.0,0.0,13.65,0.9,0.0
20230412:1902,0.0,0.0,0.0,14.46,0.69,0.0
20230412:2002,0.0,0.0,0.0,14.41,0.21,0.0
20230412:2102,0.0,0.0,0.0,14.24,0.28,0.0
20230412:2202,0.0,0.0,0.0,14.12,0.34,0.0
20230412:2302,0.0,0.0,0.0,14.04,0.48,0.0
20230413:0002,0.0,0.0,0.0,14.15,0.55,0.0
20230413:0102,0.0,0.0,0.0,14.33,0.55,0.0
20230413:0202,0.0,0.0,0.0,14.23,0.55,0.0
20230413:0302,0.0,0.0,0.0,14.07,0.76,0.0
20230413:0402,0.0,0.0,0.0,14.22,0.69,0.0
20230413:0502,0.0,0.0,0.0,14.3,0.62,0.0
20230413:0602,35.18,57.65,10.49,14.43,0.62,0.0
20230413:0702,119.31,171.82,21.92,15.61,0.83,0.0
20230413:0802,200.42,264.42,32.22,16.74,1.31,0.0
20230413:0902,199.5,257.39,40.6,18.01,1.72,0.0
20230413:1002,295.33,381.54,45.89,18.66,2.21,0.0
20230413:1102,288.07,381.68,46.91,19.63,2.69,0.0
20230413:1202,273.08,361.07,43.38,20.02,2.97,0.0
20230413:1302,203.9,287.31,36.2,19.89,3.1,0.0
20230413:1402,153.08,206.09,26.63,19.09,3.1,0.0
20230413:1502,10.49,24.69,15.62,17.86,2.83,0.0
20230413:1602,0.59,7.29,3.78,16.64,2.28,0.0
20230413:1702,0.0,0.0,0.0,15.43,1.59,0.0
20230413:1802,0.0,0.0,0.0,14.67,1.1,0.0
20230413:1902,0.0,0.0,0.0,14.68,1.38,0.0
20230413:2002,0.0,0.0,0.0,13.99,1.52,0.0
20230413:2102,0.0,0.0,0.0,13.49,1.79,0.0
20230413:2202,0.0,0.0,0.0,13.33,2.07,0.0
20230413:2302,0.0,0.0,0.0,13.18,1.93,0.0
20230414:0002,0.0,0.0,0.0,13.19,1.93,0.0
20230414:0102,0.0,0.0,0.0,13.37,1.93,0.0
20230414:0202,0.0,0.0,0.0,13.11,2.0,0.0
20230414:0302,0.0,0.0,0.0,12.69,2.21,0.0
20230414:0402,0.0,0.0,0.0,11.98,2.28,0.0
20230414:0502,0.0,0.0,0.0,11.59,2.21,0.0
20230414:0602,14.87,32.28,10.33,11.95,1.93,0.0
20230414:0702,65.38,133.19,21.73,13.78,2.9,0.0
20230414:0802,144.9,229.54,31.99,14.89,3.1,0.0
20230414:0902,212.67,303.99,40.31,15.91,3.24,0.0
20230414:1002,251.14,346.62,45.55,16.84,3.24,0.0
20230414:1102,260.46,356.54,46.55,17.7,3.24,0.0
20230414:1202,233.59,328.12,43.02,18.29,3.38,0.0
20230414:1302,176.93,266.4,35.87,18.31,3.45,0.0
20230414:1402,100.83,178.63,26.33,17.85,3.45,0.0
20230414:1502,36.21,80.25,15.34,17.04,3.38,0.0
20230414:1602,7.0,19.13,3.52,15.75,2.97,0.0
20230414:1702,0.0,0.0,0.0,14.31,3.1,0.0
20230414:1802,0.0,0.0,0.0,13.45,2.97,0.0
20230414:1902,0.0,0.0,0.0,13.05,2.28,0.0
20230414:2002,0.0,0.0,0.0,12.3,2.21,0.0
20230414:2102,0.0,0.0,0.0,11.6,2.21,0.0
20230414:2202,0.0,0.0,0.0,10.99,2.07,0.0
20230414:2302,0.0,0.0,0.0,10.54,2.0,0.0
20230415:0002,0.0,0.0,0.0,10.15,2.07,0.0
20230415:0102,0.0,0.0,0.0,9.74,1.93,0.0
20230415:0202,0.0,0.0,0.0,9.32,1.79,0.0
20230415:0302,0.0,0.0,0.0,8.81,1.79,0.0
20230415:0402,0.0,0.0,0.0,8.37,1.79,0.0
20230415:0502,0.0,0.0,0.0,8.05,1.86,0.0
20230415:0602,26.59,45.54,10.16,9.0,1.86,0.0
20230415:0702,63.84,129.72,21.54,13.32,1.79,0.0
20230415:0802,138.34,224.67,31.75,16.68,1.79,0.0
20230415:0902,204.0,299.14,40.03,19.11,1.86,0.0
20230415:1002,240.25,341.66,45.22,20.9,1.86,0.0
20230415:1102,247.76,351.11,46.18,22.22,1.72,0.0
20230415:1202,218.74,320.55,42.67,23.07,1.79,0.0
20230415:1302,166.46,260.68,35.54,23.37,2.07,0.0
20230415:1402,93.35,173.07,26.03,23.01,2.41,0.0
20230415:1502,32.82,75.36,15.06,21.99,2.34,0.0
20230415:1602,5.71,17.31,3.26,20.23,2.0,0.0
20230415:1702,0.0,0.0,0.0,18.45,1.86,0.0
20230415:1802,0.0,0.0,0.0,16.71,1.79,0.0
20230415:1902,0.0,0.0,0.0,14.99,1.93,0.0
20230415:2002,0.0,0.0,0.0,13.8,1.93,0.0
20230415:2102,0.0,0.0,0.0,12.86,2.0,0.0
20230415:2202,0.0,0.0,0.0,12.12,2.07,0.0
20230415:2302,0.0,0.0,0.0,11.5,2.21,0.0
20230416:0002,0.0,0.0,0.0,10.94,2.21,0.0
20230416:0102,0.0,0.0,0.0,10.69,2.28,0.0
20230416:0202,0.0,0.0,0.0,10.27,2.28,0.0
20230416:0302,0.0,0.0,0.0,9.94,2.28,0.0
20230416:0402,0.0,0.0,0.0,9.69,2.21,0.0
20230416:0502,0.0,0.0,0.0,9.56,2.21,0.0
20230416:0602,24.27,42.81,10.0,10.5,2.0,0.0
20230416:0702,60.13,125.51,21.34,15.04,1.59,0.0
20230416:0802,132.6,221.03,31.52,20.48,1.17,0.0
20230416:0902,193.29,294.8,39.74,24.38,0.69,0.0
20230416:1002,226.84,336.91,44.88,26.7,0.48,0.0
20230416:1102,233.9,345.03,45.82,27.77,0.97,0.0
20230416:1202,207.56,315.37,42.31,28.13,1.1,0.0
20230416:1302,157.69,255.91,35.21,27.87,1.24,0.0
20230416:1402,88.29,168.75,25.73,27.03,1.45,0.0
20230416:1502,30.58,71.11,14.79,25.6,1.66,0.0
20230416:1602,4.55,15.48,3.0,23.56,1.52,0.0
20230416:1702,0.0,0.0,0.0,21.04,1.52,0.0
20230416:1802,0.0,0.0,0.0,19.11,1.66,0.0
20230416:1902,0.0,0.0,0.0,16.8,1.86,0.0
20230416:2002,0.0,0.0,0.0,15.38,1.93,0.0
20230416:2102,0.0,0.0,0.0,14.13,2.0,0.0
20230416:2202,0.0,0.0,0.0,13.02,2.0,0.0
20230416:2302,0.0,0.0,0.0,12.22,2.07,0.0
20230417:0002,0.0,0.0,0.0,11.68,2.07,0.0
20230417:0102,0.0,0.0,0.0,11.21,2.07,0.0
20230417:0202,0.0,0.0,0.0,10.93,2.0,0.0
20230417:0302,0.0,0.0,0.0,10.89,1.93,0.0
20230417:0402,0.0,0.0,0.0,10.81,1.93,0.0
20230417:0502,0.0,0.0,0.0,10.8,1.93,0.0
20230417:0602,24.12,42.81,9.83,11.65,1.66,0.0
20230417:0702,57.55,122.21,21.15,16.55,0.97,0.0
20230417:0802,126.7,216.97,31.28,22.73,0.62,0.0
20230417:0902,187.37,290.76,39.46,25.57,0.21,0.0
20230417:1002,223.44,332.83,44.55,26.76,1.03,0.0
20230417:1102,232.36,341.93,45.47,27.07,1.38,0.0
20230417:1202,206.89,312.74,41.96,27.13,1.38,0.0
20230417:1302,155.9,252.6,34.89,27.08,1.17,0.0
20230417:1402,85.85,164.98,25.43,26.39,1.31,0.0
20230417:1502,27.86,65.55,14.52,24.77,1.38,0.0
20230417:1602,4.08,14.57,2.75,22.49,1.52,0.0
20230417:1702,0.0,0.0,0.0,19.95,1.38,0.0
20230417:1802,0.0,0.0,0.0,17.78,1.38,0.0
20230417:1902,0.0,0.0,0.0,15.97,1.52,0.0
20230417:2002,0.0,0.0,0.0,14.88,1.59,0.0
20230417:2102,0.0,0.0,0.0,13.9,1.59,0.0
20230417:2202,0.0,0.0,0.0,12.91,1.59,0.0
20230417:2302,0.0,0.0,0.0,12.32,1.59,0.0
20230418:0002,0.0,0.0,0.0,11.82,1.59,0.0
20230418:0102,0.0,0.0,0.0,11.16,1.59,0.0
20230418:0202,0.0,0.0,0.0,10.39,1.66,0.0
20230418:0302,0.0,0.0,0.0,9.68,1.66,0.0
20230418:0402,0.0,0.0,0.0,9.42,1.66,0.0
20230418:0502,0.0,0.0,0.0,9.39,1.66,0.0
20230418:0602,22.9,40.99,9.66,10.13,1.45,0.0
20230418:0702,51.61,114.55,20.95,14.73,0.9,0.0
20230418:0802,121.95,209.47,31.05,19.51,0.97,0.0
20230418:0902,185.16,283.54,39.18,22.08,0.9,0.0
20230418:1002,219.4,324.98,44.22,23.93,0.76,0.0
20230418:1102,227.9,335.31,45.11,25.25,0.55,0.0
20230418:1202,201.3,305.66,41.62,26.07,0.9,0.0
20230418:1302,151.14,245.94,34.57,26.17,1.31,0.0
20230418:1402,81.8,158.71,25.14,25.31,1.79,0.0
20230418:1502,25.86,60.1,14.25,23.48,1.86,0.0
20230418:1602,3.13,12.75,2.5,21.15,1.72,0.0
20230418:1702,0.0,0.0,0.0,19.09,1.66,0.0
20230418:1802,0.0,0.0,0.0,17.35,1.72,0.0
20230418:1902,0.0,0.0,0.0,15.77,1.79,0.0
20230418:2002,0.0,0.0,0.0,14.9,1.79,0.0
20230418:2102,0.0,0.0,0.0,14.14,1.79,0.0
20230418:2202,0.0,0.0,0.0,13.4,1.86,0.0
20230418:2302,0.0,0.0,0.0,12.51,1.86,0.0
20230419:0002,0.0,0.0,0.0,11.73,1.86,0.0
20230419:0102,0.0,0.0,0.0,11.23,1.86,0.0
20230419:0202,0.0,0.0,0.0,10.75,1.79,0.0
20230419:0302,0.0,0.0,0.0,10.67,1.86,0.0
20230419:0402,0.0,0.0,0.0,10.58,1.86,0.0
20230419:0502,0.0,0.0,0.0,10.58,1.86,0.0
20230419:0602,29.01,49.18,9.5,12.07,1.59,0.0
20230419:0702,70.74,127.4,20.76,16.19,1.03,0.0
20230419:0802,140.29,221.52,30.82,21.91,0.41,0.0
20230419:0902,182.07,279.62,38.89,24.26,0.48,0.0
20230419:1002,239.8,341.05,43.89,25.63,0.97,0.0
20230419:1102,226.81,330.82,44.76,26.13,1.38,0.0
20230419:1202,226.91,323.74,41.27,25.87,1.59,0.0
20230419:1302,179.55,265.12,34.25,25.02,1.52,0.0
20230419:1402,135.83,197.03,24.85,24.25,1.38,0.0
20230419:1502,41.66,74.86,13.99,23.27,1.38,0.0
20230419:1602,0.93,8.2,2.25,21.73,1.45,0.0
20230419:1702,0.0,0.0,0.0,19.35,1.31,0.0
20230419:1802,0.0,0.0,0.0,18.13,1.66,0.0
20230419:1902,0.0,0.0,0.0,16.79,2.21,0.0
20230419:2002,0.0,0.0,0.0,15.66,2.48,0.0
20230419:2102,0.0,0.0,0.0,14.72,2.9,0.0
20230419:2202,0.0,0.0,0.0,14.07,3.38,0.0
20230419:2302,0.0,0.0,0.0,13.64,3.79,0.0
20230420:0002,0.0,0.0,0.0,13.49,4.0,0.0
20230420:0102,0.0,0.0,0.0,13.44,4.62,0.0
20230420:0202,0.0,0.0,0.0,13.47,4.69,0.0
20230420:0302,0.0,0.0,0.0,13.37,5.03,0.0
20230420:0402,0.0,0.0,0.0,13.49,3.93,0.0
20230420:0502,0.0,0.0,0.0,13.47,3.24,0.0
20230420:0602,31.68,52.83,9.33,13.54,3.45,0.0
20230420:0702,75.24,127.52,20.56,13.37,3.86,0.0
20230420:0802,181.0,231.96,30.58,13.23,4.34,0.0
20230420:0902,231.6,292.44,38.61,14.63,3.52,0.0
20230420:1002,274.61,352.4,43.57,14.34,4.28,0.0
20230420:1102,248.77,309.27,44.41,14.14,4.48,0.0
20230420:1202,251.9,329.09,40.93,14.67,3.66,0.0
20230420:1302,211.95,272.46,33.94,14.07,3.79,0.0
20230420:1402,137.12,189.55,24.56,13.96,3.59,0.0
20230420:1502,30.62,57.71,13.73,13.26,3.24,0.0
20230420:1602,0.63,7.29,2.01,12.34,2.62,0.0
20230420:1702,0.0,0.0,0.0,11.49,2.07,0.0
20230420:1802,0.0,0.0,0.0,11.04,1.93,0.0
20230420:1902,0.0,0.0,0.0,11.13,1.59,0.0
20230420:2002,0.0,0.0,0.0,10.84,1.24,0.0
20230420:2102,0.0,0.0,0.0,10.84,0.97,0.0
20230420:2202,0.0,0.0,0.0,10.6,0.9,0.0
20230420:2302,0.0,0.0,0.0,10.57,0.97,0.0
20230421:0002,0.0,0.0,0.0,10.26,0.9,0.0
20230421:0102,0.0,0.0,0.0,10.46,0.83,0.0
20230421:0202,0.0,0.0,0.0,9.88,1.1,0.0
20230421:0302,0.0,0.0,0.0,9.56,1.31,0.0
20230421:0402,0.0,0.0,0.0,9.34,1.38,0.0
20230421:0502,0.0,0.0,0.0,9.34,1.17,0.0
20230421:0602,38.1,60.11,9.17,9.82,0.97,0.0
20230421:0702,45.65,101.48,20.37,11.97,0.62,0.0
20230421:0802,108.49,190.07,30.35,13.3,1.24,0.0
20230421:0902,174.84,263.75,38.33,14.18,0.97,0.0
20230421:1002,210.48,304.13,43.25,15.04,0.41,0.0
20230421:1102,218.35,313.04,44.07,15.86,0.21,0.0
20230421:1202,200.59,290.81,40.59,16.39,0.69,0.0
20230421:1302,191.94,266.08,33.62,16.43,1.38,0.0
20230421:1402,132.53,177.51,24.28,15.66,2.07,0.0
20230421:1502,23.72,42.72,13.47,14.42,2.0,0.0
20230421:1602,0.62,7.29,1.77,13.63,1.59,0.0
20230421:1702,0.0,0.0,0.0,12.99,1.66,0.0
20230421:1802,0.0,0.0,0.0,12.56,1.45,0.0
20230421:1902,0.0,0.0,0.0,12.39,1.38,0.0
20230421:2002,0.0,0.0,0.0,12.02,1.17,0.0
20230421:2102,0.0,0.0,0.0,11.56,0.9,0.0
20230421:2202,0.0,0.0,0.0,11.36,1.1,0.0
20230421:2302,0.0,0.0,0.0,12.43,0.28,0.0
20230422:0002,0.0,0.0,0.0,11.91,0.76,0.0
20230422:0102,0.0,0.0,0.0,11.95,0.48,0.0
20230422:0202,0.0,0.0,0.0,10.73,1.1,0.0
20230422:0302,0.0,0.0,0.0,10.61,1.38,0.0
20230422:0402,0.0,0.0,0.0,10.84,1.59,0.0
20230422:0502,0.0,0.0,0.0,9.99,1.79,0.0
20230422:0602,10.27,23.68,9.0,9.9,2.62,0.0
20230422:0702,17.02,33.23,20.17,10.71,2.14,0.0
20230422:0802,52.49,77.85,30.12,11.34,2.97,0.0
20230422:0902,46.88,71.21,38.05,11.85,3.52,0.0
20230422:1002,72.89,102.54,42.92,12.86,4.14,0.0
20230422:1102,173.87,220.54,43.73,13.99,4.28,0.0
20230422:1202,68.31,97.79,40.26,14.51,4.21,0.0
20230422:1302,58.04,85.45,33.32,14.42,4.28,0.0
20230422:1402,18.84,36.08,24.0,13.78,4.0,0.0
20230422:1502,40.34,63.46,13.21,12.69,3.52,0.0
20230422:1602,0.0,0.91,1.53,12.04,3.72,0.0
20230422:1702,0.0,0.0,0.0,11.91,3.66,0.0
20230422:1802,0.0,0.0,0.0,12.0,3.86,0.0
20230422:1902,0.0,0.0,0.0,12.45,3.52,0.0
20230422:2002,0.0,0.0,0.0,12.58,3.52,0.0
20230422:2102,0.0,0.0,0.0,12.74,3.79,0.0
20230422:2202,0.0,0.0,0.0,12.88,3.59,0.0
20230422:2302,0.0,0.0,0.0,12.65,3.59,0.0
20230423:0002,0.0,0.0,0.0,12.87,3.72,0.0
20230423:0102,0.0,0.0,0.0,13.07,3.59,0.0
20230423:0202,0.0,0.0,0.0,13.27,3.38,0.0
20230423:0302,0.0,0.0,0.0,13.49,3.17,0.0
20230423:0402,0.0,0.0,0.0,13.71,3.31,0.0
20230423:0502,0.0,0.0,0.0,13.85,3.66,0.0
20230423:0602,32.36,53.74,8.84,13.84,3.66,0.0
20230423:0702,60.44,88.3,19.98,14.18,3.59,0.0
20230423:0802,69.06,98.74,29.88,14.52,3.59,0.0
20230423:0902,89.85,123.43,37.78,14.76,3.79,0.0
20230423:1002,102.77,138.62,42.61,14.83,3.79,0.0
20230423:1102,193.08,244.31,43.39,15.16,4.34,0.0
20230423:1202,79.76,112.03,39.93,15.82,3.66,0.0
20230423:1302,27.18,47.47,33.01,15.77,3.31,0.0
20230423:1402,47.41,73.11,23.73,16.14,3.38,0.0
20230423:1502,32.03,53.74,12.96,15.74,3.17,0.0
20230423:1602,0.0,0.91,1.3,15.59,3.1,0.0
20230423:1702,0.0,0.0,0.0,15.45,2.97,0.0
20230423:1802,0.0,0.0,0.0,15.42,3.03,0.0
20230423:1902,0.0,0.0,0.0,15.78,2.97,0.0
20230423:2002,0.0,0.0,0.0,15.89,3.1,0.0
20230423:2102,0.0,0.0,0.0,16.01,3.1,0.0
20230423:2202,0.0,0.0,0.0,16.16,3.17,0.0
20230423:2302,0.0,0.0,0.0,16.3,2.97,0.0
20230424:0002,0.0,0.0,0.0,16.4,2.76,0.0
20230424:0102,0.0,0.0,0.0,16.73,2.62,0.0
20230424:0202,0.0,0.0,0.0,16.51,2.69,0.0
20230424:0302,0.0,0.0,0.0,16.39,2.83,0.0
20230424:0402,0.0,0.0,0.0,16.23,2.21,0.0
20230424:0502,0.0,0.0,0.0,16.09,2.0,0.0
20230424:0602,22.89,41.9,8.67,16.04,1.79,0.0
20230424:0702,46.68,72.16,19.79,15.89,2.97,0.0
20230424:0802,31.52,53.17,29.65,16.23,3.24,0.0
20230424:0902,96.93,132.92,37.5,16.77,3.45,0.0
20230424:1002,206.99,264.53,42.29,18.15,4.28,0.0
20230424:1102,182.85,236.2,43.06,18.97,4.34,0.0
20230424:1202,210.32,292.04,39.61,18.83,3.86,0.0
20230424:1302,190.27,256.56,32.71,18.8,3.52,0.0
20230424:1402,113.99,167.73,23.46,18.36,3.03,0.0
20230424:1502,54.86,82.88,12.71,17.81,2.48,0.0
20230424:1602,0.0,0.0,0.0,16.83,1.72,0.0
20230424:1702,0.0,0.0,0.0,16.08,1.03,0.0
20230424:1802,0.0,0.0,0.0,15.61,0.83,0.0
20230424:1902,0.0,0.0,0.0,14.69,0.83,0.0
20230424:2002,0.0,0.0,0.0,14.45,0.76,0.0
20230424:2102,0.0,0.0,0.0,14.02,0.76,0.0
20230424:2202,0.0,0.0,0.0,13.16,0.76,0.0
20230424:2302,0.0,0.0,0.0,12.81,0.76,0.0
20230425:0002,0.0,0.0,0.0,12.29,0.9,0.0
20230425:0102,0.0,0.0,0.0,12.35,0.9,0.0
20230425:0202,0.0,0.0,0.0,12.2,0.9,0.0
20230425:0302,0.0,0.0,0.0,12.04,0.97,0.0
20230425:0402,0.0,0.0,0.0,10.55,0.97,0.0
20230425:0502,0.0,0.0,0.0,10.17,1.03,0.0
20230425:0602,32.82,53.74,8.51,10.59,1.03,0.0
20230425:0702,78.26,122.6,19.59,12.29,0.97,0.0
20230425:0802,89.99,168.16,29.42,15.52,0.62,0.0
20230425:0902,158.36,245.78,37.23,17.43,0.07,0.0
20230425:1002,182.33,276.75,41.98,18.4,0.48,0.0
20230425:1102,185.2,281.64,42.73,19.36,0.69,0.0
20230425:1202,157.11,252.35,39.29,19.85,1.17,0.0
20230425:1302,108.88,194.18,32.42,19.82,1.72,0.0
20230425:1402,49.82,112.8,23.19,19.16,2.14,0.0
20230425:1502,32.33,54.65,12.47,18.03,2.07,0.0
20230425:1602,0.0,0.0,0.0,16.37,1.66,0.0
20230425:1702,0.0,0.0,0.0,15.04,1.45,0.0
20230425:1802,0.0,0.0,0.0,14.26,1.45,0.0
20230425:1902,0.0,0.0,0.0,14.13,1.66,0.0
20230425:2002,0.0,0.0,0.0,13.11,1.59,0.0
20230425:2102,0.0,0.0,0.0,12.38,1.59,0.0
20230425:2202,0.0,0.0,0.0,11.77,1.59,0.0
20230425:2302,0.0,0.0,0.0,11.3,1.52,0.0
20230426:0002,0.0,0.0,0.0,10.73,1.59,0.0
20230426:0102,0.0,0.0,0.0,10.23,1.52,0.0
20230426:0202,0.0,0.0,0.0,9.73,1.52,0.0
20230426:0302,0.0,0.0,0.0,9.21,1.52,0.0
20230426:0402,0.0,0.0,0.0,8.62,1.59,0.0
20230426:0502,0.0,0.0,0.0,8.18,1.59,0.0
20230426:0602,30.23,50.09,8.34,8.72,1.38,0.0
20230426:0702,31.41,76.69,19.4,13.26,0.76,0.0
20230426:0802,85.67,163.12,29.19,16.62,1.1,0.0
20230426:0902,142.18,231.25,36.96,18.08,1.72,0.0
20230426:1002,176.72,270.33,41.67,19.06,2.14,0.0
20230426:1102,180.23,275.54,42.4,19.61,2.21,0.0
20230426:1202,152.87,246.53,38.97,19.86,2.28,0.0
20230426:1302,110.15,192.54,32.12,19.64,2.14,0.0
20230426:1402,97.92,152.92,22.92,19.11,1.79,0.0
20230426:1502,53.11,81.06,12.23,18.51,1.38,0.0
20230426:1602,0.0,0.0,0.0,17.54,1.1,0.0
20230426:1702,0.0,0.0,0.0,16.39,0.76,0.0
20230426:1802,0.0,0.0,0.0,16.07,0.83,0.0
20230426:1902,0.0,0.0,0.0,15.86,0.41,0.0
20230426:2002,0.0,0.0,0.0,14.68,1.03,0.0
20230426:2102,0.0,0.0,0.0,13.53,1.31,0.0
20230426:2202,0.0,0.0,0.0,13.0,1.52,0.0
20230426:2302,0.0,0.0,0.0,12.83,1.52,0.0
20230427:0002,0.0,0.0,0.0,12.1,1.72,0.0
20230427:0102,0.0,0.0,0.0,11.75,1.86,0.0
20230427:0202,0.0,0.0,0.0,11.39,2.14,0.0
20230427:0302,0.0,0.0,0.0,11.38,2.34,0.0
20230427:0402,0.0,0.0,0.0,11.53,2.55,0.0
20230427:0502,0.0,0.0,0.0,11.86,2.76,0.0
20230427:0602,14.54,30.06,8.18,12.79,2.41,0.0
20230427:0702,92.47,127.34,19.21,14.03,2.83,0.0
20230427:0802,139.02,202.84,28.97,14.26,2.62,0.0
20230427:0902,203.62,259.34,36.69,14.97,2.76,0.0
20230427:1002,57.46,85.45,41.37,16.21,3.17,0.0
20230427:1102,231.47,293.96,42.08,16.62,3.03,0.0
20230427:1202,141.14,185.14,38.65,16.69,3.03,0.0
20230427:1302,69.65,100.64,31.84,17.22,2.76,0.0
20230427:1402,120.85,167.08,22.66,16.05,2.34,0.0
20230427:1502,45.69,71.04,11.99,15.96,1.66,0.0
20230427:1602,0.0,0.0,0.0,15.22,1.1,0.0
20230427:1702,0.0,0.0,0.0,14.54,1.03,0.0
20230427:1802,0.0,0.0,0.0,13.54,1.17,0.0
20230427:1902,0.0,0.0,0.0,13.06,1.17,0.0
20230427:2002,0.0,0.0,0.0,12.67,1.24,0.0
20230427:2102,0.0,0.0,0.0,12.48,1.24,0.0
20230427:2202,0.0,0.0,0.0,12.42,1.31,0.0
20230427:2302,0.0,0.0,0.0,12.36,1.24,0.0
20230428:0002,0.0,0.0,0.0,12.34,1.31,0.0
20230428:0102,0.0,0.0,0.0,12.54,1.31,0.0
20230428:0202,0.0,0.0,0.0,12.4,1.31,0.0
20230428:0302,0.0,0.0,0.0,12.22,1.31,0.0
20230428:0402,0.0,0.0,0.0,12.41,1.38,0.0
20230428:0502,0.0,0.0,0.0,12.23,1.38,0.0
20230428:0602,29.0,49.18,8.01,12.13,1.59,0.0
20230428:0702,71.31,111.83,19.02,13.31,2.21,0.0
20230428:0802,100.32,170.68,28.74,14.45,2.69,0.0
20230428:0902,164.38,244.41,36.42,15.4,3.1,0.0
20230428:1002,203.14,258.09,41.06,16.18,3.52,0.0
20230428:1102,258.2,335.28,41.76,16.54,3.52,0.0
20230428:1202,235.34,302.67,38.35,16.9,3.66,0.0
20230428:1302,107.34,185.8,31.55,16.73,3.38,0.0
20230428:1402,107.89,157.52,22.41,16.5,2.97,0.0
20230428:1502,50.85,77.42,11.76,16.14,2.41,0.0
20230428:1602,0.0,0.0,0.0,15.32,2.0,0.0
20230428:1702,0.0,0.0,0.0,14.14,1.72,0.0
20230428:1802,0.0,0.0,0.0,13.3,1.59,0.0
20230428:1902,0.0,0.0,0.0,13.25,1.45,0.0
20230428:2002,0.0,0.0,0.0,12.64,1.45,0.0
20230428:2102,0.0,0.0,0.0,11.95,1.59,0.0
20230428:2202,0.0,0.0,0.0,11.39,1.59,0.0
20230428:2302,0.0,0.0,0.0,11.03,1.52,0.0
20230429:0002,0.0,0.0,0.0,11.03,1.45,0.0
20230429:0102,0.0,0.0,0.0,11.13,1.31,0.0
20230429:0202,0.0,0.0,0.0,11.61,1.17,0.0
20230429:0302,0.0,0.0,0.0,12.03,0.97,0.0
20230429:0402,0.0,0.0,0.0,12.6,0.76,0.0
20230429:0502,0.0,0.0,0.0,12.87,0.48,0.0
20230429:0602,28.85,49.18,7.85,12.88,0.48,0.0
20230429:0702,92.89,131.44,18.83,13.67,0.62,0.0
20230429:0802,80.58,152.84,28.51,14.65,0.62,0.0
20230429:0902,140.03,223.22,36.16,15.56,1.17,0.0
20230429:1002,173.55,261.61,40.76,16.7,1.79,0.0
20230429:1102,166.86,258.06,41.44,17.24,2.0,0.0
20230429:1202,137.32,227.9,38.04,17.41,2.34,0.0
20230429:1302,90.74,171.15,31.27,17.27,2.28,0.0
20230429:1402,41.58,95.17,22.16,17.02,2.34,0.0
20230429:1502,31.2,52.83,11.53,16.4,2.41,0.0
20230429:1602,0.0,0.0,0.0,15.1,2.28,0.0
20230429:1702,0.0,0.0,0.0,13.89,2.41,0.0
20230429:1802,0.0,0.0,0.0,13.06,2.34,0.0
20230429:1902,0.0,0.0,0.0,12.45,2.48,0.0
20230429:2002,0.0,0.0,0.0,11.81,2.48,0.0
20230429:2102,0.0,0.0,0.0,11.21,2.48,0.0
20230429:2202,0.0,0.0,0.0,10.77,2.48,0.0
20230429:2302,0.0,0.0,0.0,10.4,2.48,0.0
20230430:0002,0.0,0.0,0.0,10.26,2.48,0.0
20230430:0102,0.0,0.0,0.0,9.77,2.34,0.0
20230430:0202,0.0,0.0,0.0,9.43,2.21,0.0
20230430:0302,0.0,0.0,0.0,9.0,2.07,0.0
20230430:0402,0.0,0.0,0.0,8.46,2.0,0.0
20230430:0502,0.0,0.0,0.0,7.95,2.07,0.0
20230430:0602,18.97,35.52,7.69,8.12,1.93,0.0
20230430:0702,23.54,58.52,18.64,11.41,1.59,0.0
20230430:0802,71.03,144.42,28.29,14.63,1.45,0.0
20230430:0902,122.04,210.61,35.89,17.14,1.17,0.0
20230430:1002,154.72,249.45,40.47,19.28,1.1,0.0
20230430:1102,159.12,255.26,41.13,20.59,1.45,0.0
20230430:1202,132.82,226.25,37.74,21.08,1.52,0.0
20230430:1302,85.77,168.01,31.0,21.07,1.31,0.0
20230430:1402,35.68,88.6,21.91,20.63,1.1,0.0
20230430:1502,29.25,51.0,11.31,19.68,1.1,0.0
20230430:1602,0.0,0.0,0.0,17.91,1.1,0.0
20230430:1702,0.0,0.0,0.0,16.12,1.1,0.0
20230430:1802,0.0,0.0,0.0,14.38,1.24,0.0
20230430:1902,0.0,0.0,0.0,13.14,1.38,0.0
20230430:2002,0.0,0.0,0.0,11.8,1.52,0.0
20230430:2102,0.0,0.0,0.0,10.59,1.66,0.0
20230430:2202,0.0,0.0,0.0,9.75,1.59,0.0
20230430:2302,0.0,0.0,0.0,9.2,1.59,0.0
20230501:0002,0.0,0.0,0.0,8.89,1.52,0.0
20230501:0102,0.0,0.0,0.0,8.77,1.59,0.0
20230501:0202,0.0,0.0,0.0,8.61,1.59,0.0
20230501:0302,0.0,0.0,0.0,8.49,1.59,0.0
20230501:0402,0.0,0.0,0.0,8.34,1.66,0.0
20230501:0502,0.0,0.0,0.0,8.14,1.66,0.0
20230501:0602,18.93,35.52,7.53,8.43,1.59,0.0
20230501:0702,21.6,53.89,18.45,12.1,1.31,0.0
20230501:0802,68.94,141.19,28.07,14.71,1.31,0.0
20230501:0902,119.04,206.77,35.63,16.46,0.97,0.0
20230501:1002,153.25,245.94,40.17,18.35,1.24,0.0
20230501:1102,163.36,255.59,40.83,19.06,1.79,0.0
20230501:1202,175.65,258.41,37.45,18.99,2.34,0.0
20230501:1302,86.52,165.54,30.73,18.43,2.55,0.0
20230501:1402,45.05,94.73,21.66,17.46,2.41,0.0
20230501:1502,42.66,67.4,11.09,16.49,2.0,0.0
20230501:1602,0.0,0.0,0.0,15.23,1.66,0.0
20230501:1702,0.0,0.0,0.0,13.94,1.59,0.0
20230501:1802,0.0,0.0,0.0,12.79,1.52,0.0
20230501:1902,0.0,0.0,0.0,11.94,1.66,0.0
20230501:2002,0.0,0.0,0.0,11.01,1.66,0.0
20230501:2102,0.0,0.0,0.0,10.32,1.59,0.0
20230501:2202,0.0,0.0,0.0,9.89,1.52,0.0
20230501:2302,0.0,0.0,0.0,9.54,1.52,0.0
20230502:0002,0.0,0.0,0.0,9.29,1.52,0.0
20230502:0102,0.0,0.0,0.0,9.4,1.45,0.0
20230502:0202,0.0,0.0,0.0,9.29,1.45,0.0
20230502:0302,0.0,0.0,0.0,9.22,1.38,0.0
20230502:0402,0.0,0.0,0.0,9.37,1.38,0.0
20230502:0502,0.0,0.0,0.0,9.66,1.38,0.0
20230502:0602,25.72,44.63,7.36,10.12,1.24,0.0
20230502:0702,0.0,0.0,0.0,13.38,0.9,0.0
20230502:0802,113.2,176.35,27.84,16.24,1.72,0.0
20230502:0902,156.86,234.36,35.37,17.25,2.14,0.0
20230502:1002,209.49,290.25,39.88,17.69,2.28,0.0
20230502:1102,175.51,262.22,40.53,18.56,1.79,0.0
20230502:1202,161.24,243.26,37.16,19.01,1.72,0.0
20230502:1302,82.2,158.59,30.46,18.95,2.21,0.0
20230502:1402,32.86,79.7,21.43,18.29,2.28,0.0
20230502:1502,28.98,50.09,10.88,17.05,2.14,0.0
20230502:1602,0.0,0.0,0.0,15.46,1.86,0.0
20230502:1702,0.0,0.0,0.0,14.22,1.86,0.0
20230502:1802,0.0,0.0,0.0,13.35,1.72,0.0
20230502:1902,0.0,0.0,0.0,12.71,1.59,0.0
20230502:2002,0.0,0.0,0.0,11.95,1.52,0.0
20230502:2102,0.0,0.0,0.0,11.31,1.52,0.0
20230502:2202,0.0,0.0,0.0,10.73,1.45,0.0
20230502:2302,0.0,0.0,0.0,10.1,1.45,0.0
20230503:0002,0.0,0.0,0.0,9.41,1.45,0.0
20230503:0102,0.0,0.0,0.0,9.24,1.52,0.0
20230503:0202,0.0,0.0,0.0,9.13,1.52,0.0
20230503:0302,0.0,0.0,0.0,9.32,1.59,0.0
20230503:0402,0.0,0.0,0.0,9.46,1.66,0.0
20230503:0502,0.0,0.0,0.0,9.3,1.66,0.0
20230503:0602,18.83,35.52,7.2,9.51,1.66,0.0
20230503:0702,21.87,48.44,18.07,11.27,1.66,0.0
20230503:0802,64.01,132.87,27.62,14.35,1.31,0.0
20230503:0902,110.81,196.76,35.12,17.11,0.97,0.0
20230503:1002,143.83,235.99,39.6,19.33,0.41,0.0
20230503:1102,146.05,240.18,40.23,20.61,0.48,0.0
20230503:1202,120.88,211.26,36.87,21.07,1.17,0.0
20230503:1302,76.27,154.1,30.2,20.74,1.72,0.0
20230503:1402,32.54,77.84,21.19,19.77,2.0,0.0
20230503:1502,27.39,48.27,10.66,18.39,1.86,0.0
20230503:1602,0.0,0.0,0.0,16.65,1.59,0.0
20230503:1702,0.0,0.0,0.0,15.01,1.59,0.0
20230503:1802,0.0,0.0,0.0,13.57,1.52,0.0
20230503:1902,0.0,0.0,0.0,12.87,1.59,0.0
20230503:2002,0.0,0.0,0.0,12.16,1.52,0.0
20230503:2102,0.0,0.0,0.0,11.4,1.45,0.0
20230503:2202,0.0,0.0,0.0,10.83,1.38,0.0
20230503:2302,0.0,0.0,0.0,10.52,1.31,0.0
20230504:0002,0.0,0.0,0.0,10.28,1.31,0.0
20230504:0102,0.0,0.0,0.0,9.97,1.24,0.0
20230504:0202,0.0,0.0,0.0,9.77,1.38,0.0
20230504:0302,0.0,0.0,0.0,9.51,1.45,0.0
20230504:0402,0.0,0.0,0.0,9.46,1.38,0.0
20230504:0502,0.0,0.0,0.0,9.27,1.38,0.0
20230504:0602,18.97,35.52,7.04,8.03,1.31,0.0
20230504:0702,22.57,46.53,17.89,11.91,1.17,0.0
20230504:0802,59.38,126.58,27.41,13.76,1.45,0.0
20230504:0902,108.45,191.5,34.87,15.2,1.86,0.0
20230504:1002,142.15,230.54,39.32,16.37,1.86,0.0
20230504:1102,145.56,235.19,39.94,17.61,2.14,0.0
20230504:1202,118.19,205.45,36.59,18.27,2.48,0.0
20230504:1302,74.86,149.69,29.94,18.35,2.55,0.0
20230504:1402,31.11,73.29,20.96,17.89,2.55,0.0
20230504:1502,26.91,47.36,10.46,16.99,2.34,0.0
20230504:1602,0.0,0.0,0.0,15.52,2.14,0.0
20230504:1702,0.0,0.0,0.0,14.23,2.07,0.0
20230504:1802,0.0,0.0,0.0,13.36,2.0,0.0
20230504:1902,0.0,0.0,0.0,12.64,1.93,0.0
20230504:2002,0.0,0.0,0.0,11.87,1.86,0.0
20230504:2102,0.0,0.0,0.0,11.35,1.79,0.0
20230504:2202,0.0,0.0,0.0,10.82,1.79,0.0
20230504:2302,0.0,0.0,0.0,9.73,1.66,0.0
20230505:0002,0.0,0.0,0.0,9.28,1.66,0.0
20230505:0102,0.0,0.0,0.0,9.01,1.79,0.0
20230505:0202,0.0,0.0,0.0,8.94,1.79,0.0
20230505:0302,0.0,0.0,0.0,8.88,1.86,0.0
20230505:0402,0.0,0.0,0.0,8.91,1.86,0.0
20230505:0502,0.0,0.0,0.0,8.93,1.86,0.0
20230505:0602,16.82,32.79,6.88,9.17,1.86,0.0
20230505:0702,20.96,41.61,17.7,11.84,1.31,0.0
20230505:0802,57.1,123.29,27.19,15.05,1.38,0.0
20230505:0902,103.32,187.17,34.61,16.92,1.31,0.0
20230505:1002,134.03,224.76,39.04,18.42,0.62,0.0
20230505:1102,137.19,229.44,39.65,19.48,0.28,0.0
20230505:1202,113.6,201.66,36.31,19.95,0.9,0.0
20230505:1302,69.15,144.2,29.69,19.92,1.1,0.0
20230505:1402,28.85,68.73,20.74,19.4,1.24,0.0
20230505:1502,25.32,45.54,10.26,18.37,1.31,0.0
20230505:1602,0.0,0.0,0.0,16.78,1.24,0.0
20230505:1702,0.0,0.0,0.0,14.87,1.17,0.0
20230505:1802,0.0,0.0,0.0,13.51,1.17,0.0
20230505:1902,0.0,0.0,0.0,12.77,1.1,0.0
20230505:2002,0.0,0.0,0.0,12.36,1.17,0.0
20230505:2102,0.0,0.0,0.0,10.92,1.17,0.0
20230505:2202,0.0,0.0,0.0,9.74,1.17,0.0
20230505:2302,0.0,0.0,0.0,9.84,1.1,0.0
20230506:0002,0.0,0.0,0.0,10.21,1.17,0.0
20230506:0102,0.0,0.0,0.0,10.28,1.1,0.0
20230506:0202,0.0,0.0,0.0,10.45,0.97,0.0
20230506:0302,0.0,0.0,0.0,10.55,0.97,0.0
20230506:0402,0.0,0.0,0.0,10.43,0.97,0.0
20230506:0502,0.0,0.0,0.0,10.33,0.97,0.0
20230506:0602,18.05,34.61,6.72,10.42,0.9,0.0
20230506:0702,67.95,96.54,17.52,11.51,1.03,0.0
20230506:0802,145.65,197.94,26.98,13.64,1.17,0.0
20230506:0902,108.28,187.0,34.37,15.49,1.59,0.0
20230506:1002,194.8,272.65,38.76,16.89,1.93,0.0
20230506:1102,184.77,265.3,39.36,17.74,2.21,0.0
20230506:1202,202.32,273.42,36.04,18.31,2.41,0.0
20230506:1302,164.72,220.69,29.44,18.25,2.62,0.0
20230506:1402,104.02,144.17,20.52,17.89,2.48,0.0
20230506:1502,40.38,64.67,10.06,17.0,1.93,0.0
20230506:1602,0.0,0.0,0.0,16.13,1.66,0.0
20230506:1702,0.0,0.0,0.0,15.48,1.1,0.0
20230506:1802,0.0,0.0,0.0,14.89,0.69,0.0
20230506:1902,0.0,0.0,0.0,14.55,0.62,0.0
20230506:2002,0.0,0.0,0.0,14.39,0.76,0.0
20230506:2102,0.0,0.0,0.0,14.46,0.48,0.0
20230506:2202,0.0,0.0,0.0,14.51,0.48,0.0
20230506:2302,0.0,0.0,0.0,14.04,0.69,0.0
20230507:0002,0.0,0.0,0.0,13.45,0.97,0.0
20230507:0102,0.0,0.0,0.0,13.32,1.03,0.0
20230507:0202,0.0,0.0,0.0,13.2,1.17,0.0
20230507:0302,0.0,0.0,0.0,12.9,1.31,0.0
20230507:0402,0.0,0.0,0.0,12.83,1.38,0.0
20230507:0502,0.0,0.0,0.0,12.66,1.38,0.0
20230507:0602,17.18,33.7,6.56,12.54,1.38,0.0
20230507:0702,45.31,70.13,17.33,14.4,1.66,0.0
20230507:0802,52.38,114.59,26.76,16.26,2.14,0.0
20230507:0902,95.1,175.95,34.12,17.51,2.07,0.0
20230507:1002,126.18,213.29,38.49,18.58,1.72,0.0
20230507:1102,129.73,218.35,39.09,19.54,1.31,0.0
20230507:1202,104.15,189.19,35.77,20.36,1.03,0.0
20230507:1302,62.4,133.72,29.2,20.81,0.55,0.0
20230507:1402,25.68,59.83,20.3,20.68,1.03,0.0
20230507:1502,24.47,44.63,9.87,19.76,1.79,0.0
20230507:1602,0.0,0.0,0.0,17.9,1.72,0.0
20230507:1702,0.0,0.0,0.0,16.22,1.45,0.0
20230507:1802,0.0,0.0,0.0,15.21,1.31,0.0
20230507:1902,0.0,0.0,0.0,13.89,1.24,0.0
20230507:2002,0.0,0.0,0.0,13.12,1.31,0.0
20230507:2102,0.0,0.0,0.0,12.37,1.38,0.0
20230507:2202,0.0,0.0,0.0,11.35,1.45,0.0
20230507:2302,0.0,0.0,0.0,10.51,1.52,0.0
20230508:0002,0.0,0.0,0.0,9.84,1.52,0.0
20230508:0102,0.0,0.0,0.0,9.4,1.45,0.0
20230508:0202,0.0,0.0,0.0,9.16,1.31,0.0
20230508:0302,0.0,0.0,0.0,9.91,1.1,0.0
20230508:0402,0.0,0.0,0.0,11.17,0.9,0.0
20230508:0502,0.0,0.0,0.0,11.0,1.03,0.0
20230508:0602,20.58,38.25,6.41,12.19,0.76,0.0
20230508:0702,85.79,118.4,17.15,13.13,0.83,0.0
20230508:0802,48.1,108.94,26.55,15.64,1.1,0.0
20230508:0902,99.69,178.29,33.88,17.37,1.45,0.0
20230508:1002,121.86,208.58,38.23,18.52,1.45,0.0
20230508:1102,221.36,297.4,38.81,18.77,1.86,0.0
20230508:1202,117.51,198.16,35.51,18.49,2.0,0.0
20230508:1302,112.01,176.03,28.96,18.29,1.86,0.0
20230508:1402,23.99,54.83,20.09,17.92,1.72,0.0
20230508:1502,25.47,45.54,9.68,17.22,1.31,0.0
20230508:1602,0.0,0.0,0.0,16.05,0.97,0.0
20230508:1702,0.0,0.0,0.0,14.37,0.97,0.0
20230508:1802,0.0,0.0,0.0,12.85,1.24,0.0
20230508:1902,0.0,0.0,0.0,12.35,1.52,0.0
20230508:2002,0.0,0.0,0.0,11.78,1.52,0.0
20230508:2102,0.0,0.0,0.0,10.94,1.52,0.0
20230508:2202,0.0,0.0,0.0,10.94,1.52,0.0
20230508:2302,0.0,0.0,0.0,11.05,1.66,0.0
20230509:0002,0.0,0.0,0.0,11.17,1.66,0.0
20230509:0102,0.0,0.0,0.0,11.13,1.72,0.0
20230509:0202,0.0,0.0,0.0,11.06,1.79,0.0
20230509:0302,0.0,0.0,0.0,10.92,1.72,0.0
20230509:0402,0.0,0.0,0.0,10.72,1.66,0.0
20230509:0502,0.0,0.0,0.0,10.33,1.66,0.0
20230509:0602,14.71,30.06,6.25,10.48,1.59,0.0
20230509:0702,38.51,61.02,16.97,11.58,1.31,0.0
20230509:0802,50.89,110.05,26.34,15.16,1.03,0.0
20230509:0902,87.06,167.8,33.64,18.15,0.55,0.0
20230509:1002,116.88,205.45,37.97,20.24,0.28,0.0
20230509:1102,118.22,208.86,38.54,21.67,0.21,0.0
20230509:1202,94.44,180.54,35.26,22.43,0.34,0.0
20230509:1302,55.83,125.71,28.73,22.66,0.41,0.0
20230509:1402,24.0,53.04,19.88,22.42,0.69,0.0
20230509:1502,23.57,43.72,9.5,21.44,1.17,0.0
20230509:1602,0.0,0.0,0.0,19.31,1.17,0.0
20230509:1702,0.0,0.0,0.0,17.14,1.45,0.0
20230509:1802,0.0,0.0,0.0,15.34,1.66,0.0
20230509:1902,0.0,0.0,0.0,13.56,1.79,0.0
20230509:2002,0.0,0.0,0.0,12.18,1.86,0.0
20230509:2102,0.0,0.0,0.0,11.13,1.86,0.0
20230509:2202,0.0,0.0,0.0,10.43,1.86,0.0
20230509:2302,0.0,0.0,0.0,10.0,1.93,0.0
20230510:0002,0.0,0.0,0.0,9.88,2.0,0.0
20230510:0102,0.0,0.0,0.0,9.95,2.0,0.0
20230510:0202,0.0,0.0,0.0,10.02,2.0,0.0
20230510:0302,0.0,0.0,0.0,10.05,2.07,0.0
20230510:0402,0.0,0.0,0.0,10.13,2.07,0.0
20230510:0502,0.0,0.0,0.0,10.25,2.14,0.0
20230510:0602,11.47,25.5,6.1,10.82,2.0,0.0
20230510:0702,38.75,61.93,16.79,14.14,1.38,0.0
20230510:0802,45.1,103.8,26.14,19.82,0.83,0.0
20230510:0902,82.08,163.62,33.41,22.47,1.17,0.0
20230510:1002,112.12,201.18,37.71,22.99,1.45,0.0
20230510:1102,116.03,205.98,38.28,23.27,1.66,0.0
20230510:1202,90.84,176.06,35.01,23.3,1.79,0.0
20230510:1302,54.22,122.22,28.51,23.03,1.79,0.0
20230510:1402,24.62,51.11,19.68,22.24,1.52,0.0
20230510:1502,24.3,44.63,9.32,20.93,1.24,0.0
20230510:1602,0.0,0.0,0.0,18.95,0.9,0.0
20230510:1702,0.0,0.0,0.0,17.62,0.55,0.0
20230510:1802,0.0,0.0,0.0,16.05,0.76,0.0
20230510:1902,0.0,0.0,0.0,15.02,0.76,0.0
20230510:2002,0.0,0.0,0.0,14.38,0.48,0.0
20230510:2102,0.0,0.0,0.0,13.77,0.41,0.0
20230510:2202,0.0,0.0,0.0,12.56,0.76,0.0
20230510:2302,0.0,0.0,0.0,11.85,0.97,0.0
20230511:0002,0.0,0.0,0.0,11.42,1.1,0.0
20230511:0102,0.0,0.0,0.0,11.3,1.1,0.0
20230511:0202,0.0,0.0,0.0,11.16,1.24,0.0
20230511:0302,0.0,0.0,0.0,11.16,1.45,0.0
20230511:0402,0.0,0.0,0.0,11.27,1.52,0.0
20230511:0502,0.0,0.0,0.0,11.84,1.31,0.0
20230511:0602,3.83,13.66,5.94,12.41,1.03,0.0
20230511:0702,47.77,72.86,16.62,13.25,1.17,0.0
20230511:0802,58.78,86.4,25.93,13.81,1.24,0.0
20230511:0902,150.35,194.96,33.18,14.07,1.66,0.0
20230511:1002,124.92,164.25,37.45,13.79,2.21,0.0
20230511:1102,105.66,141.47,38.02,13.65,2.97,0.0
20230511:1202,140.91,182.39,34.76,13.34,2.83,0.0
20230511:1302,60.7,88.3,28.28,13.15,2.9,0.0
20230511:1402,55.22,81.65,19.49,13.02,3.24,0.0
20230511:1502,21.93,40.07,9.14,12.69,2.97,0.0
20230511:1602,0.0,0.0,0.0,12.41,2.9,0.0
20230511:1702,0.0,0.0,0.0,12.2,2.83,0.0
20230511:1802,0.0,0.0,0.0,11.91,2.83,0.0
20230511:1902,0.0,0.0,0.0,11.76,2.76,0.0
20230511:2002,0.0,0.0,0.0,11.38,2.76,0.0
20230511:2102,0.0,0.0,0.0,11.07,3.03,0.0
20230511:2202,0.0,0.0,0.0,10.55,2.9,0.0
20230511:2302,0.0,0.0,0.0,10.4,2.83,0.0
20230512:0002,0.0,0.0,0.0,10.11,2.69,0.0
20230512:0102,0.0,0.0,0.0,9.82,2.76,0.0
20230512:0202,0.0,0.0,0.0,9.43,2.76,0.0
20230512:0302,0.0,0.0,0.0,9.44,2.97,0.0
20230512:0402,0.0,0.0,0.0,9.09,3.1,0.0
20230512:0502,0.0,0.0,0.0,8.85,3.17,0.0
20230512:0602,18.2,34.61,5.79,9.06,2.97,0.0
20230512:0702,71.65,100.19,16.44,10.63,4.0,0.0
20230512:0802,124.38,172.87,25.73,11.67,4.9,0.0
20230512:0902,98.6,170.14,32.95,12.36,5.24,0.0
20230512:1002,108.5,190.0,37.21,12.81,5.1,0.0
20230512:1102,140.47,217.86,37.77,13.42,5.17,0.0
20230512:1202,146.89,216.55,34.52,13.66,5.31,0.0
20230512:1302,134.96,189.88,28.07,13.78,5.38,0.0
20230512:1402,60.01,87.44,19.29,13.31,4.34,0.0
20230512:1502,34.68,56.47,8.98,12.92,3.45,0.0
20230512:1602,0.0,0.0,0.0,12.22,3.66,0.0
20230512:1702,0.0,0.0,0.0,11.63,3.72,0.0
20230512:1802,0.0,0.0,0.0,11.36,3.79,0.0
20230512:1902,0.0,0.0,0.0,11.49,4.28,0.0
20230512:2002,0.0,0.0,0.0,11.18,4.28,0.0
20230512:2102,0.0,0.0,0.0,11.18,4.21,0.0
20230512:2202,0.0,0.0,0.0,10.86,4.0,0.0
20230512:2302,0.0,0.0,0.0,10.88,4.07,0.0
20230513:0002,0.0,0.0,0.0,10.92,4.0,0.0
20230513:0102,0.0,0.0,0.0,10.7,3.93,0.0
20230513:0202,0.0,0.0,0.0,10.58,3.79,0.0
20230513:0302,0.0,0.0,0.0,10.49,3.72,0.0
20230513:0402,0.0,0.0,0.0,10.49,3.66,0.0
20230513:0502,0.0,0.0,0.0,10.53,3.52,0.0
20230513:0602,14.72,30.06,5.64,10.63,3.31,0.0
20230513:0702,51.33,76.51,16.27,11.58,3.66,0.0
20230513:0802,42.97,94.4,25.53,12.99,4.41,0.0
20230513:0902,79.8,153.55,32.72,13.98,4.97,0.0
20230513:1002,107.64,188.89,36.96,14.83,5.1,0.0
20230513:1102,111.31,193.58,37.52,15.4,5.03,0.0
20230513:1202,116.2,189.73,34.29,15.44,4.83,0.0
20230513:1302,151.77,204.51,27.86,15.42,4.76,0.0
20230513:1402,99.48,134.8,19.11,15.07,4.55,0.0
20230513:1502,23.1,41.9,8.81,14.59,4.14,0.0
20230513:1602,0.0,0.0,0.0,13.9,3.86,0.0
20230513:1702,0.0,0.0,0.0,13.39,3.72,0.0
20230513:1802,0.0,0.0,0.0,12.77,3.59,0.0
20230513:1902,0.0,0.0,0.0,12.34,3.38,0.0
20230513:2002,0.0,0.0,0.0,12.15,3.45,0.0
20230513:2102,0.0,0.0,0.0,12.2,3.45,0.0
20230513:2202,0.0,0.0,0.0,12.28,3.45,0.0
20230513:2302,0.0,0.0,0.0,12.21,3.45,0.0
20230514:0002,0.0,0.0,0.0,12.17,3.38,0.0
20230514:0102,0.0,0.0,0.0,12.04,3.45,0.0
20230514:0202,0.0,0.0,0.0,11.84,3.31,0.0
20230514:0302,0.0,0.0,0.0,11.6,3.24,0.0
20230514:0402,0.0,0.0,0.0,11.35,3.24,0.0
20230514:0502,0.0,0.0,0.0,11.24,3.31,0.0
20230514:0602,12.08,26.41,5.49,11.35,3.38,0.0
20230514:0702,41.31,64.67,16.1,12.8,3.59,0.0
20230514:0802,41.33,90.98,25.34,14.1,4.62,0.0
20230514:0902,74.08,147.54,32.5,15.42,4.97,0.0
20230514:1002,103.17,184.35,36.72,16.48,4.83,0.0
20230514:1102,109.48,191.44,37.28,17.16,4.62,0.0
20230514:1202,82.95,160.42,34.06,17.51,4.69,0.0
20230514:1302,53.15,112.53,27.65,17.52,4.55,0.0
20230514:1402,49.22,75.6,18.93,17.09,4.14,0.0
20230514:1502,22.21,40.99,8.65,16.23,3.52,0.0
20230514:1602,0.0,0.0,0.0,14.89,2.97,0.0
20230514:1702,0.0,0.0,0.0,13.88,2.9,0.0
20230514:1802,0.0,0.0,0.0,13.07,2.9,0.0
20230514:1902,0.0,0.0,0.0,12.21,2.97,0.0
20230514:2002,0.0,0.0,0.0,11.47,2.76,0.0
20230514:2102,0.0,0.0,0.0,10.75,2.48,0.0
20230514:2202,0.0,0.0,0.0,10.08,2.21,0.0
20230514:2302,0.0,0.0,0.0,9.45,2.07,0.0
20230515:0002,0.0,0.0,0.0,8.81,2.0,0.0
20230515:0102,0.0,0.0,0.0,8.23,2.0,0.0
20230515:0202,0.0,0.0,0.0,7.74,1.93,0.0
20230515:0302,0.0,0.0,0.0,7.41,1.86,0.0
20230515:0402,0.0,0.0,0.0,7.23,1.86,0.0
20230515:0502,0.0,0.0,0.0,7.1,1.93,0.0
20230515:0602,13.0,27.32,5.34,7.11,1.93,0.0
20230515:0702,40.36,62.84,15.93,9.86,1.79,0.0
20230515:0802,35.87,83.23,25.14,13.59,1.59,0.0
20230515:0902,68.93,141.6,32.28,16.06,1.45,0.0
20230515:1002,96.4,177.86,36.49,17.86,1.52,0.0
20230515:1102,99.41,182.5,37.04,19.22,1.24,0.0
20230515:1202,76.84,154.43,33.83,19.93,1.31,0.0
20230515:1302,44.56,102.9,27.45,19.86,2.14,0.0
20230515:1402,43.46,69.22,18.75,19.48,2.0,0.0
20230515:1502,21.91,40.99,8.5,18.66,1.93,0.0
20230515:1602,0.0,0.0,0.0,16.93,1.86,0.0
20230515:1702,0.0,0.0,0.0,15.1,1.79,0.0
20230515:1802,0.0,0.0,0.0,13.91,1.72,0.0
20230515:1902,0.0,0.0,0.0,13.01,1.93,0.0
20230515:2002,0.0,0.0,0.0,12.23,1.86,0.0
20230515:2102,0.0,0.0,0.0,11.5,1.79,0.0
20230515:2202,0.0,0.0,0.0,10.82,1.79,0.0
20230515:2302,0.0,0.0,0.0,10.14,1.79,0.0
20230516:0002,0.0,0.0,0.0,9.58,1.72,0.0
20230516:0102,0.0,0.0,0.0,9.03,1.72,0.0
20230516:0202,0.0,0.0,0.0,8.63,1.72,0.0
20230516:0302,0.0,0.0,0.0,8.28,1.72,0.0
20230516:0402,0.0,0.0,0.0,8.07,1.66,0.0
20230516:0502,0.0,0.0,0.0,7.91,1.59,0.0
20230516:0602,14.92,30.06,5.19,7.92,1.45,0.0
20230516:0702,39.34,61.93,15.76,11.02,0.9,0.0
20230516:0802,38.03,83.94,24.95,15.08,0.69,0.0
20230516:0902,65.93,137.93,32.07,16.99,0.97,0.0
20230516:1002,95.2,175.78,36.26,17.95,1.17,0.0
20230516:1102,99.04,180.8,36.81,18.5,1.24,0.0
20230516:1202,76.27,152.09,33.62,18.66,1.66,0.0
20230516:1302,46.88,103.07,27.26,18.13,2.28,0.0
20230516:1402,50.64,77.42,18.58,17.0,2.48,0.0
20230516:1502,25.7,45.54,8.35,15.61,2.07,0.0
20230516:1602,0.0,0.0,0.0,14.07,1.66,0.0
20230516:1702,0.0,0.0,0.0,13.06,1.45,0.0
20230516:1802,0.0,0.0,0.0,12.05,1.45,0.0
20230516:1902,0.0,0.0,0.0,11.01,1.52,0.0
20230516:2002,0.0,0.0,0.0,10.41,1.45,0.0
20230516:2102,0.0,0.0,0.0,10.67,1.17,0.0
20230516:2202,0.0,0.0,0.0,11.12,0.83,0.0
20230516:2302,0.0,0.0,0.0,10.51,0.76,0.0
20230517:0002,0.0,0.0,0.0,9.08,0.83,0.0
20230517:0102,0.0,0.0,0.0,8.65,0.76,0.0
20230517:0202,0.0,0.0,0.0,8.49,0.76,0.0
20230517:0302,0.0,0.0,0.0,8.19,0.9,0.0
20230517:0402,0.0,0.0,0.0,8.19,0.9,0.0
20230517:0502,0.0,0.0,0.0,8.41,0.97,0.0
20230517:0602,13.51,28.23,5.04,9.0,0.9,0.0
20230517:0702,76.67,106.56,15.6,10.75,0.76,0.0
20230517:0802,129.68,174.69,24.77,13.51,0.69,0.0
20230517:0902,179.04,234.84,31.86,15.28,1.03,0.0
20230517:1002,193.86,250.51,36.03,16.08,1.45,0.0
20230517:1102,207.4,273.69,36.58,16.46,1.79,0.0
20230517:1202,140.8,185.27,33.41,16.46,2.07,0.0
20230517:1302,91.38,126.28,27.07,16.15,2.0,0.0
20230517:1402,53.8,81.06,18.42,16.13,2.07,0.0
20230517:1502,2.77,11.84,8.21,15.13,1.52,0.0
20230517:1602,0.0,0.0,0.0,14.28,1.1,0.0
20230517:1702,0.0,0.0,0.0,13.69,1.1,0.0
20230517:1802,0.0,0.0,0.0,13.1,1.66,0.0
20230517:1902,0.0,0.0,0.0,12.75,2.21,0.0
20230517:2002,0.0,0.0,0.0,12.45,2.28,0.0
20230517:2102,0.0,0.0,0.0,11.95,2.21,0.0
20230517:2202,0.0,0.0,0.0,11.61,2.14,0.0
20230517:2302,0.0,0.0,0.0,11.2,2.07,0.0
20230518:0002,0.0,0.0,0.0,10.9,2.07,0.0
20230518:0102,0.0,0.0,0.0,10.68,2.0,0.0
20230518:0202,0.0,0.0,0.0,10.36,2.0,0.0
20230518:0302,0.0,0.0,0.0,10.01,2.0,0.0
20230518:0402,0.0,0.0,0.0,9.76,2.0,0.0
20230518:0502,0.0,0.0,0.0,9.71,1.93,0.0
20230518:0602,10.28,23.68,4.9,9.78,1.79,0.0
20230518:0702,36.29,58.29,15.43,11.78,1.72,0.0
20230518:0802,29.16,70.49,24.58,13.04,2.55,0.0
20230518:0902,57.23,127.46,31.65,14.06,2.69,0.0
20230518:1002,86.33,165.28,35.81,15.06,3.1,0.0
20230518:1102,139.58,213.56,36.36,15.99,3.52,0.0
20230518:1202,68.33,142.52,33.2,16.16,3.31,0.0
20230518:1302,45.07,97.82,26.88,16.0,3.17,0.0
20230518:1402,51.06,77.42,18.26,15.46,3.03,0.0
20230518:1502,21.03,39.16,8.07,14.58,2.69,0.0
20230518:1602,0.0,0.0,0.0,13.5,2.21,0.0
20230518:1702,0.0,0.0,0.0,12.56,1.93,0.0
20230518:1802,0.0,0.0,0.0,11.54,1.79,0.0
20230518:1902,0.0,0.0,0.0,11.1,1.86,0.0
20230518:2002,0.0,0.0,0.0,10.49,1.66,0.0
20230518:2102,0.0,0.0,0.0,10.1,1.45,0.0
20230518:2202,0.0,0.0,0.0,9.59,1.38,0.0
20230518:2302,0.0,0.0,0.0,8.58,1.45,0.0
20230519:0002,0.0,0.0,0.0,7.77,1.45,0.0
20230519:0102,0.0,0.0,0.0,7.21,1.38,0.0
20230519:0202,0.0,0.0,0.0,6.74,1.38,0.0
20230519:0302,0.0,0.0,0.0,6.05,1.45,0.0
20230519:0402,0.0,0.0,0.0,5.81,1.38,0.0
20230519:0502,0.0,0.0,0.0,5.8,1.31,0.0
20230519:0602,12.48,26.41,4.76,5.18,1.38,0.0
20230519:0702,75.99,104.74,15.27,8.45,0.9,0.0
20230519:0802,118.21,162.01,24.4,12.5,1.17,0.0
20230519:0902,67.88,135.07,31.45,13.93,1.86,0.0
20230519:1002,85.02,162.92,35.6,14.76,2.07,0.0
20230519:1102,91.31,170.12,36.15,15.48,2.21,0.0
20230519:1202,68.81,141.39,33.0,15.81,2.21,0.0
20230519:1302,43.58,94.76,26.71,15.73,2.14,0.0
20230519:1402,43.65,68.31,18.11,15.31,1.86,0.0
20230519:1502,23.06,41.9,7.94,14.62,1.45,0.0
20230519:1602,0.0,0.0,0.0,13.39,1.17,0.0
20230519:1702,0.0,0.0,0.0,12.12,0.83,0.0
20230519:1802,0.0,0.0,0.0,12.39,0.21,0.0
20230519:1902,0.0,0.0,0.0,12.11,0.28,0.0
20230519:2002,0.0,0.0,0.0,11.64,0.62,0.0
20230519:2102,0.0,0.0,0.0,10.6,0.83,0.0
20230519:2202,0.0,0.0,0.0,9.97,0.97,0.0
20230519:2302,0.0,0.0,0.0,9.69,0.97,0.0
20230520:0002,0.0,0.0,0.0,9.29,1.03,0.0
20230520:0102,0.0,0.0,0.0,8.63,1.24,0.0
20230520:0202,0.0,0.0,0.0,8.01,1.38,0.0
20230520:0302,0.0,0.0,0.0,7.72,1.38,0.0
20230520:0402,0.0,0.0,0.0,7.37,1.38,0.0
20230520:0502,0.0,0.0,0.0,7.4,1.31,0.0
20230520:0602,11.04,24.59,4.62,7.43,1.31,0.0
20230520:0702,55.47,81.06,15.11,9.71,1.17,0.0
20230520:0802,73.83,114.34,24.22,13.06,1.66,0.0
20230520:0902,66.63,131.32,31.25,14.76,2.14,0.0
20230520:1002,144.27,213.78,35.39,15.9,2.48,0.0
20230520:1102,178.88,247.28,35.94,16.89,2.76,0.0
20230520:1202,110.56,177.2,32.8,17.35,3.03,0.0
20230520:1302,139.82,186.6,26.54,17.26,3.1,0.0
20230520:1402,87.78,122.05,17.96,16.58,2.97,0.0
20230520:1502,20.91,39.16,7.81,15.64,2.41,0.0
20230520:1602,0.0,0.0,0.0,14.13,2.07,0.0
20230520:1702,0.0,0.0,0.0,13.07,1.86,0.0
20230520:1802,0.0,0.0,0.0,12.37,1.86,0.0
20230520:1902,0.0,0.0,0.0,11.44,2.0,0.0
20230520:2002,0.0,0.0,0.0,11.03,2.21,0.0
20230520:2102,0.0,0.0,0.0,10.7,2.28,0.0
20230520:2202,0.0,0.0,0.0,10.79,2.41,0.0
20230520:2302,0.0,0.0,0.0,11.03,2.48,0.0
20230521:0002,0.0,0.0,0.0,11.41,2.41,0.0
20230521:0102,0.0,0.0,0.0,11.64,2.48,0.0
20230521:0202,0.0,0.0,0.0,11.26,2.21,0.0
20230521:0302,0.0,0.0,0.0,11.32,2.0,0.0
20230521:0402,0.0,0.0,0.0,11.14,1.79,0.0
20230521:0502,0.0,0.0,0.0,10.98,1.66,0.0
20230521:0602,4.93,15.48,4.48,11.14,1.72,0.0
20230521:0702,63.29,91.08,14.96,11.45,0.41,0.0
20230521:0802,120.52,162.65,24.05,12.79,1.03,0.0
20230521:0902,175.19,228.43,31.06,13.22,2.0,0.0
20230521:1002,202.65,262.07,35.18,14.63,2.55,0.0
20230521:1102,194.78,259.74,35.74,15.11,2.55,0.0
20230521:1202,155.77,217.69,32.62,15.15,2.55,0.0
20230521:1302,63.35,111.06,26.37,15.14,2.62,0.0
20230521:1402,57.15,84.7,17.81,15.04,2.76,0.0
20230521:1502,26.55,46.45,7.69,14.53,2.41,0.0
20230521:1602,0.0,0.0,0.0,13.47,2.07,0.0
20230521:1702,0.0,0.0,0.0,12.38,2.14,0.0
20230521:1802,0.0,0.0,0.0,11.47,2.07,0.0
20230521:1902,0.0,0.0,0.0,11.4,2.07,0.0
20230521:2002,0.0,0.0,0.0,10.81,2.0,0.0
20230521:2102,0.0,0.0,0.0,10.29,1.86,0.0
20230521:2202,0.0,0.0,0.0,9.8,1.79,0.0
20230521:2302,0.0,0.0,0.0,9.08,1.86,0.0
20230522:0002,0.0,0.0,0.0,8.51,1.72,0.0
20230522:0102,0.0,0.0,0.0,7.76,1.79,0.0
20230522:0202,0.0,0.0,0.0,7.26,1.86,0.0
20230522:0302,0.0,0.0,0.0,6.93,1.86,0.0
20230522:0402,0.0,0.0,0.0,6.82,1.93,0.0
20230522:0502,0.0,0.0,0.0,6.55,2.0,0.0
20230522:0602,10.47,23.68,4.34,6.41,1.93,0.0
20230522:0702,63.58,90.17,14.8,8.46,1.52,0.0
20230522:0802,22.2,54.2,23.87,12.3,1.45,0.0
20230522:0902,49.35,114.33,30.87,15.03,1.45,0.0
20230522:1002,71.58,148.61,34.98,17.08,1.1,0.0
20230522:1102,94.0,170.12,35.54,18.34,0.97,0.0
20230522:1202,56.16,127.08,32.43,18.96,0.83,0.0
20230522:1302,25.24,71.11,26.21,19.0,0.76,0.0
20230522:1402,55.95,84.7,17.68,18.65,0.76,0.0
20230522:1502,19.34,37.34,7.57,17.64,1.24,0.0
20230522:1602,0.0,0.0,0.0,15.82,1.17,0.0
20230522:1702,0.0,0.0,0.0,14.32,1.24,0.0
20230522:1802,0.0,0.0,0.0,13.39,1.24,0.0
20230522:1902,0.0,0.0,0.0,13.22,1.31,0.0
20230522:2002,0.0,0.0,0.0,12.45,1.38,0.0
20230522:2102,0.0,0.0,0.0,11.35,1.52,0.0
20230522:2202,0.0,0.0,0.0,10.18,1.59,0.0
20230522:2302,0.0,0.0,0.0,9.21,1.66,0.0
20230523:0002,0.0,0.0,0.0,9.0,1.45,0.0
20230523:0102,0.0,0.0,0.0,9.42,1.24,0.0
20230523:0202,0.0,0.0,0.0,11.66,1.03,0.0
20230523:0302,0.0,0.0,0.0,12.36,0.83,0.0
20230523:0402,0.0,0.0,0.0,11.87,1.03,0.0
20230523:0502,0.0,0.0,0.0,10.14,1.24,0.0
20230523:0602,8.5,20.95,4.21,8.4,1.52,0.0
20230523:0702,36.64,58.29,14.65,9.78,1.31,0.0
20230523:0802,29.03,60.12,23.71,13.43,1.66,0.0
20230523:0902,49.16,111.95,30.69,14.82,2.41,0.0
20230523:1002,74.34,148.04,34.79,15.75,2.97,0.0
20230523:1102,156.91,225.08,35.35,16.34,3.24,0.0
20230523:1202,130.59,193.81,32.26,16.66,3.17,0.0
20230523:1302,91.25,138.29,26.05,16.69,2.97,0.0
20230523:1402,50.06,76.51,17.54,16.4,2.55,0.0
20230523:1502,20.91,39.16,7.46,15.55,1.93,0.0
20230523:1602,0.0,0.0,0.0,14.24,1.38,0.0
20230523:1702,0.0,0.0,0.0,12.98,1.1,0.0
20230523:1802,0.0,0.0,0.0,11.91,1.1,0.0
20230523:1902,0.0,0.0,0.0,11.12,1.24,0.0
20230523:2002,0.0,0.0,0.0,10.16,1.38,0.0
20230523:2102,0.0,0.0,0.0,9.31,1.72,0.0
20230523:2202,0.0,0.0,0.0,9.13,1.93,0.0
20230523:2302,0.0,0.0,0.0,9.43,2.07,0.0
20230524:0002,0.0,0.0,0.0,9.84,2.0,0.0
20230524:0102,0.0,0.0,0.0,10.08,1.86,0.0
20230524:0202,0.0,0.0,0.0,10.27,1.72,0.0
20230524:0302,0.0,0.0,0.0,9.94,1.86,0.0
20230524:0402,0.0,0.0,0.0,9.7,1.93,0.0
20230524:0502,0.0,0.0,0.0,9.41,2.0,0.0
20230524:0602,8.47,20.95,4.07,9.22,2.14,0.0
20230524:0702,37.19,59.2,14.51,10.96,2.14,0.0
20230524:0802,28.2,57.14,23.54,13.79,2.9,0.0
20230524:0902,48.88,110.12,30.51,15.33,3.52,0.0
20230524:1002,74.63,147.23,34.6,16.57,4.0,0.0
20230524:1102,82.39,155.84,35.16,17.37,4.48,0.0
20230524:1202,74.84,140.17,32.09,17.57,4.69,0.0
20230524:1302,36.61,79.19,25.91,17.22,4.48,0.0
20230524:1402,46.42,71.95,17.42,16.45,4.07,0.0
20230524:1502,20.96,39.16,7.35,15.29,3.72,0.0
20230524:1602,0.0,0.0,0.0,13.78,3.24,0.0
20230524:1702,0.0,0.0,0.0,12.69,3.17,0.0
20230524:1802,0.0,0.0,0.0,11.93,3.24,0.0
20230524:1902,0.0,0.0,0.0,11.31,3.24,0.0
20230524:2002,0.0,0.0,0.0,11.04,3.45,0.0
20230524:2102,0.0,0.0,0.0,11.03,3.52,0.0
20230524:2202,0.0,0.0,0.0,11.11,3.52,0.0
20230524:2302,0.0,0.0,0.0,11.37,3.59,0.0
20230525:0002,0.0,0.0,0.0,11.41,3.52,0.0
20230525:0102,0.0,0.0,0.0,11.14,2.9,0.0
20230525:0202,0.0,0.0,0.0,10.99,2.69,0.0
20230525:0302,0.0,0.0,0.0,10.88,2.62,0.0
20230525:0402,0.0,0.0,0.0,10.71,2.28,0.0
20230525:0502,0.0,0.0,0.0,10.6,1.86,0.0
20230525:0602,0.64,7.29,3.94,10.49,1.66,0.0
20230525:0702,53.79,79.24,14.36,10.45,1.72,0.0
20230525:0802,17.73,34.18,23.38,10.51,1.66,0.0
20230525:0902,29.42,49.37,30.33,10.36,1.59,0.0
20230525:1002,67.04,94.94,34.42,10.38,1.52,0.0
20230525:1102,44.04,67.41,34.98,10.36,2.62,0.0
20230525:1202,34.79,56.02,31.92,10.07,2.21,0.0
20230525:1302,44.88,68.36,25.76,9.89,1.66,0.0
20230525:1402,25.0,43.72,17.3,10.28,1.86,0.0
20230525:1502,24.37,42.81,7.25,9.73,2.21,0.0
20230525:1602,0.0,0.0,0.0,8.82,2.41,0.0
20230525:1702,0.0,0.0,0.0,8.27,1.86,0.0
20230525:1802,0.0,0.0,0.0,8.06,1.52,0.0
20230525:1902,0.0,0.0,0.0,8.66,1.52,0.0
20230525:2002,0.0,0.0,0.0,8.83,1.59,0.0
20230525:2102,0.0,0.0,0.0,8.92,1.79,0.0
20230525:2202,0.0,0.0,0.0,8.74,1.45,0.0
20230525:2302,0.0,0.0,0.0,8.44,1.45,0.0
20230526:0002,0.0,0.0,0.0,8.16,1.31,0.0
20230526:0102,0.0,0.0,0.0,7.56,1.59,0.0
20230526:0202,0.0,0.0,0.0,7.31,1.86,0.0
20230526:0302,0.0,0.0,0.0,7.6,2.0,0.0
20230526:0402,0.0,0.0,0.0,7.86,1.93,0.0
20230526:0502,0.0,0.0,0.0,7.61,1.86,0.0
20230526:0602,7.93,20.04,3.81,7.79,1.72,0.0
20230526:0702,69.68,97.45,14.22,9.01,1.93,0.0
20230526:0802,28.73,53.35,23.22,10.5,2.55,0.0
20230526:0902,43.97,102.31,30.16,11.53,3.24,0.0
20230526:1002,184.4,233.07,34.24,12.48,3.93,0.0
20230526:1102,90.57,123.43,34.81,13.21,4.07,0.0
20230526:1202,161.89,207.34,31.77,13.45,3.93,0.0
20230526:1302,117.66,161.52,25.63,13.63,4.0,0.0
20230526:1402,86.15,118.4,17.18,13.3,3.45,0.0
20230526:1502,23.3,41.9,7.15,12.81,2.83,0.0
20230526:1602,0.0,0.0,0.0,11.84,2.34,0.0
20230526:1702,0.0,0.0,0.0,10.66,2.07,0.0
20230526:1802,0.0,0.0,0.0,9.6,1.86,0.0
20230526:1902,0.0,0.0,0.0,8.78,1.86,0.0
20230526:2002,0.0,0.0,0.0,8.23,1.72,0.0
20230526:2102,0.0,0.0,0.0,7.55,1.93,0.0
20230526:2202,0.0,0.0,0.0,7.0,2.07,0.0
20230526:2302,0.0,0.0,0.0,6.68,2.07,0.0
20230527:0002,0.0,0.0,0.0,6.7,1.72,0.0
20230527:0102,0.0,0.0,0.0,6.12,1.59,0.0
20230527:0202,0.0,0.0,0.0,5.4,1.66,0.0
20230527:0302,0.0,0.0,0.0,5.1,1.72,0.0
20230527:0402,0.0,0.0,0.0,5.43,1.59,0.0
20230527:0502,0.0,0.0,0.0,5.81,1.52,0.0
20230527:0602,7.42,19.13,3.69,5.73,1.59,0.0
20230527:0702,35.68,56.47,14.08,6.98,1.66,0.0
20230527:0802,23.08,44.57,23.07,11.49,2.0,0.0
20230527:0902,40.58,99.08,30.0,13.17,2.83,0.0
20230527:1002,63.27,135.15,34.07,14.29,3.24,0.0
20230527:1102,64.83,138.68,34.64,15.11,3.31,0.0
20230527:1202,46.54,111.67,31.62,15.61,3.38,0.0
20230527:1302,25.39,62.24,25.5,15.66,3.17,0.0
20230527:1402,39.32,62.84,17.07,15.19,2.69,0.0
20230527:1502,18.38,35.52,7.06,14.07,1.93,0.0
20230527:1602,0.0,0.0,0.0,12.43,1.31,0.0
20230527:1702,0.0,0.0,0.0,11.43,0.9,0.0
20230527:1802,0.0,0.0,0.0,10.34,1.17,0.0
20230527:1902,0.0,0.0,0.0,9.08,1.38,0.0
20230527:2002,0.0,0.0,0.0,8.46,1.45,0.0
20230527:2102,0.0,0.0,0.0,8.2,1.45,0.0
20230527:2202,0.0,0.0,0.0,7.82,1.45,0.0
20230527:2302,0.0,0.0,0.0,7.4,1.38,0.0
20230528:0002,0.0,0.0,0.0,6.55,1.45,0.0
20230528:0102,0.0,0.0,0.0,5.81,1.52,0.0
20230528:0202,0.0,0.0,0.0,5.67,1.45,0.0
20230528:0302,0.0,0.0,0.0,6.57,1.31,0.0
20230528:0402,0.0,0.0,0.0,8.01,1.24,0.0
20230528:0502,0.0,0.0,0.0,7.61,1.38,0.0
20230528:0602,6.79,18.22,3.57,6.63,1.52,0.0
20230528:0702,35.61,56.47,13.94,7.27,1.24,0.0
20230528:0802,22.7,42.13,22.92,12.34,0.69,0.0
20230528:0902,40.83,98.01,29.84,14.79,0.83,0.0
20230528:1002,62.88,133.87,33.9,16.0,1.1,0.0
20230528:1102,63.48,136.39,34.48,16.71,1.52,0.0
20230528:1202,47.84,111.61,31.47,17.04,2.0,0.0
20230528:1302,28.56,64.36,25.37,16.8,2.34,0.0
20230528:1402,42.03,66.49,16.97,16.18,2.55,0.0
20230528:1502,18.3,35.52,6.97,14.98,2.55,0.0
20230528:1602,0.0,0.0,0.0,13.42,2.9,0.0
20230528:1702,0.0,0.0,0.0,12.37,3.17,0.0
20230528:1802,0.0,0.0,0.0,11.94,3.24,0.0
20230528:1902,0.0,0.0,0.0,12.08,3.52,0.0
20230528:2002,0.0,0.0,0.0,12.25,3.59,0.0
20230528:2102,0.0,0.0,0.0,12.11,3.52,0.0
20230528:2202,0.0,0.0,0.0,11.9,3.52,0.0
20230528:2302,0.0,0.0,0.0,11.88,3.66,0.0
20230529:0002,0.0,0.0,0.0,11.94,3.79,0.0
20230529:0102,0.0,0.0,0.0,11.85,3.72,0.0
20230529:0202,0.0,0.0,0.0,11.77,3.86,0.0
20230529:0302,0.0,0.0,0.0,11.8,4.07,0.0
20230529:0402,0.0,0.0,0.0,11.8,4.21,0.0
20230529:0502,0.0,0.0,0.0,11.72,4.21,0.0
20230529:0602,6.02,17.31,3.44,11.72,4.21,0.0
20230529:0702,35.61,57.38,13.81,11.81,3.52,0.0
20230529:0802,49.39,74.68,22.78,13.42,4.21,0.0
20230529:0902,69.78,124.17,29.68,14.76,4.9,0.0
20230529:1002,185.21,244.12,33.74,15.52,5.1,0.0
20230529:1102,71.83,102.54,34.33,15.94,4.69,0.0
20230529:1202,56.04,83.55,31.33,15.88,4.07,0.0
20230529:1302,132.94,176.12,25.25,15.25,3.93,0.0
20230529:1402,10.01,23.68,16.87,14.62,3.72,0.0
20230529:1502,0.25,6.38,6.89,14.29,3.03,0.0
20230529:1602,0.0,0.0,0.0,13.93,2.21,0.0
20230529:1702,0.0,0.0,0.0,13.31,1.45,0.0
20230529:1802,0.0,0.0,0.0,12.59,1.31,0.0
20230529:1902,0.0,0.0,0.0,12.24,1.79,0.0
20230529:2002,0.0,0.0,0.0,11.39,2.14,0.0
20230529:2102,0.0,0.0,0.0,10.65,2.0,0.0
20230529:2202,0.0,0.0,0.0,10.09,1.72,0.0
20230529:2302,0.0,0.0,0.0,10.2,2.14,0.0
20230530:0002,0.0,0.0,0.0,10.28,2.14,0.0
20230530:0102,0.0,0.0,0.0,10.17,1.93,0.0
20230530:0202,0.0,0.0,0.0,9.87,2.0,0.0
20230530:0302,0.0,0.0,0.0,9.78,1.86,0.0
20230530:0402,0.0,0.0,0.0,9.62,2.07,0.0
20230530:0502,0.0,0.0,0.0,9.69,2.28,0.0
20230530:0602,0.0,2.73,3.33,9.78,2.55,0.0
20230530:0702,59.97,86.53,13.68,10.52,2.69,0.0
20230530:0802,101.89,135.71,22.63,11.52,3.79,0.0
20230530:0902,144.75,186.11,29.53,12.07,3.93,0.0
20230530:1002,87.67,119.63,33.59,12.29,3.72,0.0
20230530:1102,65.66,93.99,34.18,12.79,3.86,0.0
20230530:1202,94.7,128.17,31.2,12.9,3.45,0.0
20230530:1302,88.93,121.53,25.14,12.91,2.97,0.0
20230530:1402,44.26,68.31,16.78,12.63,2.34,0.0
20230530:1502,17.94,34.61,6.82,11.64,1.72,0.0
20230530:1602,0.0,0.0,0.0,11.38,1.59,0.0
20230530:1702,0.0,0.0,0.0,11.14,1.72,0.0
20230530:1802,0.0,0.0,0.0,10.86,2.0,0.0
20230530:1902,0.0,0.0,0.0,11.35,0.55,0.0
20230530:2002,0.0,0.0,0.0,11.59,0.48,0.0
20230530:2102,0.0,0.0,0.0,11.72,0.62,0.0
20230530:2202,0.0,0.0,0.0,11.8,0.97,0.0
20230530:2302,0.0,0.0,0.0,11.98,1.24,0.0
20230531:0002,0.0,0.0,0.0,12.39,1.38,0.0
20230531:0102,0.0,0.0,0.0,12.48,1.86,0.0
20230531:0202,0.0,0.0,0.0,12.99,2.0,0.0
20230531:0302,0.0,0.0,0.0,13.22,1.93,0.0
20230531:0402,0.0,0.0,0.0,13.34,1.86,0.0
20230531:0502,0.0,0.0,0.0,13.44,1.93,0.0
20230531:0602,5.4,16.39,3.21,13.61,2.07,0.0
20230531:0702,47.75,72.86,13.56,13.4,1.31,0.0
20230531:0802,100.31,135.71,22.5,14.02,1.86,0.0
20230531:0902,122.22,174.67,29.38,14.67,1.66,0.0
20230531:1002,172.07,231.92,33.44,15.38,2.14,0.0
20230531:1102,171.91,222.52,34.04,15.86,2.28,0.0
20230531:1202,143.31,188.44,31.07,16.36,2.28,0.0
20230531:1302,29.3,50.32,25.03,16.14,2.21,0.0
20230531:1402,78.74,111.12,16.69,15.89,1.86,0.0
20230531:1502,18.9,36.43,6.75,15.55,1.79,0.0
20230531:1602,0.0,0.0,0.0,14.75,1.59,0.0
20230531:1702,0.0,0.0,0.0,14.25,1.52,0.0
20230531:1802,0.0,0.0,0.0,13.86,1.38,0.0
20230531:1902,0.0,0.0,0.0,13.65,1.24,0.0
20230531:2002,0.0,0.0,0.0,13.46,1.03,0.0
20230531:2102,0.0,0.0,0.0,13.36,0.83,0.0
20230531:2202,0.0,0.0,0.0,13.34,0.62,0.0
20230531:2302,0.0,0.0,0.0,13.25,0.62,0.0
20230601:0002,0.0,0.0,0.0,13.03,0.69,0.0
20230601:0102,0.0,0.0,0.0,13.24,0.55,0.0
20230601:0202,0.0,0.0,0.0,12.96,0.55,0.0
20230601:0302,0.0,0.0,0.0,12.34,0.76,0.0
20230601:0402,0.0,0.0,0.0,12.2,0.76,0.0
20230601:0502,0.0,0.0,0.0,12.05,0.83,0.0
20230601:0602,4.35,14.57,3.1,12.36,0.69,0.0
20230601:0702,59.03,86.53,13.43,13.06,0.62,0.0
20230601:0802,109.6,147.55,22.36,14.71,0.55,0.0
20230601:0902,150.77,199.24,29.24,16.08,0.62,0.0
20230601:1002,177.68,238.41,33.3,17.54,0.83,0.0
20230601:1102,137.95,203.31,33.9,18.63,0.69,0.0
20230601:1202,158.11,211.14,30.95,19.08,0.62,0.0
20230601:1302,28.65,58.61,24.93,18.7,1.24,0.0
20230601:1402,30.18,51.92,16.61,18.22,1.38,0.0
20230601:1502,13.54,29.15,6.68,17.36,1.24,0.0
20230601:1602,0.0,0.0,0.0,16.31,1.1,0.0
20230601:1702,0.0,0.0,0.0,14.96,1.24,0.0
20230601:1802,0.0,0.0,0.0,13.76,1.38,0.0
20230601:1902,0.0,0.0,0.0,12.88,1.38,0.0
20230601:2002,0.0,0.0,0.0,12.09,1.45,0.0
20230601:2102,0.0,0.0,0.0,11.43,1.45,0.0
20230601:2202,0.0,0.0,0.0,10.86,1.52,0.0
20230601:2302,0.0,0.0,0.0,10.33,1.52,0.0
20230602:0002,0.0,0.0,0.0,9.92,1.59,0.0
20230602:0102,0.0,0.0,0.0,9.59,1.59,0.0
20230602:0202,0.0,0.0,0.0,10.16,1.72,0.0
20230602:0302,0.0,0.0,0.0,10.96,1.93,0.0
20230602:0402,0.0,0.0,0.0,11.03,1.93,0.0
20230602:0502,0.0,0.0,0.0,11.32,1.86,0.0
20230602:0602,4.38,14.57,2.99,11.71,1.93,0.0
20230602:0702,55.29,81.97,13.31,13.4,2.0,0.0
20230602:0802,110.26,148.46,22.24,16.11,2.69,0.0
20230602:0902,136.63,189.84,29.11,17.38,2.83,0.0
20230602:1002,146.74,209.38,33.16,17.88,3.38,0.0
20230602:1102,51.74,119.83,33.77,17.78,3.93,0.0
20230602:1202,118.42,175.5,30.84,17.36,4.69,0.0
20230602:1302,102.46,139.05,24.84,16.34,4.9,0.0
20230602:1402,71.75,102.01,16.53,14.91,4.76,0.0
20230602:1502,9.45,22.77,6.62,13.72,4.41,0.0
20230602:1602,0.0,0.0,0.0,12.68,5.24,0.0
20230602:1702,0.0,0.0,0.0,11.9,5.17,0.0
20230602:1802,0.0,0.0,0.0,11.48,5.24,0.0
20230602:1902,0.0,0.0,0.0,11.51,5.93,0.0
20230602:2002,0.0,0.0,0.0,11.48,5.24,0.0
20230602:2102,0.0,0.0,0.0,11.56,5.79,0.0
20230602:2202,0.0,0.0,0.0,11.51,5.86,0.0
20230602:2302,0.0,0.0,0.0,11.52,5.72,0.0
20230603:0002,0.0,0.0,0.0,11.29,6.28,0.0
20230603:0102,0.0,0.0,0.0,11.2,5.66,0.0
20230603:0202,0.0,0.0,0.0,11.31,4.62,0.0
20230603:0302,0.0,0.0,0.0,11.42,4.07,0.0
20230603:0402,0.0,0.0,0.0,11.52,3.79,0.0
20230603:0502,0.0,0.0,0.0,11.59,3.45,0.0
20230603:0602,0.0,1.82,2.88,11.74,3.31,0.0
20230603:0702,60.42,87.44,13.2,11.8,3.59,0.0
20230603:0802,112.81,148.46,22.11,11.87,4.0,0.0
20230603:0902,113.57,149.94,28.98,12.64,3.72,0.0
20230603:1002,161.58,218.87,33.03,13.06,4.41,0.0
20230603:1102,42.07,109.53,33.65,13.36,4.41,0.0
20230603:1202,165.61,212.68,30.73,13.61,4.21,0.0
20230603:1302,56.88,88.33,24.75,12.74,4.14,0.0
20230603:1402,71.09,100.19,16.46,12.14,3.52,0.0
20230603:1502,18.63,35.52,6.57,11.58,2.62,0.0
20230603:1602,0.0,0.0,0.0,10.99,2.0,0.0
20230603:1702,0.0,0.0,0.0,10.54,1.72,0.0
20230603:1802,0.0,0.0,0.0,10.15,1.38,0.0
20230603:1902,0.0,0.0,0.0,10.2,1.31,0.0
20230603:2002,0.0,0.0,0.0,9.38,1.38,0.0
20230603:2102,0.0,0.0,0.0,9.06,1.45,0.0
20230603:2202,0.0,0.0,0.0,9.0,1.59,0.0
20230603:2302,0.0,0.0,0.0,8.16,1.59,0.0
20230604:0002,0.0,0.0,0.0,8.71,1.45,0.0
20230604:0102,0.0,0.0,0.0,8.44,1.52,0.0
20230604:0202,0.0,0.0,0.0,8.32,1.79,0.0
20230604:0302,0.0,0.0,0.0,8.36,1.93,0.0
20230604:0402,0.0,0.0,0.0,8.17,2.07,0.0
20230604:0502,0.0,0.0,0.0,8.35,2.21,0.0
20230604:0602,1.95,10.02,2.78,8.27,2.48,0.0
20230604:0702,56.57,81.97,13.09,8.91,2.55,0.0
20230604:0802,98.74,131.15,21.99,9.56,2.9,0.0
20230604:0902,32.39,79.16,28.85,10.75,3.38,0.0
20230604:1002,183.82,237.7,32.91,11.97,3.59,0.0
20230604:1102,53.09,78.8,33.54,12.33,4.48,0.0
20230604:1202,124.92,162.3,30.63,11.92,4.9,0.0
20230604:1302,26.19,45.57,24.67,12.57,5.45,0.0
20230604:1402,13.41,28.23,16.4,10.7,5.86,0.0
20230604:1502,0.28,6.38,6.52,10.04,4.9,0.0
20230604:1602,0.0,0.0,0.0,9.69,3.79,0.0
20230604:1702,0.0,0.0,0.0,9.92,2.83,0.0
20230604:1802,0.0,0.0,0.0,9.8,2.83,0.0
20230604:1902,0.0,0.0,0.0,9.53,2.41,0.0
20230604:2002,0.0,0.0,0.0,9.04,2.14,0.0
20230604:2102,0.0,0.0,0.0,8.39,1.72,0.0
20230604:2202,0.0,0.0,0.0,7.82,1.38,0.0
20230604:2302,0.0,0.0,0.0,7.07,1.38,0.0
20230605:0002,0.0,0.0,0.0,6.68,1.31,0.0
20230605:0102,0.0,0.0,0.0,6.42,1.31,0.0
20230605:0202,0.0,0.0,0.0,5.92,1.38,0.0
20230605:0302,0.0,0.0,0.0,5.54,1.52,0.0
20230605:0402,0.0,0.0,0.0,5.73,1.66,0.0
20230605:0502,0.0,0.0,0.0,5.93,1.66,0.0
20230605:0602,2.97,11.84,2.68,5.59,1.66,0.0
20230605:0702,38.59,60.11,12.98,7.41,1.59,0.0
20230605:0802,116.06,151.19,21.88,9.44,1.93,0.0
20230605:0902,149.79,197.15,28.73,10.52,2.21,0.0
20230605:1002,108.97,168.12,32.79,11.28,2.41,0.0
20230605:1102,107.06,168.28,33.43,11.95,2.41,0.0
20230605:1202,142.74,195.81,30.54,12.19,2.14,0.0
20230605:1302,110.58,148.11,24.59,12.19,2.0,0.0
20230605:1402,45.11,69.22,16.34,12.02,1.72,0.0
20230605:1502,12.68,27.32,6.47,11.57,1.17,0.0
20230605:1602,0.0,0.0,0.0,10.88,0.76,0.0
20230605:1702,0.0,0.0,0.0,10.55,0.41,0.0
20230605:1802,0.0,0.0,0.0,10.17,0.48,0.0
20230605:1902,0.0,0.0,0.0,9.83,0.62,0.0
20230605:2002,0.0,0.0,0.0,8.17,1.03,0.0
20230605:2102,0.0,0.0,0.0,6.85,1.17,0.0
20230605:2202,0.0,0.0,0.0,5.4,1.38,0.0
20230605:2302,0.0,0.0,0.0,4.33,1.52,0.0
20230606:0002,0.0,0.0,0.0,3.66,1.52,0.0
20230606:0102,0.0,0.0,0.0,3.1,1.59,0.0
20230606:0202,0.0,0.0,0.0,2.82,1.66,0.0
20230606:0302,0.0,0.0,0.0,2.71,1.66,0.0
20230606:0402,0.0,0.0,0.0,2.73,1.66,0.0
20230606:0502,0.0,0.0,0.0,3.13,1.59,0.0
20230606:0602,3.53,12.75,2.58,3.48,1.52,0.0
20230606:0702,0.0,0.0,0.0,5.75,1.24,0.0
20230606:0802,42.24,65.58,21.77,11.28,0.76,0.0
20230606:0902,28.89,74.39,28.62,14.35,0.97,0.0
20230606:1002,43.56,106.82,32.68,15.77,1.45,0.0
20230606:1102,43.77,109.82,33.32,16.42,1.72,0.0
20230606:1202,28.42,83.12,30.45,16.72,1.72,0.0
20230606:1302,17.21,37.61,24.52,16.73,1.66,0.0
20230606:1402,31.18,52.83,16.29,16.31,1.31,0.0
20230606:1502,13.68,29.15,6.43,15.33,0.83,0.0
20230606:1602,0.0,0.0,0.0,14.31,0.55,0.0
20230606:1702,0.0,0.0,0.0,13.06,0.97,0.0
20230606:1802,0.0,0.0,0.0,11.87,1.24,0.0
20230606:1902,0.0,0.0,0.0,12.34,1.03,0.0
20230606:2002,0.0,0.0,0.0,11.12,1.24,0.0
20230606:2102,0.0,0.0,0.0,9.37,1.52,0.0
20230606:2202,0.0,0.0,0.0,8.18,1.72,0.0
20230606:2302,0.0,0.0,0.0,7.15,1.93,0.0
20230607:0002,0.0,0.0,0.0,6.46,2.14,0.0
20230607:0102,0.0,0.0,0.0,5.98,2.21,0.0
20230607:0202,0.0,0.0,0.0,5.74,2.21,0.0
20230607:0302,0.0,0.0,0.0,5.53,2.28,0.0
20230607:0402,0.0,0.0,0.0,5.75,2.48,0.0
20230607:0502,0.0,0.0,0.0,5.66,2.62,0.0
20230607:0602,0.68,7.29,2.48,5.87,2.76,0.0
20230607:0702,50.05,73.77,12.78,7.37,2.69,0.0
20230607:0802,101.3,133.89,21.66,9.6,4.21,0.0
20230607:0902,140.82,180.11,28.51,10.7,4.69,0.0
20230607:1002,115.96,151.91,32.57,11.87,4.9,0.0
20230607:1102,45.2,69.31,33.23,12.56,5.24,0.0
20230607:1202,44.4,68.36,30.37,12.7,5.31,0.0
20230607:1302,39.78,62.66,24.46,12.5,4.9,0.0
20230607:1402,67.25,95.63,16.24,12.31,4.62,0.0
20230607:1502,0.26,6.38,6.4,11.9,3.66,0.0
20230607:1602,0.0,0.0,0.0,11.46,3.59,0.0
20230607:1702,0.0,0.0,0.0,11.63,3.66,0.0
20230607:1802,0.0,0.0,0.0,11.65,4.07,0.0
20230607:1902,0.0,0.0,0.0,11.76,4.28,0.0
20230607:2002,0.0,0.0,0.0,11.78,4.34,0.0
20230607:2102,0.0,0.0,0.0,11.36,4.34,0.0
20230607:2202,0.0,0.0,0.0,11.05,4.21,0.0
20230607:2302,0.0,0.0,0.0,11.16,4.14,0.0
20230608:0002,0.0,0.0,0.0,11.38,3.79,0.0
20230608:0102,0.0,0.0,0.0,11.49,3.03,0.0
20230608:0202,0.0,0.0,0.0,11.67,3.03,0.0
20230608:0302,0.0,0.0,0.0,11.81,3.03,0.0
20230608:0402,0.0,0.0,0.0,11.94,3.17,0.0
20230608:0502,0.0,0.0,0.0,11.98,3.17,0.0
20230608:0602,0.26,6.38,2.39,12.1,3.24,0.0
20230608:0702,50.36,75.6,12.68,12.4,3.38,0.0
20230608:0802,108.28,143.9,21.56,12.78,3.45,0.0
20230608:0902,123.31,161.88,28.41,13.23,3.31,0.0
20230608:1002,24.57,43.67,32.47,13.63,3.52,0.0
20230608:1102,113.04,150.01,33.14,13.91,3.93,0.0
20230608:1202,64.49,93.05,30.29,14.0,4.0,0.0
20230608:1302,37.9,60.76,24.4,14.19,4.28,0.0
20230608:1402,69.0,98.37,16.2,13.94,4.48,0.0
20230608:1502,1.42,9.11,6.37,13.81,4.34,0.0
20230608:1602,0.0,0.0,0.0,13.52,3.45,0.0
20230608:1702,0.0,0.0,0.0,13.48,2.48,0.0
20230608:1802,0.0,0.0,0.0,13.48,2.14,0.0
20230608:1902,0.0,0.0,0.0,13.14,1.72,0.0
20230608:2002,0.0,0.0,0.0,12.82,1.72,0.0
20230608:2102,0.0,0.0,0.0,12.48,1.59,0.0
20230608:2202,0.0,0.0,0.0,12.51,1.38,0.0
20230608:2302,0.0,0.0,0.0,12.17,1.31,0.0
20230609:0002,0.0,0.0,0.0,11.87,1.17,0.0
20230609:0102,0.0,0.0,0.0,11.64,1.1,0.0
20230609:0202,0.0,0.0,0.0,11.37,1.1,0.0
20230609:0302,0.0,0.0,0.0,11.11,0.9,0.0
20230609:0402,0.0,0.0,0.0,10.82,0.9,0.0
20230609:0502,0.0,0.0,0.0,10.47,0.97,0.0
20230609:0602,1.91,10.02,2.31,10.46,0.9,0.0
20230609:0702,34.12,55.56,12.59,11.6,1.38,0.0
20230609:0802,89.43,122.05,21.47,12.13,1.38,0.0
20230609:0902,82.99,128.51,28.31,13.49,1.45,0.0
20230609:1002,110.72,168.84,32.38,14.55,1.59,0.0
20230609:1102,139.41,199.12,33.05,15.44,1.79,0.0
20230609:1202,66.26,118.29,30.23,15.79,2.14,0.0
20230609:1302,71.26,102.01,24.35,15.68,2.28,0.0
20230609:1402,60.05,88.35,16.16,15.29,2.28,0.0
20230609:1502,15.68,31.88,6.35,14.6,1.52,0.0
20230609:1602,0.0,0.0,0.0,13.34,1.45,0.0
20230609:1702,0.0,0.0,0.0,12.23,1.38,0.0
20230609:1802,0.0,0.0,0.0,11.59,1.17,0.0
20230609:1902,0.0,0.0,0.0,11.33,1.38,0.0
20230609:2002,0.0,0.0,0.0,11.18,1.38,0.0
20230609:2102,0.0,0.0,0.0,11.14,1.31,0.0
20230609:2202,0.0,0.0,0.0,10.93,1.38,0.0
20230609:2302,0.0,0.0,0.0,10.86,1.31,0.0
20230610:0002,0.0,0.0,0.0,10.66,1.31,0.0
20230610:0102,0.0,0.0,0.0,10.47,1.38,0.0
20230610:0202,0.0,0.0,0.0,10.29,1.38,0.0
20230610:0302,0.0,0.0,0.0,10.09,1.38,0.0
20230610:0402,0.0,0.0,0.0,9.9,1.45,0.0
20230610:0502,0.0,0.0,0.0,9.78,1.45,0.0
20230610:0602,1.48,9.11,2.22,9.62,1.38,0.0
20230610:0702,27.88,47.36,12.5,9.93,1.38,0.0
20230610:0802,42.13,65.58,21.38,12.02,1.59,0.0
20230610:0902,25.47,66.39,28.22,13.69,2.0,0.0
20230610:1002,41.15,100.64,32.29,14.83,2.34,0.0
20230610:1102,41.16,103.58,32.98,15.58,2.48,0.0
20230610:1202,28.56,79.45,30.16,15.99,2.55,0.0
20230610:1302,39.87,63.76,24.3,16.02,2.34,0.0
20230610:1402,29.19,50.09,16.13,15.66,1.93,0.0
20230610:1502,14.36,30.06,6.33,14.95,1.31,0.0
20230610:1602,0.0,0.0,0.0,13.59,0.97,0.0
20230610:1702,0.0,0.0,0.0,12.81,0.9,0.0
20230610:1802,0.0,0.0,0.0,12.39,0.9,0.0
20230610:1902,0.0,0.0,0.0,11.18,1.1,0.0
20230610:2002,0.0,0.0,0.0,10.46,1.24,0.0
20230610:2102,0.0,0.0,0.0,9.45,1.38,0.0
20230610:2202,0.0,0.0,0.0,8.5,1.66,0.0
20230610:2302,0.0,0.0,0.0,8.12,1.79,0.0
20230611:0002,0.0,0.0,0.0,8.17,1.93,0.0
20230611:0102,0.0,0.0,0.0,7.99,2.14,0.0
20230611:0202,0.0,0.0,0.0,7.96,2.28,0.0
20230611:0302,0.0,0.0,0.0,7.83,2.41,0.0
20230611:0402,0.0,0.0,0.0,7.84,2.41,0.0
20230611:0502,0.0,0.0,0.0,7.61,2.41,0.0
20230611:0602,1.51,9.11,2.14,7.48,2.41,0.0
20230611:0702,44.33,67.4,12.42,8.91,2.28,0.0
20230611:0802,96.65,129.33,21.29,10.65,2.9,0.0
20230611:0902,143.03,188.45,28.14,11.75,3.24,0.0
20230611:1002,152.27,195.07,32.21,12.69,3.86,0.0
20230611:1102,176.02,223.99,32.91,13.4,4.83,0.0
20230611:1202,148.5,191.44,30.11,13.73,5.03,0.0
20230611:1302,113.54,150.28,24.26,13.78,5.31,0.0
20230611:1402,60.08,87.44,16.1,13.17,4.97,0.0
20230611:1502,5.45,16.39,6.31,12.24,4.69,0.0
20230611:1602,0.0,0.0,0.0,11.32,4.34,0.0
20230611:1702,0.0,0.0,0.0,10.53,4.21,0.0
20230611:1802,0.0,0.0,0.0,10.22,4.0,0.0
20230611:1902,0.0,0.0,0.0,10.52,2.62,0.0
20230611:2002,0.0,0.0,0.0,10.47,2.34,0.0
20230611:2102,0.0,0.0,0.0,10.29,2.41,0.0
20230611:2202,0.0,0.0,0.0,10.02,2.28,0.0
20230611:2302,0.0,0.0,0.0,10.05,1.93,0.0
20230612:0002,0.0,0.0,0.0,9.88,1.72,0.0
20230612:0102,0.0,0.0,0.0,10.17,1.72,0.0
20230612:0202,0.0,0.0,0.0,10.25,1.52,0.0
20230612:0302,0.0,0.0,0.0,10.23,1.59,0.0
20230612:0402,0.0,0.0,0.0,10.34,1.72,0.0
20230612:0502,0.0,0.0,0.0,10.27,1.59,0.0
20230612:0602,1.05,8.2,2.06,9.99,1.72,0.0
20230612:0702,43.18,66.49,12.34,10.75,2.34,0.0
20230612:0802,111.11,146.64,21.21,11.7,2.9,0.0
20230612:0902,0.0,0.0,0.0,12.47,3.86,0.0
20230612:1002,178.07,227.19,32.14,12.63,4.14,0.0
20230612:1102,181.0,234.06,32.85,12.6,4.14,0.0
20230612:1202,97.4,131.02,30.06,12.54,4.07,0.0
20230612:1302,54.96,81.06,24.23,12.26,3.93,0.0
20230612:1402,76.62,106.56,16.08,11.85,3.45,0.0
20230612:1502,4.38,14.57,6.3,11.44,2.62,0.0
20230612:1602,0.0,0.0,0.0,10.87,2.14,0.0
20230612:1702,0.0,0.0,0.0,10.73,2.14,0.0
20230612:1802,0.0,0.0,0.0,10.64,2.28,0.0
20230612:1902,0.0,0.0,0.0,11.2,2.83,0.0
20230612:2002,0.0,0.0,0.0,11.07,3.1,0.0
20230612:2102,0.0,0.0,0.0,11.03,3.31,0.0
20230612:2202,0.0,0.0,0.0,11.19,3.45,0.0
20230612:2302,0.0,0.0,0.0,11.22,3.59,0.0
20230613:0002,0.0,0.0,0.0,11.25,3.66,0.0
20230613:0102,0.0,0.0,0.0,10.77,3.72,0.0
20230613:0202,0.0,0.0,0.0,10.92,3.72,0.0
20230613:0302,0.0,0.0,0.0,11.09,3.72,0.0
20230613:0402,0.0,0.0,0.0,11.25,3.72,0.0
20230613:0502,0.0,0.0,0.0,11.38,3.52,0.0
20230613:0602,0.0,4.55,1.99,11.52,3.45,0.0
20230613:0702,14.62,30.06,12.26,11.81,3.52,0.0
20230613:0802,75.06,104.74,21.14,12.11,4.55,0.0
20230613:0902,60.12,87.35,27.99,12.67,4.07,0.0
20230613:1002,54.51,80.7,32.07,12.89,4.07,0.0
20230613:1102,44.95,69.31,32.79,13.69,5.17,0.0
20230613:1202,53.59,79.75,30.02,13.53,5.31,0.0
20230613:1302,55.35,81.97,24.2,13.76,4.9,0.0
20230613:1402,64.6,92.9,16.07,13.45,5.17,0.0
20230613:1502,5.98,17.31,6.3,13.06,5.45,0.0
20230613:1602,0.0,0.0,0.0,12.46,5.1,0.0
20230613:1702,0.0,0.0,0.0,12.43,5.17,0.0
20230613:1802,0.0,0.0,0.0,12.44,5.31,0.0
20230613:1902,0.0,0.0,0.0,12.51,5.52,0.0
20230613:2002,0.0,0.0,0.0,12.53,5.66,0.0
20230613:2102,0.0,0.0,0.0,12.52,6.0,0.0
20230613:2202,0.0,0.0,0.0,12.65,5.31,0.0
20230613:2302,0.0,0.0,0.0,12.77,5.17,0.0
20230614:0002,0.0,0.0,0.0,12.9,5.79,0.0
20230614:0102,0.0,0.0,0.0,12.9,5.72,0.0
20230614:0202,0.0,0.0,0.0,12.91,5.93,0.0
20230614:0302,0.0,0.0,0.0,13.15,5.17,0.0
20230614:0402,0.0,0.0,0.0,12.58,4.34,0.0
20230614:0502,0.0,0.0,0.0,12.21,3.52,0.0
20230614:0602,0.0,2.73,1.92,12.11,2.9,0.0
20230614:0702,52.62,78.33,12.19,12.34,2.97,0.0
20230614:0802,57.85,84.7,21.07,12.64,3.03,0.0
20230614:0902,41.15,64.56,27.92,13.24,3.93,0.0
20230614:1002,136.82,177.36,32.01,13.4,4.28,0.0
20230614:1102,131.36,170.86,32.74,13.29,4.14,0.0
20230614:1202,81.64,112.98,29.98,13.17,3.86,0.0
20230614:1302,49.46,74.68,24.18,13.02,3.59,0.0
20230614:1402,54.78,81.06,16.06,12.86,3.59,0.0
20230614:1502,17.21,33.7,6.3,12.44,2.97,0.0
20230614:1602,0.0,0.0,0.0,11.98,2.48,0.0
20230614:1702,0.0,0.0,0.0,11.44,2.21,0.0
20230614:1802,0.0,0.0,0.0,10.34,2.28,0.0
20230614:1902,0.0,0.0,0.0,10.77,2.55,0.0
20230614:2002,0.0,0.0,0.0,10.66,2.97,0.0
20230614:2102,0.0,0.0,0.0,10.02,2.9,0.0
20230614:2202,0.0,0.0,0.0,9.6,2.76,0.0
20230614:2302,0.0,0.0,0.0,9.19,2.69,0.0
20230615:0002,0.0,0.0,0.0,9.43,2.62,0.0
20230615:0102,0.0,0.0,0.0,9.54,3.17,0.0
20230615:0202,0.0,0.0,0.0,10.06,3.93,0.0
20230615:0302,0.0,0.0,0.0,12.57,5.66,0.0
20230615:0402,0.0,0.0,0.0,13.33,5.93,0.0
20230615:0502,0.0,0.0,0.0,13.3,4.76,0.0
20230615:0602,0.0,3.64,1.86,13.25,4.69,0.0
20230615:0702,42.66,66.49,12.13,13.52,4.28,0.0
20230615:0802,106.35,142.08,21.0,14.0,5.24,0.0
20230615:0902,124.64,163.51,27.86,13.78,4.48,0.0
20230615:1002,124.46,163.25,31.96,14.06,4.83,0.0
20230615:1102,170.57,225.67,32.7,13.88,3.86,0.0
20230615:1202,142.67,193.29,29.96,14.12,3.45,0.0
20230615:1302,78.81,110.21,24.17,13.99,2.62,0.0
20230615:1402,54.43,81.06,16.05,13.69,1.66,0.0
20230615:1502,16.44,32.79,6.31,13.4,1.17,0.0
20230615:1602,0.0,0.0,0.0,12.42,1.38,0.0
20230615:1702,0.0,0.0,0.0,11.29,1.72,0.0
20230615:1802,0.0,0.0,0.0,11.23,1.86,0.0
20230615:1902,0.0,0.0,0.0,11.26,1.79,0.0
20230615:2002,0.0,0.0,0.0,10.84,2.07,0.0
20230615:2102,0.0,0.0,0.0,10.64,2.21,0.0
20230615:2202,0.0,0.0,0.0,10.42,2.41,0.0
20230615:2302,0.0,0.0,0.0,10.2,2.62,0.0
20230616:0002,0.0,0.0,0.0,9.9,2.69,0.0
20230616:0102,0.0,0.0,0.0,9.46,2.9,0.0
20230616:0202,0.0,0.0,0.0,9.22,3.1,0.0
20230616:0302,0.0,0.0,0.0,8.85,3.17,0.0
20230616:0402,0.0,0.0,0.0,8.55,3.24,0.0
20230616:0502,0.0,0.0,0.0,8.43,3.38,0.0
20230616:0602,0.29,6.38,1.79,8.56,3.52,0.0
20230616:0702,29.41,49.18,12.06,9.68,4.0,0.0
20230616:0802,92.6,124.78,20.94,11.16,3.79,0.0
20230616:0902,146.44,190.78,27.8,12.53,6.21,0.0
20230616:1002,149.78,192.24,31.91,13.7,6.41,0.0
20230616:1102,162.56,207.95,32.66,14.57,7.1,0.0
20230616:1202,120.82,159.33,29.93,14.94,7.1,0.0
20230616:1302,104.53,140.26,24.16,14.79,6.69,0.0
20230616:1402,30.87,51.92,16.06,14.43,6.0,0.0
20230616:1502,3.29,12.75,6.32,13.74,5.52,0.0
20230616:1602,0.0,0.0,0.0,13.04,4.97,0.0
20230616:1702,0.0,0.0,0.0,12.78,4.97,0.0
20230616:1802,0.0,0.0,0.0,12.35,4.83,0.0
20230616:1902,0.0,0.0,0.0,12.24,5.17,0.0
20230616:2002,0.0,0.0,0.0,12.33,5.38,0.0
20230616:2102,0.0,0.0,0.0,12.35,5.45,0.0
20230616:2202,0.0,0.0,0.0,12.32,5.24,0.0
20230616:2302,0.0,0.0,0.0,12.24,5.17,0.0
20230617:0002,0.0,0.0,0.0,12.09,5.03,0.0
20230617:0102,0.0,0.0,0.0,12.18,4.97,0.0
20230617:0202,0.0,0.0,0.0,11.91,4.97,0.0
20230617:0302,0.0,0.0,0.0,11.87,4.83,0.0
20230617:0402,0.0,0.0,0.0,11.85,4.62,0.0
20230617:0502,0.0,0.0,0.0,11.88,4.14,0.0
20230617:0602,0.0,0.91,1.74,11.88,3.24,0.0
20230617:0702,38.44,61.02,12.01,12.36,3.38,0.0
20230617:0802,91.82,124.78,20.89,12.68,3.03,0.0
20230617:0902,147.15,190.14,27.75,12.81,3.52,0.0
20230617:1002,128.89,167.94,31.87,12.83,3.45,0.0
20230617:1102,176.3,224.82,32.64,12.83,3.59,0.0
20230617:1202,81.66,112.98,29.92,12.94,3.24,0.0
20230617:1302,128.63,167.59,24.15,12.69,2.83,0.0
20230617:1402,77.09,107.47,16.06,12.46,2.69,0.0
20230617:1502,1.45,9.11,6.33,12.08,2.41,0.0
20230617:1602,0.0,0.0,0.0,11.39,1.79,0.0
20230617:1702,0.0,0.0,0.0,10.58,1.52,0.0
20230617:1802,0.0,0.0,0.0,9.7,1.52,0.0
20230617:1902,0.0,0.0,0.0,9.18,1.72,0.0
20230617:2002,0.0,0.0,0.0,8.61,1.86,0.0
20230617:2102,0.0,0.0,0.0,7.93,2.0,0.0
20230617:2202,0.0,0.0,0.0,8.16,2.07,0.0
20230617:2302,0.0,0.0,0.0,8.05,2.07,0.0
20230618:0002,0.0,0.0,0.0,8.35,2.14,0.0
20230618:0102,0.0,0.0,0.0,8.42,2.21,0.0
20230618:0202,0.0,0.0,0.0,8.48,2.21,0.0
20230618:0302,0.0,0.0,0.0,8.76,2.28,0.0
20230618:0402,0.0,0.0,0.0,8.93,2.41,0.0
20230618:0502,0.0,0.0,0.0,8.93,2.55,0.0
20230618:0602,0.0,3.64,1.68,8.86,2.69,0.0
20230618:0702,26.55,45.54,11.95,9.43,2.55,0.0
20230618:0802,94.33,126.6,20.84,10.65,3.24,0.0
20230618:0902,24.8,60.35,27.71,11.53,3.86,0.0
20230618:1002,127.13,180.92,31.84,12.47,5.38,0.0
20230618:1102,42.5,100.78,32.61,12.79,5.79,0.0
20230618:1202,36.14,83.38,29.91,12.86,5.31,0.0
20230618:1302,121.28,158.48,24.16,12.57,4.97,0.0
20230618:1402,77.34,107.47,16.08,12.36,5.17,0.0
20230618:1502,18.62,35.52,6.35,11.84,4.55,0.0
20230618:1602,0.0,0.0,0.0,11.24,4.48,0.0
20230618:1702,0.0,0.0,0.0,10.92,4.41,0.0
20230618:1802,0.0,0.0,0.0,10.68,4.48,0.0
20230618:1902,0.0,0.0,0.0,10.92,4.9,0.0
20230618:2002,0.0,0.0,0.0,10.87,5.1,0.0
20230618:2102,0.0,0.0,0.0,10.89,5.24,0.0
20230618:2202,0.0,0.0,0.0,10.83,5.17,0.0
20230618:2302,0.0,0.0,0.0,10.58,5.1,0.0
20230619:0002,0.0,0.0,0.0,10.62,5.45,0.0
20230619:0102,0.0,0.0,0.0,10.24,5.45,0.0
20230619:0202,0.0,0.0,0.0,10.37,5.38,0.0
20230619:0302,0.0,0.0,0.0,10.59,5.17,0.0
20230619:0402,0.0,0.0,0.0,10.49,5.52,0.0
20230619:0502,0.0,0.0,0.0,9.67,5.79,0.0
20230619:0602,0.28,6.38,1.63,9.68,5.03,0.0
20230619:0702,10.91,24.59,11.91,9.89,4.69,0.0
20230619:0802,76.27,105.65,20.79,10.8,3.93,0.0
20230619:0902,112.82,147.84,27.67,10.61,3.66,0.0
20230619:1002,172.84,224.11,31.81,11.88,4.62,0.0
20230619:1102,52.45,110.06,32.6,12.23,4.76,0.0
20230619:1202,96.01,129.12,29.91,12.2,4.83,0.0
20230619:1302,58.17,84.7,24.17,11.84,4.83,0.0
20230619:1402,27.78,47.36,16.09,11.05,4.48,0.0
20230619:1502,8.42,20.95,6.37,10.31,3.38,0.0
20230619:1602,0.0,0.0,0.0,9.45,3.31,0.0
20230619:1702,0.0,0.0,0.0,9.39,3.17,0.0
20230619:1802,0.0,0.0,0.0,9.3,2.97,0.0
20230619:1902,0.0,0.0,0.0,8.95,2.28,0.0
20230619:2002,0.0,0.0,0.0,8.99,2.0,0.0
20230619:2102,0.0,0.0,0.0,8.83,1.79,0.0
20230619:2202,0.0,0.0,0.0,8.54,1.66,0.0
20230619:2302,0.0,0.0,0.0,8.19,1.38,0.0
20230620:0002,0.0,0.0,0.0,7.97,1.17,0.0
20230620:0102,0.0,0.0,0.0,7.23,1.03,0.0
20230620:0202,0.0,0.0,0.0,7.1,0.97,0.0
20230620:0302,0.0,0.0,0.0,6.49,1.1,0.0
20230620:0402,0.0,0.0,0.0,6.4,1.1,0.0
20230620:0502,0.0,0.0,0.0,6.17,1.24,0.0
20230620:0602,0.0,1.82,1.59,6.14,1.24,0.0
20230620:0702,49.91,73.77,11.86,7.64,1.45,0.0
20230620:0802,45.01,68.31,20.76,9.18,1.86,0.0
20230620:0902,76.69,116.39,27.64,10.25,2.41,0.0
20230620:1002,133.71,186.73,31.79,10.87,2.69,0.0
20230620:1102,119.83,156.66,32.59,11.62,2.83,0.0
20230620:1202,165.23,212.58,29.91,11.83,2.83,0.0
20230620:1302,103.9,138.44,24.18,12.03,3.17,0.0
20230620:1402,76.59,106.56,16.12,11.64,2.48,0.0
20230620:1502,17.31,33.7,6.4,11.23,2.14,0.0
20230620:1602,0.0,0.0,0.0,10.34,1.66,0.0
20230620:1702,0.0,0.0,0.0,9.47,1.59,0.0
20230620:1802,0.0,0.0,0.0,8.87,1.72,0.0
20230620:1902,0.0,0.0,0.0,8.26,2.21,0.0
20230620:2002,0.0,0.0,0.0,7.93,2.28,0.0
20230620:2102,0.0,0.0,0.0,7.61,2.21,0.0
20230620:2202,0.0,0.0,0.0,7.35,2.21,0.0
20230620:2302,0.0,0.0,0.0,7.22,2.21,0.0
20230621:0002,0.0,0.0,0.0,7.17,2.14,0.0
20230621:0102,0.0,0.0,0.0,7.07,2.0,0.0
20230621:0202,0.0,0.0,0.0,7.12,2.07,0.0
20230621:0302,0.0,0.0,0.0,7.25,2.07,0.0
20230621:0402,0.0,0.0,0.0,7.29,1.93,0.0
20230621:0502,0.0,0.0,0.0,7.83,1.79,0.0
20230621:0602,0.0,1.82,1.55,8.44,1.86,0.0
20230621:0702,47.25,71.04,11.83,9.22,1.59,0.0
20230621:0802,78.49,108.38,20.72,10.4,1.52,0.0
20230621:0902,130.5,169.39,27.62,10.92,1.45,0.0
20230621:1002,96.61,130.07,31.77,11.45,1.31,0.0
20230621:1102,162.81,208.67,32.59,11.84,0.9,0.0
20230621:1202,149.74,193.55,29.92,11.94,0.76,0.0
20230621:1302,96.3,130.24,24.2,12.21,0.97,0.0
20230621:1402,68.46,97.45,16.14,12.31,1.1,0.0
20230621:1502,11.39,25.5,6.44,12.08,1.38,0.0
20230621:1602,0.0,0.0,0.0,11.42,1.72,0.0
20230621:1702,0.0,0.0,0.0,10.96,2.0,0.0
20230621:1802,0.0,0.0,0.0,10.48,2.14,0.0
20230621:1902,0.0,0.0,0.0,10.32,2.21,0.0
20230621:2002,0.0,0.0,0.0,9.73,2.21,0.0
20230621:2102,0.0,0.0,0.0,9.38,2.21,0.0
20230621:2202,0.0,0.0,0.0,8.85,2.14,0.0
20230621:2302,0.0,0.0,0.0,8.62,2.07,0.0
20230622:0002,0.0,0.0,0.0,8.43,2.0,0.0
20230622:0102,0.0,0.0,0.0,8.03,1.93,0.0
20230622:0202,0.0,0.0,0.0,7.68,2.0,0.0
20230622:0302,0.0,0.0,0.0,7.34,2.0,0.0
20230622:0402,0.0,0.0,0.0,7.27,2.0,0.0
20230622:0502,0.0,0.0,0.0,7.29,2.07,0.0
20230622:0602,0.0,5.46,1.51,7.23,2.14,0.0
20230622:0702,26.05,44.63,11.79,7.74,2.14,0.0
20230622:0802,41.84,64.67,20.7,9.96,2.07,0.0
20230622:0902,24.61,59.46,27.6,12.92,1.93,0.0
20230622:1002,35.91,91.4,31.77,15.35,1.79,0.0
20230622:1102,37.27,96.44,32.59,17.21,1.59,0.0
20230622:1202,27.52,75.24,29.94,18.33,1.45,0.0
20230622:1302,39.98,64.67,24.23,18.87,1.66,0.0
20230622:1402,32.9,55.56,16.18,18.76,1.72,0.0
20230622:1502,12.88,28.23,6.47,17.77,1.52,0.0
20230622:1602,0.0,0.0,0.0,15.74,1.72,0.0
20230622:1702,0.0,0.0,0.0,13.37,1.93,0.0
20230622:1802,0.0,0.0,0.0,11.33,2.0,0.0
20230622:1902,0.0,0.0,0.0,10.14,2.0,0.0
20230622:2002,0.0,0.0,0.0,9.16,2.07,0.0
20230622:2102,0.0,0.0,0.0,8.61,2.07,0.0
20230622:2202,0.0,0.0,0.0,8.28,2.14,0.0
20230622:2302,0.0,0.0,0.0,8.04,2.14,0.0
20230623:0002,0.0,0.0,0.0,7.88,2.21,0.0
20230623:0102,0.0,0.0,0.0,7.95,2.21,0.0
20230623:0202,0.0,0.0,0.0,8.74,2.14,0.0
20230623:0302,0.0,0.0,0.0,9.63,2.07,0.0
20230623:0402,0.0,0.0,0.0,10.25,2.21,0.0
20230623:0502,0.0,0.0,0.0,10.24,2.76,0.0
20230623:0602,0.0,4.55,1.48,10.81,3.24,0.0
20230623:0702,31.24,51.92,11.77,11.89,3.86,0.0
20230623:0802,107.83,143.9,20.68,13.64,3.45,0.0
20230623:0902,147.84,193.1,27.59,14.32,4.83,0.0
20230623:1002,80.41,112.03,31.77,14.56,5.38,0.0
20230623:1102,46.22,71.21,32.61,14.91,5.45,0.0
20230623:1202,38.51,61.71,29.96,15.17,5.86,0.0
20230623:1302,29.32,50.09,24.26,15.18,5.17,0.0
20230623:1402,17.03,33.7,16.21,14.57,5.1,0.0
20230623:1502,5.39,16.39,6.52,13.97,3.86,0.0
20230623:1602,0.0,0.0,0.0,13.22,3.17,0.0
20230623:1702,0.0,0.0,0.0,12.93,2.97,0.0
20230623:1802,0.0,0.0,0.0,12.62,2.69,0.0
20230623:1902,0.0,0.0,0.0,12.21,2.48,0.0
20230623:2002,0.0,0.0,0.0,12.04,2.34,0.0
20230623:2102,0.0,0.0,0.0,11.95,2.28,0.0
20230623:2202,0.0,0.0,0.0,11.93,2.14,0.0
20230623:2302,0.0,0.0,0.0,11.89,2.14,0.0
20230624:0002,0.0,0.0,0.0,11.74,2.0,0.0
20230624:0102,0.0,0.0,0.0,11.74,1.86,0.0
20230624:0202,0.0,0.0,0.0,11.63,1.72,0.0
20230624:0302,0.0,0.0,0.0,11.28,1.52,0.0
20230624:0402,0.0,0.0,0.0,10.94,1.31,0.0
20230624:0502,0.0,0.0,0.0,10.86,1.03,0.0
20230624:0602,0.0,2.73,1.45,10.35,1.03,0.0
20230624:0702,31.34,51.92,11.74,10.73,0.76,0.0
20230624:0802,94.55,128.42,20.66,12.37,0.55,0.0
20230624:0902,78.11,119.23,27.58,13.68,0.9,0.0
20230624:1002,160.65,214.86,31.77,14.09,1.72,0.0
20230624:1102,50.75,76.9,32.62,14.89,2.28,0.0
20230624:1202,115.75,154.67,29.99,15.47,2.34,0.0
20230624:1302,60.66,89.26,24.3,15.78,2.34,0.0
20230624:1402,75.79,107.47,16.26,15.77,2.28,0.0
20230624:1502,8.78,21.86,6.56,14.98,2.14,0.0
20230624:1602,0.0,0.0,0.0,13.83,2.28,0.0
20230624:1702,0.0,0.0,0.0,13.14,2.55,0.0
20230624:1802,0.0,0.0,0.0,12.76,2.76,0.0
20230624:1902,0.0,0.0,0.0,12.45,2.21,0.0
20230624:2002,0.0,0.0,0.0,12.11,2.34,0.0
20230624:2102,0.0,0.0,0.0,11.96,2.48,0.0
20230624:2202,0.0,0.0,0.0,11.77,2.48,0.0
20230624:2302,0.0,0.0,0.0,11.65,2.55,0.0
20230625:0002,0.0,0.0,0.0,11.53,2.55,0.0
20230625:0102,0.0,0.0,0.0,11.47,2.62,0.0
20230625:0202,0.0,0.0,0.0,11.36,2.62,0.0
20230625:0302,0.0,0.0,0.0,11.34,2.69,0.0
20230625:0402,0.0,0.0,0.0,11.5,2.97,0.0
20230625:0502,0.0,0.0,0.0,11.67,3.24,0.0
20230625:0602,0.0,4.55,1.42,11.63,3.31,0.0
20230625:0702,24.82,43.72,11.73,11.85,3.24,0.0
20230625:0802,44.31,68.31,20.65,12.6,3.38,0.0
20230625:0902,27.17,62.59,27.58,13.41,4.0,0.0
20230625:1002,41.24,96.51,31.79,13.88,4.0,0.0
20230625:1102,42.45,101.05,32.65,14.07,3.93,0.0
20230625:1202,30.98,78.7,30.03,13.93,3.86,0.0
20230625:1302,44.13,68.31,24.34,13.5,3.86,0.0
20230625:1402,36.18,58.29,16.31,12.7,3.79,0.0
20230625:1502,14.61,30.06,6.61,11.98,3.79,0.0
20230625:1602,0.0,0.0,0.0,11.23,4.21,0.0
20230625:1702,0.0,0.0,0.0,10.68,4.28,0.0
20230625:1802,0.0,0.0,0.0,10.28,4.21,0.0
20230625:1902,0.0,0.0,0.0,11.2,3.93,0.0
20230625:2002,0.0,0.0,0.0,11.03,3.86,0.0
20230625:2102,0.0,0.0,0.0,11.0,3.79,0.0
20230625:2202,0.0,0.0,0.0,10.98,3.72,0.0
20230625:2302,0.0,0.0,0.0,10.88,3.66,0.0
20230626:0002,0.0,0.0,0.0,10.81,3.72,0.0
20230626:0102,0.0,0.0,0.0,10.85,3.72,0.0
20230626:0202,0.0,0.0,0.0,10.92,3.72,0.0
20230626:0302,0.0,0.0,0.0,11.07,3.79,0.0
20230626:0402,0.0,0.0,0.0,11.12,3.79,0.0
20230626:0502,0.0,0.0,0.0,11.17,3.79,0.0
20230626:0602,0.0,0.0,0.0,11.22,3.86,0.0
20230626:0702,24.89,43.72,11.71,11.4,3.86,0.0
20230626:0802,46.65,71.04,20.65,12.26,3.79,0.0
20230626:0902,29.29,65.21,27.59,13.3,4.41,0.0
20230626:1002,40.85,96.42,31.8,14.41,4.76,0.0
20230626:1102,46.81,105.65,32.68,15.0,4.76,0.0
20230626:1202,27.19,75.5,30.07,15.26,4.83,0.0
20230626:1302,126.73,166.67,24.39,15.22,4.69,0.0
20230626:1402,64.13,92.9,16.36,14.73,4.07,0.0
20230626:1502,0.25,6.38,6.67,13.89,4.21,0.0
20230626:1602,0.0,0.0,0.0,13.13,4.21,0.0
20230626:1702,0.0,0.0,0.0,12.75,4.21,0.0
20230626:1802,0.0,0.0,0.0,12.47,4.21,0.0
20230626:1902,0.0,0.0,0.0,12.05,4.69,0.0
20230626:2002,0.0,0.0,0.0,11.91,4.55,0.0
20230626:2102,0.0,0.0,0.0,11.77,4.55,0.0
20230626:2202,0.0,0.0,0.0,11.63,4.48,0.0
20230626:2302,0.0,0.0,0.0,11.53,4.48,0.0
20230627:0002,0.0,0.0,0.0,11.38,4.48,0.0
20230627:0102,0.0,0.0,0.0,11.56,4.28,0.0
20230627:0202,0.0,0.0,0.0,11.56,3.52,0.0
20230627:0302,0.0,0.0,0.0,11.45,3.17,0.0
20230627:0402,0.0,0.0,0.0,11.4,2.97,0.0
20230627:0502,0.0,0.0,0.0,11.29,2.9,0.0
20230627:0602,0.0,0.0,0.0,11.17,2.83,0.0
20230627:0702,46.84,71.04,11.71,11.31,2.97,0.0
20230627:0802,21.32,39.16,20.65,12.03,2.69,0.0
20230627:0902,23.95,42.72,27.6,12.69,2.55,0.0
20230627:1002,32.0,53.17,31.83,13.09,2.14,0.0
20230627:1102,107.95,144.31,32.72,13.45,1.86,0.0
20230627:1202,57.25,84.5,30.12,13.61,1.03,0.0
20230627:1302,38.85,61.93,24.45,13.4,0.62,0.0
20230627:1402,34.65,56.47,16.42,12.62,0.9,0.0
20230627:1502,3.33,12.75,6.73,12.11,1.45,0.0
20230627:1602,0.0,0.0,0.0,11.58,1.59,0.0
20230627:1702,0.0,0.0,0.0,11.28,1.31,0.0
20230627:1802,0.0,0.0,0.0,11.06,1.17,0.0
20230627:1902,0.0,0.0,0.0,10.78,1.24,0.0
20230627:2002,0.0,0.0,0.0,10.53,1.17,0.0
20230627:2102,0.0,0.0,0.0,9.58,1.24,0.0
20230627:2202,0.0,0.0,0.0,8.23,1.24,0.0
20230627:2302,0.0,0.0,0.0,7.56,1.17,0.0
20230628:0002,0.0,0.0,0.0,7.15,1.24,0.0
20230628:0102,0.0,0.0,0.0,6.16,1.31,0.0
20230628:0202,0.0,0.0,0.0,5.35,1.31,0.0
20230628:0302,0.0,0.0,0.0,5.18,1.31,0.0
20230628:0402,0.0,0.0,0.0,5.35,1.38,0.0
20230628:0502,0.0,0.0,0.0,5.78,1.59,0.0
20230628:0602,0.0,0.0,0.0,5.76,1.72,0.0
20230628:0702,49.97,73.77,11.7,7.28,1.1,0.0
20230628:0802,27.13,46.45,20.66,10.11,1.03,0.0
20230628:0902,131.39,172.24,27.62,12.91,0.83,0.0
20230628:1002,171.82,222.84,31.86,14.06,1.03,0.0
20230628:1102,129.89,170.82,32.77,14.17,1.45,0.0
20230628:1202,162.13,210.62,30.17,13.89,1.38,0.0
20230628:1302,47.71,72.86,24.51,13.52,1.24,0.0
20230628:1402,57.56,84.7,16.48,13.07,0.97,0.0
20230628:1502,12.6,27.32,6.79,12.78,0.83,0.0
20230628:1602,0.0,0.0,0.0,12.11,1.1,0.0
20230628:1702,0.0,0.0,0.0,10.73,1.38,0.0
20230628:1802,0.0,0.0,0.0,9.65,1.52,0.0
20230628:1902,0.0,0.0,0.0,9.19,1.38,0.0
20230628:2002,0.0,0.0,0.0,8.23,1.79,0.0
20230628:2102,0.0,0.0,0.0,7.84,1.93,0.0
20230628:2202,0.0,0.0,0.0,7.89,2.14,0.0
20230628:2302,0.0,0.0,0.0,8.21,2.34,0.0
20230629:0002,0.0,0.0,0.0,8.85,2.69,0.0
20230629:0102,0.0,0.0,0.0,9.36,2.83,0.0
20230629:0202,0.0,0.0,0.0,9.37,2.69,0.0
20230629:0302,0.0,0.0,0.0,9.6,2.55,0.0
20230629:0402,0.0,0.0,0.0,9.68,2.14,0.0
20230629:0502,0.0,0.0,0.0,9.78,2.34,0.0
20230629:0602,0.0,0.0,0.0,9.76,2.62,0.0
20230629:0702,50.01,74.68,11.71,10.82,3.72,0.0
20230629:0802,62.92,90.17,20.67,11.33,4.41,0.0
20230629:0902,112.29,147.85,27.65,11.92,4.69,0.0
20230629:1002,71.72,100.64,31.9,11.62,4.28,0.0
20230629:1102,54.02,79.75,32.82,11.79,4.34,0.0
20230629:1202,163.37,208.88,30.24,12.11,4.41,0.0
20230629:1302,121.3,158.48,24.57,12.28,4.14,0.0
20230629:1402,67.19,95.63,16.55,12.38,4.07,0.0
20230629:1502,13.3,28.23,6.86,12.21,4.48,0.0
20230629:1602,0.0,0.0,0.0,11.98,3.86,0.0
20230629:1702,0.0,0.0,0.0,11.64,3.45,0.0
20230629:1802,0.0,0.0,0.0,11.41,2.97,0.0
20230629:1902,0.0,0.0,0.0,11.27,3.38,0.0
20230629:2002,0.0,0.0,0.0,11.19,2.83,0.0
20230629:2102,0.0,0.0,0.0,10.78,2.48,0.0
20230629:2202,0.0,0.0,0.0,10.9,2.48,0.0
20230629:2302,0.0,0.0,0.0,10.97,2.14,0.0
20230630:0002,0.0,0.0,0.0,11.01,2.07,0.0
20230630:0102,0.0,0.0,0.0,10.75,2.0,0.0
20230630:0202,0.0,0.0,0.0,10.79,2.0,0.0
20230630:0302,0.0,0.0,0.0,10.71,2.21,0.0
20230630:0402,0.0,0.0,0.0,10.67,2.0,0.0
20230630:0502,0.0,0.0,0.0,10.59,1.93,0.0
20230630:0602,0.0,0.0,0.0,10.49,2.0,0.0
20230630:0702,39.43,61.93,11.71,10.85,2.07,0.0
20230630:0802,106.44,141.17,20.69,11.5,2.69,0.0
20230630:0902,140.33,181.37,27.68,12.37,3.59,0.0
20230630:1002,144.12,185.73,31.95,13.13,4.28,0.0
20230630:1102,0.0,0.0,0.0,13.81,4.55,0.0
20230630:1202,140.46,182.51,30.3,14.32,4.41,0.0
20230630:1302,124.72,163.94,24.64,14.41,3.93,0.0
20230630:1402,61.99,90.17,16.62,14.2,3.66,0.0
20230630:1502,18.44,35.52,6.93,13.55,2.83,0.0
20230630:1602,0.0,0.0,0.0,12.36,2.14,0.0
20230630:1702,0.0,0.0,0.0,11.54,1.86,0.0
20230630:1802,0.0,0.0,0.0,10.86,1.66,0.0
20230630:1902,0.0,0.0,0.0,10.22,1.79,0.0
20230630:2002,0.0,0.0,0.0,9.65,1.86,0.0
20230630:2102,0.0,0.0,0.0,9.27,1.86,0.0
20230630:2202,0.0,0.0,0.0,8.92,1.86,0.0
20230630:2302,0.0,0.0,0.0,8.71,1.79,0.0
20230701:0002,0.0,0.0,0.0,8.66,1.59,0.0
20230701:0102,0.0,0.0,0.0,8.41,1.45,0.0
20230701:0202,0.0,0.0,0.0,7.95,1.31,0.0
20230701:0302,0.0,0.0,0.0,7.48,1.38,0.0
20230701:0402,0.0,0.0,0.0,7.54,1.31,0.0
20230701:0502,0.0,0.0,0.0,7.66,1.31,0.0
20230701:0602,0.0,0.0,0.0,7.97,1.31,0.0
20230701:0702,25.86,44.63,11.73,9.04,1.17,0.0
20230701:0802,43.5,67.4,20.71,12.42,1.1,0.0
20230701:0902,29.11,67.32,27.72,14.34,1.59,0.0
20230701:1002,43.61,101.42,32.0,15.42,2.0,0.0
20230701:1102,44.23,105.78,32.94,16.08,2.14,0.0
20230701:1202,36.69,88.02,30.38,16.33,2.07,0.0
20230701:1302,22.99,43.25,24.72,16.2,1.93,0.0
20230701:1402,37.71,61.02,16.7,15.82,1.59,0.0
20230701:1502,14.99,30.97,7.0,15.03,1.17,0.0
20230701:1602,0.0,0.0,0.0,13.84,0.48,0.0
20230701:1702,0.0,0.0,0.0,13.29,0.34,0.0
20230701:1802,0.0,0.0,0.0,12.51,0.55,0.0
20230701:1902,0.0,0.0,0.0,12.03,0.62,0.0
20230701:2002,0.0,0.0,0.0,11.35,0.83,0.0
20230701:2102,0.0,0.0,0.0,10.67,0.9,0.0
20230701:2202,0.0,0.0,0.0,10.06,1.03,0.0
20230701:2302,0.0,0.0,0.0,9.44,1.1,0.0
20230702:0002,0.0,0.0,0.0,9.28,1.03,0.0
20230702:0102,0.0,0.0,0.0,9.27,1.03,0.0
20230702:0202,0.0,0.0,0.0,9.21,1.03,0.0
20230702:0302,0.0,0.0,0.0,9.08,1.1,0.0
20230702:0402,0.0,0.0,0.0,8.91,1.17,0.0
20230702:0502,0.0,0.0,0.0,8.41,1.31,0.0
20230702:0602,0.0,0.0,0.0,7.75,1.38,0.0
20230702:0702,27.52,46.45,11.74,7.38,1.24,0.0
20230702:0802,45.05,69.22,20.74,12.05,0.83,0.0
20230702:0902,27.73,66.75,27.76,15.26,0.76,0.0
20230702:1002,42.51,101.67,32.06,16.78,0.69,0.0
20230702:1102,46.46,109.3,33.02,17.63,0.76,0.0
20230702:1202,37.37,90.15,30.46,18.03,0.83,0.0
20230702:1302,22.82,44.4,24.8,18.15,0.76,0.0
20230702:1402,37.95,61.93,16.78,18.01,0.62,0.0
20230702:1502,15.46,31.88,7.08,17.13,0.76,0.0
20230702:1602,0.0,0.0,0.0,15.14,0.97,0.0
20230702:1702,0.0,0.0,0.0,12.79,1.24,0.0
20230702:1802,0.0,0.0,0.0,11.42,1.31,0.0
20230702:1902,0.0,0.0,0.0,9.8,1.45,0.0
20230702:2002,0.0,0.0,0.0,9.0,1.45,0.0
20230702:2102,0.0,0.0,0.0,8.4,1.45,0.0
20230702:2202,0.0,0.0,0.0,7.87,1.45,0.0
20230702:2302,0.0,0.0,0.0,7.27,1.52,0.0
20230703:0002,0.0,0.0,0.0,6.65,1.59,0.0
20230703:0102,0.0,0.0,0.0,6.74,1.52,0.0
20230703:0202,0.0,0.0,0.0,7.07,1.45,0.0
20230703:0302,0.0,0.0,0.0,7.74,1.31,0.0
20230703:0402,0.0,0.0,0.0,8.48,1.24,0.0
20230703:0502,0.0,0.0,0.0,8.71,1.24,0.0
20230703:0602,0.0,0.0,0.0,8.84,1.17,0.0
20230703:0702,26.56,45.54,11.77,9.1,0.9,0.0
20230703:0802,50.16,75.6,20.78,12.34,0.34,0.0
20230703:0902,31.09,71.18,27.82,14.98,0.07,0.0
20230703:1002,44.6,104.21,32.13,16.15,0.41,0.0
20230703:1102,45.92,109.39,33.09,16.85,0.76,0.0
20230703:1202,40.0,93.44,30.54,17.25,1.03,0.0
20230703:1302,21.16,43.13,24.89,17.13,1.31,0.0
20230703:1402,37.56,61.02,16.86,16.5,1.31,0.0
20230703:1502,16.93,33.7,7.16,15.28,1.24,0.0
20230703:1602,0.0,0.0,0.0,13.44,1.31,0.0
20230703:1702,0.0,0.0,0.0,11.37,1.24,0.0
20230703:1802,0.0,0.0,0.0,9.93,1.31,0.0
20230703:1902,0.0,0.0,0.0,10.28,1.24,0.0
20230703:2002,0.0,0.0,0.0,9.15,1.31,0.0
20230703:2102,0.0,0.0,0.0,8.17,1.45,0.0
20230703:2202,0.0,0.0,0.0,7.56,1.52,0.0
20230703:2302,0.0,0.0,0.0,6.84,1.52,0.0
20230704:0002,0.0,0.0,0.0,6.11,1.52,0.0
20230704:0102,0.0,0.0,0.0,6.05,1.59,0.0
20230704:0202,0.0,0.0,0.0,6.99,1.66,0.0
20230704:0302,0.0,0.0,0.0,8.08,1.72,0.0
20230704:0402,0.0,0.0,0.0,8.89,1.72,0.0
20230704:0502,0.0,0.0,0.0,9.53,1.72,0.0
20230704:0602,0.0,0.0,0.0,9.89,1.72,0.0
20230704:0702,31.41,51.92,11.8,10.54,1.86,0.0
20230704:0802,78.84,109.29,20.82,12.06,3.17,0.0
20230704:0902,30.56,70.7,27.87,12.85,3.45,0.0
20230704:1002,46.72,105.84,32.2,13.45,3.38,0.0
20230704:1102,52.85,115.31,33.18,14.21,2.97,0.0
20230704:1202,41.97,95.33,30.63,14.55,3.03,0.0
20230704:1302,28.01,52.44,24.98,14.13,3.38,0.0
20230704:1402,38.95,61.93,16.95,13.46,3.17,0.0
20230704:1502,15.21,30.97,7.25,12.53,2.9,0.0
20230704:1602,0.0,0.0,0.0,11.01,2.83,0.0
20230704:1702,0.0,0.0,0.0,10.01,2.83,0.0
20230704:1802,0.0,0.0,0.0,9.27,2.97,0.0
20230704:1902,0.0,0.0,0.0,9.09,3.03,0.0
20230704:2002,0.0,0.0,0.0,8.77,3.17,0.0
20230704:2102,0.0,0.0,0.0,8.54,2.97,0.0
20230704:2202,0.0,0.0,0.0,7.99,2.55,0.0
20230704:2302,0.0,0.0,0.0,7.36,2.34,0.0
20230705:0002,0.0,0.0,0.0,6.66,2.21,0.0
20230705:0102,0.0,0.0,0.0,6.14,2.14,0.0
20230705:0202,0.0,0.0,0.0,5.7,2.07,0.0
20230705:0302,0.0,0.0,0.0,5.29,2.14,0.0
20230705:0402,0.0,0.0,0.0,5.09,2.14,0.0
20230705:0502,0.0,0.0,0.0,4.84,2.21,0.0
20230705:0602,0.0,0.0,0.0,4.55,2.28,0.0
20230705:0702,0.0,0.0,0.0,6.1,2.07,0.0
20230705:0802,90.78,122.05,20.87,9.32,2.0,0.0
20230705:0902,123.22,168.5,27.94,11.29,2.34,0.0
20230705:1002,49.61,109.03,32.28,12.76,2.76,0.0
20230705:1102,50.34,113.74,33.27,13.96,2.62,0.0
20230705:1202,40.58,94.77,30.73,14.83,2.55,0.0
20230705:1302,27.97,53.74,25.08,15.22,2.48,0.0
20230705:1402,40.79,64.67,17.05,15.06,2.34,0.0
20230705:1502,20.4,38.25,7.34,14.06,2.0,0.0
20230705:1602,0.0,0.0,0.0,12.33,2.0,0.0
20230705:1702,0.0,0.0,0.0,10.42,1.93,0.0
20230705:1802,0.0,0.0,0.0,8.8,1.93,0.0
20230705:1902,0.0,0.0,0.0,8.18,2.07,0.0
20230705:2002,0.0,0.0,0.0,7.51,2.14,0.0
20230705:2102,0.0,0.0,0.0,7.13,2.21,0.0
20230705:2202,0.0,0.0,0.0,6.89,2.21,0.0
20230705:2302,0.0,0.0,0.0,6.73,2.21,0.0
20230706:0002,0.0,0.0,0.0,6.65,2.21,0.0
20230706:0102,0.0,0.0,0.0,6.75,2.28,0.0
20230706:0202,0.0,0.0,0.0,6.68,2.21,0.0
20230706:0302,0.0,0.0,0.0,6.66,2.14,0.0
20230706:0402,0.0,0.0,0.0,6.91,2.07,0.0
20230706:0502,0.0,0.0,0.0,7.42,2.07,0.0
20230706:0602,0.0,3.64,1.47,7.77,2.07,0.0
20230706:0702,50.46,74.68,11.87,8.65,2.0,0.0
20230706:0802,96.33,130.24,20.93,12.56,1.79,0.0
20230706:0902,90.66,138.81,28.01,18.29,1.72,0.0
20230706:1002,115.62,178.3,32.37,20.99,2.0,0.0
20230706:1102,105.64,171.3,33.37,22.13,2.34,0.0
20230706:1202,79.94,138.13,30.83,22.53,2.76,0.0
20230706:1302,103.64,147.03,25.18,22.5,3.38,0.0
20230706:1402,73.65,107.47,17.15,21.9,3.45,0.0
20230706:1502,23.7,43.72,7.43,20.66,3.45,0.0
20230706:1602,0.0,0.0,0.0,19.14,3.38,0.0
20230706:1702,0.0,0.0,0.0,17.98,3.45,0.0
20230706:1802,0.0,0.0,0.0,16.99,3.45,0.0
20230706:1902,0.0,0.0,0.0,16.09,3.72,0.0
20230706:2002,0.0,0.0,0.0,15.18,3.72,0.0
20230706:2102,0.0,0.0,0.0,14.53,3.86,0.0
20230706:2202,0.0,0.0,0.0,14.0,3.93,0.0
20230706:2302,0.0,0.0,0.0,13.54,4.0,0.0
20230707:0002,0.0,0.0,0.0,13.02,4.0,0.0
20230707:0102,0.0,0.0,0.0,12.49,4.0,0.0
20230707:0202,0.0,0.0,0.0,11.97,4.0,0.0
20230707:0302,0.0,0.0,0.0,11.67,4.07,0.0
20230707:0402,0.0,0.0,0.0,11.38,4.14,0.0
20230707:0502,0.0,0.0,0.0,11.25,4.07,0.0
20230707:0602,0.0,0.91,1.5,11.21,4.07,0.0
20230707:0702,50.59,75.6,11.92,11.55,3.86,0.0
20230707:0802,110.09,145.73,20.99,12.54,4.07,0.0
20230707:0902,144.49,187.07,28.08,13.64,4.97,0.0
20230707:1002,58.93,86.4,32.46,14.34,6.14,0.0
20230707:1102,130.26,169.94,33.47,14.43,6.41,0.0
20230707:1202,23.1,41.78,30.94,13.93,5.52,0.0
20230707:1302,24.66,43.67,25.29,13.07,6.0,0.0
20230707:1402,81.98,112.94,17.25,12.57,5.66,0.0
20230707:1502,4.37,14.57,7.53,12.02,4.97,0.0
20230707:1602,0.0,0.0,0.0,11.79,4.69,0.0
20230707:1702,0.0,0.0,0.0,11.47,3.93,0.0
20230707:1802,0.0,0.0,0.0,11.14,4.28,0.0
20230707:1902,0.0,0.0,0.0,10.9,3.79,0.0
20230707:2002,0.0,0.0,0.0,10.6,3.59,0.0
20230707:2102,0.0,0.0,0.0,10.17,3.52,0.0
20230707:2202,0.0,0.0,0.0,9.95,3.59,0.0
20230707:2302,0.0,0.0,0.0,9.62,3.72,0.0
20230708:0002,0.0,0.0,0.0,9.75,4.0,0.0
20230708:0102,0.0,0.0,0.0,9.8,4.34,0.0
20230708:0202,0.0,0.0,0.0,9.24,4.28,0.0
20230708:0302,0.0,0.0,0.0,9.19,4.69,0.0
20230708:0402,0.0,0.0,0.0,8.84,4.83,0.0
20230708:0502,0.0,0.0,0.0,8.77,4.76,0.0
20230708:0602,0.0,4.55,1.54,8.46,4.28,0.0
20230708:0702,52.79,77.42,11.97,8.87,3.59,0.0
20230708:0802,108.32,142.08,21.05,9.76,3.72,0.0
20230708:0902,22.82,40.83,28.17,10.18,4.34,0.0
20230708:1002,87.54,118.68,32.56,10.67,3.72,0.0
20230708:1102,151.98,192.61,33.59,10.27,3.59,0.0
20230708:1202,23.51,41.78,31.06,10.43,3.31,0.0
20230708:1302,133.21,171.53,25.4,10.46,4.07,0.0
20230708:1402,33.0,53.74,17.36,9.91,3.1,0.0
20230708:1502,19.62,36.43,7.63,8.69,3.59,0.0
20230708:1602,0.0,0.0,0.0,7.86,2.69,0.0
20230708:1702,0.0,0.0,0.0,7.09,2.0,0.0
20230708:1802,0.0,0.0,0.0,6.93,1.45,0.0
20230708:1902,0.0,0.0,0.0,7.2,1.17,0.0
20230708:2002,0.0,0.0,0.0,6.55,1.03,0.0
20230708:2102,0.0,0.0,0.0,6.31,1.03,0.0
20230708:2202,0.0,0.0,0.0,6.37,1.17,0.0
20230708:2302,0.0,0.0,0.0,6.55,1.17,0.0
20230709:0002,0.0,0.0,0.0,6.68,1.1,0.0
20230709:0102,0.0,0.0,0.0,6.52,0.83,0.0
20230709:0202,0.0,0.0,0.0,6.56,0.55,0.0
20230709:0302,0.0,0.0,0.0,6.92,0.34,0.0
20230709:0402,0.0,0.0,0.0,6.43,0.28,0.0
20230709:0502,0.0,0.0,0.0,6.09,0.48,0.0
20230709:0602,0.0,3.64,1.58,6.23,0.69,0.0
20230709:0702,31.95,51.92,12.02,6.8,0.28,0.0
20230709:0802,98.55,131.15,21.12,8.79,0.48,0.0
20230709:0902,81.25,126.88,28.26,9.09,0.97,0.0
20230709:1002,111.8,147.16,32.67,10.6,1.45,0.0
20230709:1102,96.26,158.57,33.7,11.33,2.21,0.0
20230709:1202,135.87,189.52,31.18,10.92,3.03,0.0
20230709:1302,137.56,177.48,25.52,10.76,3.1,0.0
20230709:1402,88.06,119.31,17.47,10.51,3.03,0.0
20230709:1502,25.75,44.63,7.73,10.08,2.55,0.0
20230709:1602,0.0,0.0,0.0,9.19,2.34,0.0
20230709:1702,0.0,0.0,0.0,8.57,2.14,0.0
20230709:1802,0.0,0.0,0.0,7.76,2.0,0.0
20230709:1902,0.0,0.0,0.0,7.92,2.07,0.0
20230709:2002,0.0,0.0,0.0,7.56,1.79,0.0
20230709:2102,0.0,0.0,0.0,7.41,1.45,0.0
20230709:2202,0.0,0.0,0.0,6.89,1.45,0.0
20230709:2302,0.0,0.0,0.0,6.21,1.45,0.0
20230710:0002,0.0,0.0,0.0,5.89,1.38,0.0
20230710:0102,0.0,0.0,0.0,5.17,1.38,0.0
20230710:0202,0.0,0.0,0.0,4.65,1.38,0.0
20230710:0302,0.0,0.0,0.0,4.12,1.52,0.0
20230710:0402,0.0,0.0,0.0,3.73,1.59,0.0
20230710:0502,0.0,0.0,0.0,3.48,1.66,0.0
20230710:0602,0.32,6.38,1.63,3.32,1.52,0.0
20230710:0702,26.55,44.63,12.09,3.94,1.31,0.0
20230710:0802,44.47,67.4,21.2,8.05,1.24,0.0
20230710:0902,33.5,79.18,28.35,9.8,2.07,0.0
20230710:1002,50.28,113.87,32.78,10.9,2.21,0.0
20230710:1102,54.44,121.75,33.83,11.77,2.0,0.0
20230710:1202,44.65,103.37,31.31,12.47,1.59,0.0
20230710:1302,25.25,56.7,25.64,12.81,1.38,0.0
20230710:1402,42.05,65.58,17.58,12.53,2.28,0.0
20230710:1502,17.96,34.61,7.84,11.48,2.28,0.0
20230710:1602,0.0,0.0,0.0,10.0,2.21,0.0
20230710:1702,0.0,0.0,0.0,8.71,2.0,0.0
20230710:1802,0.0,0.0,0.0,7.53,1.93,0.0
20230710:1902,0.0,0.0,0.0,7.13,1.72,0.0
20230710:2002,0.0,0.0,0.0,6.31,1.72,0.0
20230710:2102,0.0,0.0,0.0,5.38,1.79,0.0
20230710:2202,0.0,0.0,0.0,4.5,1.79,0.0
20230710:2302,0.0,0.0,0.0,3.71,1.79,0.0
20230711:0002,0.0,0.0,0.0,3.09,1.79,0.0
20230711:0102,0.0,0.0,0.0,2.75,1.79,0.0
20230711:0202,0.0,0.0,0.0,2.42,1.86,0.0
20230711:0302,0.0,0.0,0.0,2.2,1.86,0.0
20230711:0402,0.0,0.0,0.0,2.07,1.93,0.0
20230711:0502,0.0,0.0,0.0,2.04,2.0,0.0
20230711:0602,0.33,6.38,1.69,2.05,2.0,0.0
20230711:0702,28.82,47.36,12.15,3.51,1.79,0.0
20230711:0802,46.03,69.22,21.29,7.92,1.52,0.0
20230711:0902,33.92,81.03,28.46,11.44,1.31,0.0
20230711:1002,52.55,117.59,32.9,13.67,1.1,0.0
20230711:1102,56.09,125.04,33.96,15.16,0.69,0.0
20230711:1202,46.8,107.31,31.44,16.02,0.41,0.0
20230711:1302,25.15,58.62,25.77,16.22,0.41,0.0
20230711:1402,41.27,65.58,17.7,15.87,0.69,0.0
20230711:1502,16.3,32.79,7.95,14.95,0.76,0.0
20230711:1602,0.0,0.0,0.0,13.16,0.69,0.0
20230711:1702,0.0,0.0,0.0,11.05,1.1,0.0
20230711:1802,0.0,0.0,0.0,8.82,1.45,0.0
20230711:1902,0.0,0.0,0.0,6.86,1.72,0.0
20230711:2002,0.0,0.0,0.0,5.32,1.86,0.0
20230711:2102,0.0,0.0,0.0,4.32,1.86,0.0
20230711:2202,0.0,0.0,0.0,3.66,1.93,0.0
20230711:2302,0.0,0.0,0.0,3.3,1.93,0.0
20230712:0002,0.0,0.0,0.0,3.03,1.93,0.0
20230712:0102,0.0,0.0,0.0,2.98,2.0,0.0
20230712:0202,0.0,0.0,0.0,2.9,2.0,0.0
20230712:0302,0.0,0.0,0.0,2.85,2.0,0.0
20230712:0402,0.0,0.0,0.0,2.85,2.07,0.0
20230712:0502,0.0,0.0,0.0,2.94,2.07,0.0
20230712:0602,0.0,5.46,1.74,3.09,2.07,0.0
20230712:0702,27.18,45.54,12.23,4.72,1.72,0.0
20230712:0802,44.72,68.31,21.38,10.33,1.24,0.0
20230712:0902,35.33,84.5,28.56,15.59,0.9,0.0
20230712:1002,54.22,121.54,33.03,18.68,0.55,0.0
20230712:1102,59.55,130.56,34.09,19.95,0.28,0.0
20230712:1202,49.58,112.41,31.58,20.46,0.34,0.0
20230712:1302,28.42,64.76,25.9,20.49,0.55,0.0
20230712:1402,40.42,65.58,17.82,20.01,0.9,0.0
20230712:1502,16.63,33.7,8.06,18.56,0.97,0.0
20230712:1602,0.0,0.0,0.0,15.76,1.38,0.0
20230712:1702,0.0,0.0,0.0,12.73,1.66,0.0
20230712:1802,0.0,0.0,0.0,10.38,1.93,0.0
20230712:1902,0.0,0.0,0.0,8.44,2.14,0.0
20230712:2002,0.0,0.0,0.0,6.91,2.14,0.0
20230712:2102,0.0,0.0,0.0,6.22,2.21,0.0
20230712:2202,0.0,0.0,0.0,5.75,2.21,0.0
20230712:2302,0.0,0.0,0.0,5.45,2.21,0.0
20230713:0002,0.0,0.0,0.0,5.15,2.21,0.0
20230713:0102,0.0,0.0,0.0,5.06,2.21,0.0
20230713:0202,0.0,0.0,0.0,4.95,2.21,0.0
20230713:0302,0.0,0.0,0.0,4.95,2.21,0.0
20230713:0402,0.0,0.0,0.0,4.89,2.21,0.0
20230713:0502,0.0,0.0,0.0,4.94,2.28,0.0
20230713:0602,0.31,6.38,1.81,5.0,2.28,0.0
20230713:0702,29.15,48.27,12.3,6.29,2.0,0.0
20230713:0802,45.85,70.13,21.47,12.04,1.59,0.0
20230713:0902,38.86,89.29,28.68,17.3,1.38,0.0
20230713:1002,55.78,123.84,33.16,20.44,1.03,0.0
20230713:1102,60.63,132.38,34.24,22.02,0.97,0.0
20230713:1202,50.71,114.47,31.72,22.53,1.1,0.0
20230713:1302,30.1,68.4,26.04,22.44,1.1,0.0
20230713:1402,40.76,66.49,17.95,21.87,1.17,0.0
20230713:1502,17.74,35.52,8.18,20.52,0.9,0.0
20230713:1602,0.0,0.0,0.0,19.68,0.9,0.0
20230713:1702,0.0,0.0,0.0,16.09,1.45,0.0
20230713:1802,0.0,0.0,0.0,13.22,1.79,0.0
20230713:1902,0.0,0.0,0.0,10.71,2.0,0.0
20230713:2002,0.0,0.0,0.0,9.0,2.07,0.0
20230713:2102,0.0,0.0,0.0,7.78,2.14,0.0
20230713:2202,0.0,0.0,0.0,7.17,2.14,0.0
20230713:2302,0.0,0.0,0.0,6.94,2.14,0.0
20230714:0002,0.0,0.0,0.0,6.84,2.14,0.0
20230714:0102,0.0,0.0,0.0,6.87,2.14,0.0
20230714:0202,0.0,0.0,0.0,7.11,2.14,0.0
20230714:0302,0.0,0.0,0.0,7.29,2.14,0.0
20230714:0402,0.0,0.0,0.0,7.2,2.14,0.0
20230714:0502,0.0,0.0,0.0,7.17,2.14,0.0
20230714:0602,0.29,6.38,1.88,7.36,2.14,0.0
20230714:0702,31.55,51.92,12.39,9.72,2.07,0.0
20230714:0802,87.8,121.14,21.57,14.27,1.72,0.0
20230714:0902,128.77,183.45,28.8,19.21,1.59,0.0
20230714:1002,131.65,198.01,33.3,20.72,1.86,0.0
20230714:1102,179.91,246.89,34.38,21.37,2.14,0.0
20230714:1202,132.12,195.42,31.87,21.44,2.07,0.0
20230714:1302,131.33,181.23,26.18,21.42,2.0,0.0
20230714:1402,85.92,122.05,18.08,20.68,2.28,0.0
20230714:1502,27.26,48.27,8.3,19.28,2.0,0.0
20230714:1602,0.0,0.0,0.0,17.25,1.59,0.0
20230714:1702,0.0,0.0,0.0,16.01,1.38,0.0
20230714:1802,0.0,0.0,0.0,15.36,1.45,0.0
20230714:1902,0.0,0.0,0.0,15.25,1.31,0.0
20230714:2002,0.0,0.0,0.0,14.4,1.45,0.0
20230714:2102,0.0,0.0,0.0,13.96,1.45,0.0
20230714:2202,0.0,0.0,0.0,13.19,1.45,0.0
20230714:2302,0.0,0.0,0.0,11.76,1.66,0.0
20230715:0002,0.0,0.0,0.0,10.73,1.79,0.0
20230715:0102,0.0,0.0,0.0,9.57,1.86,0.0
20230715:0202,0.0,0.0,0.0,8.78,1.93,0.0
20230715:0302,0.0,0.0,0.0,8.18,2.0,0.0
20230715:0402,0.0,0.0,0.0,7.61,2.14,0.0
20230715:0502,0.0,0.0,0.0,7.1,2.28,0.0
20230715:0602,0.67,7.29,1.95,6.82,2.28,0.0
20230715:0702,28.13,47.36,12.48,8.36,2.28,0.0
20230715:0802,55.76,81.97,21.68,11.81,2.41,0.0
20230715:0902,83.65,134.89,28.93,13.51,3.24,0.0
20230715:1002,186.17,240.12,33.44,14.67,3.66,0.0
20230715:1102,91.16,125.33,34.54,15.46,3.79,0.0
20230715:1202,129.75,170.87,32.02,15.68,4.0,0.0
20230715:1302,116.48,155.04,26.33,14.92,3.59,0.0
20230715:1402,90.25,123.87,18.21,14.69,3.79,0.0
20230715:1502,30.21,51.0,8.42,13.8,3.45,0.0
20230715:1602,0.0,0.0,0.0,12.98,3.17,0.0
20230715:1702,0.0,0.0,0.0,12.34,3.03,0.0
20230715:1802,0.0,0.0,0.0,11.88,2.97,0.0
20230715:1902,0.0,0.0,0.0,11.82,3.03,0.0
20230715:2002,0.0,0.0,0.0,11.71,3.03,0.0
20230715:2102,0.0,0.0,0.0,11.32,2.97,0.0
20230715:2202,0.0,0.0,0.0,11.2,2.9,0.0
20230715:2302,0.0,0.0,0.0,11.07,2.97,0.0
20230716:0002,0.0,0.0,0.0,11.17,3.03,0.0
20230716:0102,0.0,0.0,0.0,10.63,2.83,0.0
20230716:0202,0.0,0.0,0.0,10.51,2.62,0.0
20230716:0302,0.0,0.0,0.0,10.5,2.55,0.0
20230716:0402,0.0,0.0,0.0,10.48,2.69,0.0
20230716:0502,0.0,0.0,0.0,10.49,2.62,0.0
20230716:0602,0.0,4.55,2.03,10.54,2.48,0.0
20230716:0702,43.14,66.49,12.57,11.0,2.69,0.0
20230716:0802,108.75,143.9,21.79,11.72,2.97,0.0
20230716:0902,110.26,146.17,29.06,12.68,3.59,0.0
20230716:1002,68.61,97.79,33.59,13.59,4.0,0.0
20230716:1102,90.88,124.38,34.7,14.44,4.48,0.0
20230716:1202,174.02,224.49,32.18,14.56,4.14,0.0
20230716:1302,126.43,171.84,26.48,14.63,3.93,0.0
20230716:1402,78.72,110.21,18.35,14.49,3.52,0.0
20230716:1502,30.18,51.0,8.54,13.98,3.03,0.0
20230716:1602,0.0,0.0,0.0,12.96,2.14,0.0
20230716:1702,0.0,0.0,0.0,12.07,1.86,0.0
20230716:1802,0.0,0.0,0.0,11.3,1.86,0.0
20230716:1902,0.0,0.0,0.0,10.61,1.79,0.0
20230716:2002,0.0,0.0,0.0,10.2,1.72,0.0
20230716:2102,0.0,0.0,0.0,9.82,1.66,0.0
20230716:2202,0.0,0.0,0.0,9.71,1.66,0.0
20230716:2302,0.0,0.0,0.0,9.69,1.59,0.0
20230717:0002,0.0,0.0,0.0,9.78,1.59,0.0
20230717:0102,0.0,0.0,0.0,9.97,1.59,0.0
20230717:0202,0.0,0.0,0.0,9.97,1.52,0.0
20230717:0302,0.0,0.0,0.0,10.08,1.45,0.0
20230717:0402,0.0,0.0,0.0,9.99,1.52,0.0
20230717:0502,0.0,0.0,0.0,10.12,1.45,0.0
20230717:0602,1.04,8.2,2.11,10.46,1.24,0.0
20230717:0702,32.69,53.74,12.67,11.39,1.1,0.0
20230717:0802,44.49,69.22,21.91,14.56,0.97,0.0
20230717:0902,40.97,95.07,29.2,16.28,1.38,0.0
20230717:1002,60.66,130.1,33.75,17.13,1.66,0.0
20230717:1102,64.73,137.41,34.86,17.7,1.79,0.0
20230717:1202,53.1,118.75,32.35,17.95,1.72,0.0
20230717:1302,29.02,71.84,26.63,17.97,1.59,0.0
20230717:1402,39.48,63.76,18.49,17.69,1.31,0.0
20230717:1502,18.08,35.52,8.67,17.0,0.97,0.0
20230717:1602,0.0,0.0,0.0,15.74,0.69,0.0
20230717:1702,0.0,0.0,0.0,15.04,0.48,0.0
20230717:1802,0.0,0.0,0.0,14.47,0.62,0.0
20230717:1902,0.0,0.0,0.0,13.78,0.55,0.0
20230717:2002,0.0,0.0,0.0,12.84,0.55,0.0
20230717:2102,0.0,0.0,0.0,12.32,0.55,0.0
20230717:2202,0.0,0.0,0.0,12.36,0.69,0.0
20230717:2302,0.0,0.0,0.0,11.33,0.9,0.0
20230718:0002,0.0,0.0,0.0,10.44,1.1,0.0
20230718:0102,0.0,0.0,0.0,10.45,1.1,0.0
20230718:0202,0.0,0.0,0.0,10.21,1.24,0.0
20230718:0302,0.0,0.0,0.0,10.03,1.31,0.0
20230718:0402,0.0,0.0,0.0,10.03,1.38,0.0
20230718:0502,0.0,0.0,0.0,9.87,1.59,0.0
20230718:0602,0.0,5.46,2.2,10.2,1.66,0.0
20230718:0702,55.95,81.97,12.78,11.14,2.55,0.0
20230718:0802,108.0,142.99,22.04,11.81,3.45,0.0
20230718:0902,71.29,100.64,29.35,12.86,4.28,0.0
20230718:1002,98.65,132.92,33.91,13.5,4.62,0.0
20230718:1102,32.67,54.12,35.04,13.93,4.9,0.0
20230718:1202,32.79,54.12,32.52,13.09,3.86,0.0
20230718:1302,60.1,87.35,26.79,12.7,3.93,0.0
20230718:1402,93.54,126.6,18.63,12.35,3.1,0.0
20230718:1502,30.52,51.0,8.8,11.89,3.72,0.0
20230718:1602,0.0,0.0,0.0,10.6,4.0,0.0
20230718:1702,0.0,0.0,0.0,10.31,2.62,0.0
20230718:1802,0.0,0.0,0.0,10.3,2.28,0.0
20230718:1902,0.0,0.0,0.0,9.73,2.14,0.0
20230718:2002,0.0,0.0,0.0,9.44,1.72,0.0
20230718:2102,0.0,0.0,0.0,8.53,1.59,0.0
20230718:2202,0.0,0.0,0.0,8.28,1.1,0.0
20230718:2302,0.0,0.0,0.0,7.74,0.97,0.0
20230719:0002,0.0,0.0,0.0,7.26,1.24,0.0
20230719:0102,0.0,0.0,0.0,6.59,1.24,0.0
20230719:0202,0.0,0.0,0.0,6.52,1.24,0.0
20230719:0302,0.0,0.0,0.0,6.47,1.24,0.0
20230719:0402,0.0,0.0,0.0,5.36,1.59,0.0
20230719:0502,0.0,0.0,0.0,5.27,1.86,0.0
20230719:0602,1.54,9.11,2.3,4.9,1.79,0.0
20230719:0702,28.43,47.36,12.89,6.2,1.66,0.0
20230719:0802,49.72,73.77,22.17,8.77,2.97,0.0
20230719:0902,39.88,96.49,29.5,9.5,3.24,0.0
20230719:1002,180.19,238.55,34.08,10.1,3.38,0.0
20230719:1102,207.35,261.9,35.21,10.46,3.38,0.0
20230719:1202,174.86,230.88,32.69,10.75,3.45,0.0
20230719:1302,115.49,161.77,26.95,10.7,3.31,0.0
20230719:1402,78.73,108.38,18.78,10.32,3.17,0.0
20230719:1502,22.27,40.07,8.93,9.74,2.76,0.0
20230719:1602,0.0,0.0,0.0,8.61,2.48,0.0
20230719:1702,0.0,0.0,0.0,8.01,2.41,0.0
20230719:1802,0.0,0.0,0.0,7.36,2.28,0.0
20230719:1902,0.0,0.0,0.0,7.23,2.34,0.0
20230719:2002,0.0,0.0,0.0,6.64,2.14,0.0
20230719:2102,0.0,0.0,0.0,6.33,2.0,0.0
20230719:2202,0.0,0.0,0.0,6.0,1.86,0.0
20230719:2302,0.0,0.0,0.0,5.61,1.79,0.0
20230720:0002,0.0,0.0,0.0,5.26,1.72,0.0
20230720:0102,0.0,0.0,0.0,4.67,1.72,0.0
20230720:0202,0.0,0.0,0.0,4.13,1.79,0.0
20230720:0302,0.0,0.0,0.0,3.75,1.86,0.0
20230720:0402,0.0,0.0,0.0,3.32,1.86,0.0
20230720:0502,0.0,0.0,0.0,2.99,1.86,0.0
20230720:0602,1.57,9.11,2.39,2.76,1.93,0.0
20230720:0702,27.93,46.45,13.01,4.59,1.59,0.0
20230720:0802,21.0,40.66,22.31,8.47,1.93,0.0
20230720:0902,43.31,101.78,29.66,10.18,2.62,0.0
20230720:1002,66.9,139.87,34.26,11.49,3.1,0.0
20230720:1102,74.7,150.18,35.4,12.5,3.24,0.0
20230720:1202,63.31,132.42,32.87,13.26,3.31,0.0
20230720:1302,33.34,81.6,27.12,13.68,3.31,0.0
20230720:1402,39.64,62.84,18.93,13.66,2.97,0.0
20230720:1502,17.15,33.7,9.06,12.98,2.28,0.0
20230720:1602,0.0,0.0,0.0,11.49,2.14,0.0
20230720:1702,0.0,0.0,0.0,9.92,2.07,0.0
20230720:1802,0.0,0.0,0.0,8.65,1.86,0.0
20230720:1902,0.0,0.0,0.0,7.78,1.38,0.0
20230720:2002,0.0,0.0,0.0,6.51,1.38,0.0
20230720:2102,0.0,0.0,0.0,5.01,1.52,0.0
20230720:2202,0.0,0.0,0.0,3.82,1.59,0.0
20230720:2302,0.0,0.0,0.0,2.93,1.66,0.0
20230721:0002,0.0,0.0,0.0,2.11,1.86,0.0
20230721:0102,0.0,0.0,0.0,1.72,2.0,0.0
20230721:0202,0.0,0.0,0.0,1.56,2.0,0.0
20230721:0302,0.0,0.0,0.0,1.34,1.93,0.0
20230721:0402,0.0,0.0,0.0,1.07,1.93,0.0
20230721:0502,0.0,0.0,0.0,0.78,2.0,0.0
20230721:0602,1.6,9.11,2.5,0.5,2.07,0.0
20230721:0702,60.67,84.7,13.13,2.54,1.66,0.0
20230721:0802,112.09,147.29,22.45,7.99,1.1,0.0
20230721:0902,44.44,104.88,29.82,11.59,0.83,0.0
20230721:1002,72.78,146.95,34.44,13.8,0.9,0.0
20230721:1102,79.75,156.81,35.59,14.85,1.45,0.0
20230721:1202,66.9,137.75,33.05,15.26,1.86,0.0
20230721:1302,38.1,88.61,27.29,15.28,1.93,0.0
20230721:1402,43.71,68.31,19.08,14.95,1.59,0.0
20230721:1502,18.36,35.52,9.19,14.12,1.1,0.0
20230721:1602,0.0,0.0,0.0,13.03,0.69,0.0
20230721:1702,0.0,0.0,0.0,12.26,0.41,0.0
20230721:1802,0.0,0.0,0.0,11.41,0.55,0.0
20230721:1902,0.0,0.0,0.0,10.04,1.03,0.0
20230721:2002,0.0,0.0,0.0,9.19,1.1,0.0
20230721:2102,0.0,0.0,0.0,8.29,1.31,0.0
20230721:2202,0.0,0.0,0.0,7.2,1.45,0.0
20230721:2302,0.0,0.0,0.0,6.85,1.45,0.0
20230722:0002,0.0,0.0,0.0,6.93,1.45,0.0
20230722:0102,0.0,0.0,0.0,7.35,1.38,0.0
20230722:0202,0.0,0.0,0.0,6.97,1.52,0.0
20230722:0302,0.0,0.0,0.0,6.65,1.59,0.0
20230722:0402,0.0,0.0,0.0,6.52,1.59,0.0
20230722:0502,0.0,0.0,0.0,6.54,1.59,0.0
20230722:0602,2.45,10.93,2.61,6.42,1.59,0.0
20230722:0702,61.15,86.53,13.25,6.28,1.79,0.0
20230722:0802,62.8,94.0,22.6,9.82,1.52,0.0
20230722:0902,51.13,111.22,29.99,11.95,2.28,0.0
20230722:1002,79.23,151.66,34.63,12.92,2.97,0.0
20230722:1102,85.79,160.69,35.78,13.49,3.31,0.0
20230722:1202,73.27,142.67,33.24,13.84,3.45,0.0
20230722:1302,41.73,92.7,27.46,13.75,3.38,0.0
20230722:1402,47.84,72.86,19.24,13.37,2.76,0.0
20230722:1502,36.15,58.29,9.33,12.62,2.14,0.0
20230722:1602,0.0,0.0,0.0,11.9,1.72,0.0
20230722:1702,0.0,0.0,0.0,11.32,1.38,0.0
20230722:1802,0.0,0.0,0.0,10.69,0.97,0.0
20230722:1902,0.0,0.0,0.0,10.56,0.76,0.0
20230722:2002,0.0,0.0,0.0,10.39,0.62,0.0
20230722:2102,0.0,0.0,0.0,10.17,0.62,0.0
20230722:2202,0.0,0.0,0.0,9.84,0.55,0.0
20230722:2302,0.0,0.0,0.0,9.62,0.55,0.0
20230723:0002,0.0,0.0,0.0,9.41,0.55,0.0
20230723:0102,0.0,0.0,0.0,9.41,0.55,0.0
20230723:0202,0.0,0.0,0.0,9.39,0.41,0.0
20230723:0302,0.0,0.0,0.0,9.23,0.41,0.0
20230723:0402,0.0,0.0,0.0,8.88,0.55,0.0
20230723:0502,0.0,0.0,0.0,8.6,0.62,0.0
20230723:0602,0.0,3.64,2.72,8.36,0.69,0.0
20230723:0702,59.65,85.61,13.39,8.22,0.34,0.0
20230723:0802,36.27,65.45,22.75,10.24,0.28,0.0
20230723:0902,74.74,134.0,30.17,11.45,1.1,0.0
20230723:1002,125.81,164.25,34.82,12.17,1.93,0.0
20230723:1102,94.06,167.9,35.98,12.32,2.34,0.0
20230723:1202,186.29,237.51,33.44,12.29,2.48,0.0
20230723:1302,112.25,162.43,27.64,12.07,2.34,0.0
20230723:1402,84.23,115.67,19.39,11.88,2.14,0.0
20230723:1502,33.47,54.65,9.47,11.26,1.86,0.0
20230723:1602,0.0,0.0,0.0,10.31,1.52,0.0
20230723:1702,0.0,0.0,0.0,9.13,1.38,0.0
20230723:1802,0.0,0.0,0.0,8.18,1.24,0.0
20230723:1902,0.0,0.0,0.0,7.96,1.03,0.0
20230723:2002,0.0,0.0,0.0,8.02,0.83,0.0
20230723:2102,0.0,0.0,0.0,8.14,0.69,0.0
20230723:2202,0.0,0.0,0.0,7.62,0.76,0.0
20230723:2302,0.0,0.0,0.0,7.57,0.76,0.0
20230724:0002,0.0,0.0,0.0,7.26,0.83,0.0
20230724:0102,0.0,0.0,0.0,6.02,0.83,0.0
20230724:0202,0.0,0.0,0.0,4.2,1.03,0.0
20230724:0302,0.0,0.0,0.0,3.81,1.1,0.0
20230724:0402,0.0,0.0,0.0,3.81,1.17,0.0
20230724:0502,0.0,0.0,0.0,4.24,1.24,0.0
20230724:0602,2.99,11.84,2.84,4.24,1.38,0.0
20230724:0702,31.47,51.0,13.53,5.34,0.9,0.0
20230724:0802,24.59,53.75,22.91,8.66,0.55,0.0
20230724:0902,51.46,114.85,30.35,10.34,0.28,0.0
20230724:1002,79.8,155.05,35.02,11.3,0.76,0.0
20230724:1102,87.38,165.03,36.19,11.9,1.03,0.0
20230724:1202,73.06,145.27,33.63,12.27,1.52,0.0
20230724:1302,42.27,96.67,27.82,12.32,1.52,0.0
20230724:1402,42.84,66.49,19.55,12.13,1.38,0.0
20230724:1502,18.61,35.52,9.61,11.65,1.1,0.0
20230724:1602,0.0,0.0,0.0,10.47,0.9,0.0
20230724:1702,0.0,0.0,0.0,8.86,1.03,0.0
20230724:1802,0.0,0.0,0.0,7.69,1.17,0.0
20230724:1902,0.0,0.0,0.0,6.77,1.31,0.0
20230724:2002,0.0,0.0,0.0,5.24,1.52,0.0
20230724:2102,0.0,0.0,0.0,4.07,1.66,0.0
20230724:2202,0.0,0.0,0.0,3.33,1.72,0.0
20230724:2302,0.0,0.0,0.0,2.88,1.72,0.0
20230725:0002,0.0,0.0,0.0,2.48,1.72,0.0
20230725:0102,0.0,0.0,0.0,1.81,1.66,0.0
20230725:0202,0.0,0.0,0.0,1.3,1.72,0.0
20230725:0302,0.0,0.0,0.0,0.78,1.72,0.0
20230725:0402,0.0,0.0,0.0,0.36,1.72,0.0
20230725:0502,0.0,0.0,0.0,0.02,1.79,0.0
20230725:0602,2.58,10.93,2.97,-0.17,1.79,0.0
20230725:0702,31.23,50.09,13.67,2.28,1.38,0.0
20230725:0802,23.54,54.93,23.08,8.99,1.24,0.0
20230725:0902,53.83,119.42,30.54,12.67,1.38,0.0
20230725:1002,81.63,159.64,35.23,14.52,1.59,0.0
20230725:1102,93.06,172.86,36.4,15.49,1.72,0.0
20230725:1202,78.74,153.28,33.84,16.0,1.86,0.0
20230725:1302,46.41,103.42,28.0,16.08,2.0,0.0
20230725:1402,42.82,67.4,19.72,15.73,1.86,0.0
20230725:1502,18.99,36.43,9.76,14.63,1.79,0.0
20230725:1602,0.0,0.0,0.0,12.58,1.93,0.0
20230725:1702,0.0,0.0,0.0,10.17,1.93,0.0
20230725:1802,0.0,0.0,0.0,8.32,1.93,0.0
20230725:1902,0.0,0.0,0.0,7.48,1.93,0.0
20230725:2002,0.0,0.0,0.0,6.17,2.0,0.0
20230725:2102,0.0,0.0,0.0,5.42,2.0,0.0
20230725:2202,0.0,0.0,0.0,5.08,1.86,0.0
20230725:2302,0.0,0.0,0.0,5.42,1.72,0.0
20230726:0002,0.0,0.0,0.0,6.11,1.86,0.0
20230726:0102,0.0,0.0,0.0,7.17,1.79,0.0
20230726:0202,0.0,0.0,0.0,8.19,1.72,0.0
20230726:0302,0.0,0.0,0.0,9.09,1.66,0.0
20230726:0402,0.0,0.0,0.0,10.96,1.03,0.0
20230726:0502,0.0,0.0,0.0,13.17,0.62,0.0
20230726:0602,2.34,10.93,3.1,12.62,0.41,0.0
20230726:0702,38.53,61.02,13.82,11.37,0.83,0.0
20230726:0802,39.88,62.66,23.25,11.33,0.97,0.0
20230726:0902,46.26,71.21,30.73,13.95,1.1,0.0
20230726:1002,39.99,63.61,35.44,14.73,1.72,0.0
20230726:1102,43.2,67.41,36.62,14.09,1.93,0.0
20230726:1202,178.65,229.05,34.04,13.88,2.28,0.0
20230726:1302,99.5,134.82,28.19,14.29,2.14,0.0
20230726:1402,89.46,122.96,19.88,14.23,2.28,0.0
20230726:1502,15.13,30.97,9.9,13.53,2.28,0.0
20230726:1602,0.0,0.0,0.0,12.02,1.79,0.0
20230726:1702,0.0,0.0,0.0,10.94,1.52,0.0
20230726:1802,0.0,0.0,0.0,10.53,1.66,0.0
20230726:1902,0.0,0.0,0.0,9.64,1.79,0.0
20230726:2002,0.0,0.0,0.0,9.2,1.86,0.0
20230726:2102,0.0,0.0,0.0,8.79,1.93,0.0
20230726:2202,0.0,0.0,0.0,8.1,1.93,0.0
20230726:2302,0.0,0.0,0.0,7.8,2.0,0.0
20230727:0002,0.0,0.0,0.0,7.37,2.0,0.0
20230727:0102,0.0,0.0,0.0,7.04,2.0,0.0
20230727:0202,0.0,0.0,0.0,6.83,2.0,0.0
20230727:0302,0.0,0.0,0.0,6.61,2.0,0.0
20230727:0402,0.0,0.0,0.0,6.54,2.07,0.0
20230727:0502,0.0,0.0,0.0,6.31,2.14,0.0
20230727:0602,3.99,13.66,3.24,6.34,2.14,0.0
20230727:0702,62.22,88.35,13.97,7.95,1.86,0.0
20230727:0802,114.68,150.85,23.42,10.51,2.48,0.0
20230727:0902,174.08,223.36,30.93,11.61,2.62,0.0
20230727:1002,189.39,239.93,35.65,12.73,2.76,0.0
20230727:1102,143.17,185.24,36.84,13.8,3.17,0.0
20230727:1202,86.66,119.63,34.26,14.53,3.24,0.0
20230727:1302,137.15,179.91,28.38,14.71,2.83,0.0
20230727:1402,100.14,135.71,20.05,14.55,2.28,0.0
20230727:1502,39.52,62.84,10.05,13.93,1.45,0.0
20230727:1602,0.0,0.0,0.0,12.71,0.69,0.0
20230727:1702,0.0,0.0,0.0,12.01,0.34,0.0
20230727:1802,0.0,0.0,0.0,10.96,0.76,0.0
20230727:1902,0.0,0.0,0.0,10.14,0.97,0.0
20230727:2002,0.0,0.0,0.0,8.32,1.17,0.0
20230727:2102,0.0,0.0,0.0,6.7,1.38,0.0
20230727:2202,0.0,0.0,0.0,5.68,1.45,0.0
20230727:2302,0.0,0.0,0.0,5.05,1.45,0.0
20230728:0002,0.0,0.0,0.0,4.93,1.38,0.0
20230728:0102,0.0,0.0,0.0,5.35,1.24,0.0
20230728:0202,0.0,0.0,0.0,5.69,1.24,0.0
20230728:0302,0.0,0.0,0.0,5.38,1.38,0.0
20230728:0402,0.0,0.0,0.0,4.93,1.52,0.0
20230728:0502,0.0,0.0,0.0,5.2,1.66,0.0
20230728:0602,4.56,14.57,3.38,5.36,1.93,0.0
20230728:0702,65.46,91.99,14.13,7.62,2.07,0.0
20230728:0802,110.29,150.88,23.6,10.34,2.62,0.0
20230728:0902,175.7,227.4,31.13,11.48,3.31,0.0
20230728:1002,174.72,220.79,35.88,12.62,4.76,0.0
20230728:1102,105.48,140.52,37.07,13.08,5.24,0.0
20230728:1202,56.97,83.55,34.47,12.75,5.1,0.0
20230728:1302,43.69,67.41,28.57,12.32,5.03,0.0
20230728:1402,32.0,52.83,20.22,11.73,4.55,0.0
20230728:1502,7.78,20.04,10.2,11.07,3.86,0.0
20230728:1602,0.0,0.0,0.0,10.33,3.45,0.0
20230728:1702,0.0,0.0,0.0,10.19,3.72,0.0
20230728:1802,0.0,0.0,0.0,10.05,3.52,0.0
20230728:1902,0.0,0.0,0.0,9.71,0.97,0.0
20230728:2002,0.0,0.0,0.0,9.48,0.83,0.0
20230728:2102,0.0,0.0,0.0,9.33,1.72,0.0
20230728:2202,0.0,0.0,0.0,9.06,1.72,0.0
20230728:2302,0.0,0.0,0.0,8.94,1.52,0.0
20230729:0002,0.0,0.0,0.0,9.01,1.79,0.0
20230729:0102,0.0,0.0,0.0,8.99,2.21,0.0
20230729:0202,0.0,0.0,0.0,8.95,3.17,0.0
20230729:0302,0.0,0.0,0.0,8.75,3.86,0.0
20230729:0402,0.0,0.0,0.0,8.26,3.66,0.0
20230729:0502,0.0,0.0,0.0,8.0,3.72,0.0
20230729:0602,0.67,7.29,3.52,7.77,3.72,0.0
20230729:0702,42.88,65.58,14.3,8.57,1.86,0.0
20230729:0802,104.63,145.71,23.79,9.25,3.03,0.0
20230729:0902,173.86,219.85,31.34,9.71,3.03,0.0
20230729:1002,188.17,235.33,36.1,9.93,2.48,0.0
20230729:1102,212.3,265.64,37.3,10.58,2.48,0.0
20230729:1202,166.08,229.5,34.69,10.27,3.31,0.0
20230729:1302,145.85,197.23,28.77,10.08,3.59,0.0
20230729:1402,29.56,49.37,20.39,9.65,3.45,0.0
20230729:1502,32.42,52.83,10.35,8.94,2.69,0.0
20230729:1602,0.0,0.0,0.0,8.84,2.55,0.0
20230729:1702,0.0,0.0,0.0,8.69,2.34,0.0
20230729:1802,0.0,0.0,0.0,8.71,2.28,0.0
20230729:1902,0.0,0.0,0.0,8.48,1.93,0.0
20230729:2002,0.0,0.0,0.0,8.17,1.79,0.0
20230729:2102,0.0,0.0,0.0,7.61,1.93,0.0
20230729:2202,0.0,0.0,0.0,7.28,1.86,0.0
20230729:2302,0.0,0.0,0.0,7.13,1.59,0.0
20230730:0002,0.0,0.0,0.0,7.36,1.38,0.0
20230730:0102,0.0,0.0,0.0,6.88,1.17,0.0
20230730:0202,0.0,0.0,0.0,6.76,1.03,0.0
20230730:0302,0.0,0.0,0.0,6.85,0.83,0.0
20230730:0402,0.0,0.0,0.0,6.52,0.97,0.0
20230730:0502,0.0,0.0,0.0,6.34,0.97,0.0
20230730:0602,6.24,17.31,3.67,5.66,1.17,0.0
20230730:0702,52.6,76.51,14.47,6.13,1.45,0.0
20230730:0802,126.9,164.79,23.98,8.54,1.86,0.0
20230730:0902,181.12,233.06,31.56,9.47,2.76,0.0
20230730:1002,216.32,272.14,36.34,10.13,3.86,0.0
20230730:1102,130.93,168.05,37.54,10.27,4.34,0.0
20230730:1202,91.0,122.48,34.91,10.45,4.41,0.0
20230730:1302,46.48,70.26,28.97,10.24,3.93,0.0
20230730:1402,38.65,60.76,20.57,10.18,3.24,0.0
20230730:1502,41.9,64.67,10.5,9.85,3.03,0.0
20230730:1602,0.0,0.0,0.0,9.44,3.03,0.0
20230730:1702,0.0,0.0,0.0,9.05,2.97,0.0
20230730:1802,0.0,0.0,0.0,8.42,3.1,0.0
20230730:1902,0.0,0.0,0.0,8.59,3.1,0.0
20230730:2002,0.0,0.0,0.0,8.51,2.9,0.0
20230730:2102,0.0,0.0,0.0,8.33,2.62,0.0
20230730:2202,0.0,0.0,0.0,8.38,2.28,0.0
20230730:2302,0.0,0.0,0.0,8.23,1.66,0.0
20230731:0002,0.0,0.0,0.0,8.28,1.03,0.0
20230731:0102,0.0,0.0,0.0,7.76,1.03,0.0
20230731:0202,0.0,0.0,0.0,7.45,1.1,0.0
20230731:0302,0.0,0.0,0.0,7.12,1.03,0.0
20230731:0402,0.0,0.0,0.0,6.77,1.1,0.0
20230731:0502,0.0,0.0,0.0,6.81,1.17,0.0
20230731:0602,7.37,19.13,3.83,6.95,1.03,0.0
20230731:0702,68.94,96.54,14.64,8.55,1.03,0.0
20230731:0802,122.12,165.41,24.18,10.15,1.38,0.0
20230731:0902,67.54,139.0,31.78,11.08,2.69,0.0
20230731:1002,91.15,123.43,36.58,11.66,3.24,0.0
20230731:1102,223.74,286.93,37.78,12.07,3.31,0.0
20230731:1202,145.08,186.27,35.14,12.07,2.9,0.0
20230731:1302,148.63,191.55,29.17,12.01,2.62,0.0
20230731:1402,85.92,120.86,20.74,11.9,2.55,0.0
20230731:1502,21.36,39.16,10.65,11.5,1.79,0.0
20230731:1602,0.0,0.0,0.0,10.67,1.31,0.0
20230731:1702,0.0,0.0,0.0,9.64,1.1,0.0
20230731:1802,0.0,0.0,0.0,8.98,1.1,0.0
20230731:1902,0.0,0.0,0.0,9.03,1.03,0.0
20230731:2002,0.0,0.0,0.0,8.67,1.03,0.0
20230731:2102,0.0,0.0,0.0,8.01,1.17,0.0
20230731:2202,0.0,0.0,0.0,7.19,1.24,0.0
20230731:2302,0.0,0.0,0.0,6.23,1.31,0.0
20230801:0002,0.0,0.0,0.0,5.25,1.45,0.0
20230801:0102,0.0,0.0,0.0,4.0,1.52,0.0
20230801:0202,0.0,0.0,0.0,3.2,1.59,0.0
20230801:0302,0.0,0.0,0.0,2.7,1.66,0.0
20230801:0402,0.0,0.0,0.0,2.3,1.59,0.0
20230801:0502,0.0,0.0,0.0,1.98,1.59,0.0
20230801:0602,5.81,16.39,3.99,1.74,1.66,0.0
20230801:0702,33.89,53.74,14.82,4.32,1.24,0.0
20230801:0802,29.47,76.88,24.39,9.23,1.17,0.0
20230801:0902,72.25,145.59,32.01,11.24,1.45,0.0
20230801:1002,104.13,186.66,36.82,12.66,1.38,0.0
20230801:1102,111.87,196.69,38.02,13.78,0.97,0.0
20230801:1202,94.16,175.32,35.37,14.59,0.55,0.0
20230801:1302,56.66,124.29,29.38,14.99,0.14,0.0
20230801:1402,24.24,53.95,20.92,14.89,0.48,0.0
20230801:1502,23.1,41.9,10.81,14.19,0.9,0.0
20230801:1602,0.0,0.0,0.0,12.48,1.1,0.0
20230801:1702,0.0,0.0,0.0,10.47,1.38,0.0
20230801:1802,0.0,0.0,0.0,8.59,1.59,0.0
20230801:1902,0.0,0.0,0.0,7.43,1.79,0.0
20230801:2002,0.0,0.0,0.0,6.17,1.86,0.0
20230801:2102,0.0,0.0,0.0,5.11,1.93,0.0
20230801:2202,0.0,0.0,0.0,4.39,2.0,0.0
20230801:2302,0.0,0.0,0.0,3.88,2.0,0.0
20230802:0002,0.0,0.0,0.0,3.46,2.0,0.0
20230802:0102,0.0,0.0,0.0,3.29,2.0,0.0
20230802:0202,0.0,0.0,0.0,3.04,2.0,0.0
20230802:0302,0.0,0.0,0.0,2.86,2.0,0.0
20230802:0402,0.0,0.0,0.0,2.71,2.0,0.0
20230802:0502,0.0,0.0,0.0,2.51,2.0,0.0
20230802:0602,5.78,16.39,4.15,2.59,2.0,0.0
20230802:0702,33.79,53.74,15.01,4.99,1.59,0.0
20230802:0802,33.68,83.63,24.6,11.59,1.24,0.0
20230802:0902,75.02,151.27,32.24,15.76,1.03,0.0
20230802:1002,107.4,193.43,37.07,18.28,0.83,0.0
20230802:1102,116.51,204.71,38.28,19.57,0.69,0.0
20230802:1202,97.74,182.11,35.61,20.15,0.62,0.0
20230802:1302,58.58,129.23,29.59,20.28,0.34,0.0
20230802:1402,21.85,54.44,21.1,20.07,0.28,0.0
20230802:1502,23.18,42.81,10.96,19.1,0.9,0.0
20230802:1602,0.0,0.0,0.0,16.93,1.17,0.0
20230802:1702,0.0,0.0,0.0,13.65,1.59,0.0
20230802:1802,0.0,0.0,0.0,11.25,1.79,0.0
20230802:1902,0.0,0.0,0.0,8.96,2.07,0.0
20230802:2002,0.0,0.0,0.0,7.24,2.21,0.0
20230802:2102,0.0,0.0,0.0,6.24,2.21,0.0
20230802:2202,0.0,0.0,0.0,5.87,2.28,0.0
20230802:2302,0.0,0.0,0.0,5.69,2.28,0.0
20230803:0002,0.0,0.0,0.0,5.63,2.28,0.0
20230803:0102,0.0,0.0,0.0,5.94,2.34,0.0
20230803:0202,0.0,0.0,0.0,6.42,2.34,0.0
20230803:0302,0.0,0.0,0.0,7.16,2.34,0.0
20230803:0402,0.0,0.0,0.0,7.81,2.34,0.0
20230803:0502,0.0,0.0,0.0,8.13,2.34,0.0
20230803:0602,6.72,18.22,4.32,8.48,2.34,0.0
20230803:0702,36.39,58.29,15.2,11.31,2.21,0.0
20230803:0802,37.88,90.32,24.81,17.32,1.86,0.0
20230803:0902,78.69,156.58,32.48,21.59,1.79,0.0
20230803:1002,111.48,198.84,37.33,23.3,2.0,0.0
20230803:1102,119.44,208.97,38.53,24.09,2.34,0.0
20230803:1202,105.59,190.36,35.85,24.3,2.55,0.0
20230803:1302,64.25,136.07,29.8,24.26,2.41,0.0
20230803:1402,27.69,64.03,21.28,23.8,2.62,0.0
20230803:1502,24.77,45.54,11.12,22.64,2.21,0.0
20230803:1602,0.0,0.0,0.0,20.66,1.93,0.0
20230803:1702,0.0,0.0,0.0,18.71,1.93,0.0
20230803:1802,0.0,0.0,0.0,17.16,1.93,0.0
20230803:1902,0.0,0.0,0.0,16.7,1.66,0.0
20230803:2002,0.0,0.0,0.0,17.03,1.52,0.0
20230803:2102,0.0,0.0,0.0,16.91,1.59,0.0
20230803:2202,0.0,0.0,0.0,16.29,1.72,0.0
20230803:2302,0.0,0.0,0.0,15.29,1.86,0.0
20230804:0002,0.0,0.0,0.0,14.23,1.93,0.0
20230804:0102,0.0,0.0,0.0,12.75,2.07,0.0
20230804:0202,0.0,0.0,0.0,11.5,2.21,0.0
20230804:0302,0.0,0.0,0.0,10.48,2.34,0.0
20230804:0402,0.0,0.0,0.0,9.9,2.41,0.0
20230804:0502,0.0,0.0,0.0,9.55,2.34,0.0
20230804:0602,6.69,18.22,4.5,9.28,2.28,0.0
20230804:0702,40.09,62.84,15.39,11.26,2.07,0.0
20230804:0802,43.96,97.69,25.03,15.03,2.21,0.0
20230804:0902,88.56,164.21,32.72,16.13,2.9,0.0
20230804:1002,119.48,203.4,37.59,16.84,3.17,0.0
20230804:1102,127.3,212.95,38.79,17.48,3.24,0.0
20230804:1202,110.48,192.72,36.09,18.01,3.24,0.0
20230804:1302,67.11,138.29,30.01,18.32,3.03,0.0
20230804:1402,27.21,64.83,21.47,18.21,2.41,0.0
20230804:1502,25.47,45.54,11.28,17.32,1.72,0.0
20230804:1602,0.0,0.0,0.0,15.43,1.24,0.0
20230804:1702,0.0,0.0,0.0,13.77,0.9,0.0
20230804:1802,0.0,0.0,0.0,12.66,0.83,0.0
20230804:1902,0.0,0.0,0.0,10.03,1.38,0.0
20230804:2002,0.0,0.0,0.0,8.42,1.79,0.0
20230804:2102,0.0,0.0,0.0,7.9,2.07,0.0
20230804:2202,0.0,0.0,0.0,7.64,2.0,0.0
20230804:2302,0.0,0.0,0.0,7.32,1.86,0.0
20230805:0002,0.0,0.0,0.0,7.65,1.45,0.0
20230805:0102,0.0,0.0,0.0,8.33,1.17,0.0
20230805:0202,0.0,0.0,0.0,9.19,1.03,0.0
20230805:0302,0.0,0.0,0.0,9.66,1.1,0.0
20230805:0402,0.0,0.0,0.0,10.09,1.03,0.0
20230805:0502,0.0,0.0,0.0,9.88,1.1,0.0
20230805:0602,9.03,21.86,4.68,10.07,0.97,0.0
20230805:0702,73.6,102.01,15.59,8.68,1.17,0.0
20230805:0802,125.86,175.05,25.25,12.44,1.38,0.0
20230805:0902,180.98,244.79,32.97,14.67,1.59,0.0
20230805:1002,191.05,266.64,37.85,16.19,1.72,0.0
20230805:1102,146.51,230.13,39.06,17.02,2.0,0.0
20230805:1202,116.93,199.24,36.34,17.3,2.07,0.0
20230805:1302,68.04,140.63,30.23,17.25,2.07,0.0
20230805:1402,27.19,67.03,21.65,16.88,1.86,0.0
20230805:1502,24.93,44.63,11.44,16.15,1.45,0.0
20230805:1602,0.0,0.0,0.0,14.81,1.38,0.0
20230805:1702,0.0,0.0,0.0,12.97,1.24,0.0
20230805:1802,0.0,0.0,0.0,13.04,0.9,0.0
20230805:1902,0.0,0.0,0.0,11.28,1.17,0.0
20230805:2002,0.0,0.0,0.0,10.1,1.38,0.0
20230805:2102,0.0,0.0,0.0,9.68,1.38,0.0
20230805:2202,0.0,0.0,0.0,9.49,1.24,0.0
20230805:2302,0.0,0.0,0.0,8.57,1.31,0.0
20230806:0002,0.0,0.0,0.0,7.69,1.31,0.0
20230806:0102,0.0,0.0,0.0,7.43,1.24,0.0
20230806:0202,0.0,0.0,0.0,7.23,1.17,0.0
20230806:0302,0.0,0.0,0.0,6.98,1.24,0.0
20230806:0402,0.0,0.0,0.0,6.31,1.38,0.0
20230806:0502,0.0,0.0,0.0,6.56,1.66,0.0
20230806:0602,9.18,21.86,4.87,7.25,1.79,0.0
20230806:0702,42.95,65.58,15.8,8.11,1.45,0.0
20230806:0802,49.44,105.27,25.48,9.88,1.38,0.0
20230806:0902,97.35,172.53,33.22,12.04,2.07,0.0
20230806:1002,137.86,218.84,38.12,13.45,2.28,0.0
20230806:1102,159.04,240.07,39.33,14.6,2.14,0.0
20230806:1202,119.62,201.41,36.59,15.16,1.93,0.0
20230806:1302,74.68,146.87,30.45,15.35,1.66,0.0
20230806:1402,29.3,71.24,21.84,15.32,1.24,0.0
20230806:1502,27.16,47.36,11.59,14.92,0.83,0.0
20230806:1602,0.0,0.0,0.0,14.01,0.62,0.0
20230806:1702,0.0,0.0,0.0,12.51,0.76,0.0
20230806:1802,0.0,0.0,0.0,10.75,1.1,0.0
20230806:1902,0.0,0.0,0.0,9.37,1.45,0.0
20230806:2002,0.0,0.0,0.0,8.38,1.52,0.0
20230806:2102,0.0,0.0,0.0,7.59,1.59,0.0
20230806:2202,0.0,0.0,0.0,6.84,1.66,0.0
20230806:2302,0.0,0.0,0.0,6.11,1.66,0.0
20230807:0002,0.0,0.0,0.0,5.48,1.66,0.0
20230807:0102,0.0,0.0,0.0,4.97,1.66,0.0
20230807:0202,0.0,0.0,0.0,4.46,1.66,0.0
20230807:0302,0.0,0.0,0.0,4.05,1.66,0.0
20230807:0402,0.0,0.0,0.0,3.76,1.66,0.0
20230807:0502,0.0,0.0,0.0,3.66,1.59,0.0
20230807:0602,9.34,21.86,5.05,4.16,1.59,0.0
20230807:0702,37.8,59.2,16.01,7.51,1.1,0.0
20230807:0802,49.83,108.47,25.72,12.61,0.55,0.0
20230807:0902,97.42,176.08,33.48,15.21,0.28,0.0
20230807:1002,133.2,218.59,38.4,16.3,0.9,0.0
20230807:1102,139.67,226.97,39.6,16.81,1.17,0.0
20230807:1202,119.9,204.28,36.84,17.23,1.31,0.0
20230807:1302,78.83,152.69,30.67,17.13,1.38,0.0
20230807:1402,32.12,76.56,22.03,16.5,1.31,0.0
20230807:1502,27.09,47.36,11.75,15.47,1.24,0.0
20230807:1602,0.0,0.0,0.0,13.9,1.31,0.0
20230807:1702,0.0,0.0,0.0,12.14,1.17,0.0
20230807:1802,0.0,0.0,0.0,10.73,1.03,0.0
20230807:1902,0.0,0.0,0.0,11.05,1.1,0.0
20230807:2002,0.0,0.0,0.0,11.3,0.9,0.0
20230807:2102,0.0,0.0,0.0,10.34,0.9,0.0
20230807:2202,0.0,0.0,0.0,7.94,0.9,0.0
20230807:2302,0.0,0.0,0.0,7.04,0.83,0.0
20230808:0002,0.0,0.0,0.0,7.67,0.9,0.0
20230808:0102,0.0,0.0,0.0,8.11,0.97,0.0
20230808:0202,0.0,0.0,0.0,8.24,0.97,0.0
20230808:0302,0.0,0.0,0.0,8.45,1.03,0.0
20230808:0402,0.0,0.0,0.0,8.53,0.97,0.0
20230808:0502,0.0,0.0,0.0,8.95,0.69,0.0
20230808:0602,13.46,28.23,5.25,9.65,0.9,0.0
20230808:0702,73.53,102.92,16.22,11.17,1.45,0.0
20230808:0802,98.39,153.46,25.95,12.81,2.48,0.0
20230808:0902,135.4,207.48,33.75,13.82,3.31,0.0
20230808:1002,209.44,282.56,38.68,14.81,3.59,0.0
20230808:1102,229.98,302.48,39.88,15.24,3.72,0.0
20230808:1202,221.19,284.26,37.1,15.27,3.66,0.0
20230808:1302,89.47,161.67,30.89,15.29,3.72,0.0
20230808:1402,31.76,78.04,22.22,14.9,3.66,0.0
20230808:1502,27.33,47.36,11.92,14.14,3.45,0.0
20230808:1602,0.0,0.0,0.0,13.17,3.31,0.0
20230808:1702,0.0,0.0,0.0,12.5,3.24,0.0
20230808:1802,0.0,0.0,0.0,11.82,3.1,0.0
20230808:1902,0.0,0.0,0.0,11.55,3.17,0.0
20230808:2002,0.0,0.0,0.0,10.78,3.03,0.0
20230808:2102,0.0,0.0,0.0,10.15,2.9,0.0
20230808:2202,0.0,0.0,0.0,9.61,2.76,0.0
20230808:2302,0.0,0.0,0.0,9.19,2.69,0.0
20230809:0002,0.0,0.0,0.0,8.78,2.76,0.0
20230809:0102,0.0,0.0,0.0,8.48,2.76,0.0
20230809:0202,0.0,0.0,0.0,8.57,2.9,0.0
20230809:0302,0.0,0.0,0.0,8.75,2.97,0.0
20230809:0402,0.0,0.0,0.0,8.75,2.9,0.0
20230809:0502,0.0,0.0,0.0,8.49,2.55,0.0
20230809:0602,9.76,22.77,5.45,7.99,2.21,0.0
20230809:0702,36.83,58.29,16.44,8.92,1.93,0.0
20230809:0802,53.43,116.43,26.2,12.28,1.72,0.0
20230809:0902,104.28,185.77,34.01,15.18,1.59,0.0
20230809:1002,140.53,229.16,38.96,17.38,1.38,0.0
20230809:1102,147.71,238.83,40.16,19.04,1.17,0.0
20230809:1202,131.17,219.28,37.35,20.14,0.97,0.0
20230809:1302,82.37,161.37,31.12,20.73,0.97,0.0
20230809:1402,33.89,84.04,22.41,20.77,1.1,0.0
20230809:1502,27.12,48.27,12.08,20.15,1.31,0.0
20230809:1602,0.0,0.0,0.0,18.19,1.45,0.0
20230809:1702,0.0,0.0,0.0,15.11,1.79,0.0
20230809:1802,0.0,0.0,0.0,12.34,2.0,0.0
20230809:1902,0.0,0.0,0.0,10.37,2.14,0.0
20230809:2002,0.0,0.0,0.0,9.27,2.14,0.0
20230809:2102,0.0,0.0,0.0,8.65,2.14,0.0
20230809:2202,0.0,0.0,0.0,8.27,2.14,0.0
20230809:2302,0.0,0.0,0.0,8.02,2.21,0.0
20230810:0002,0.0,0.0,0.0,7.85,2.21,0.0
20230810:0102,0.0,0.0,0.0,7.77,2.14,0.0
20230810:0202,0.0,0.0,0.0,7.52,2.14,0.0
20230810:0302,0.0,0.0,0.0,7.34,2.14,0.0
20230810:0402,0.0,0.0,0.0,7.15,2.21,0.0
20230810:0502,0.0,0.0,0.0,7.06,2.21,0.0
20230810:0602,11.06,24.59,5.65,7.22,2.21,0.0
20230810:0702,19.15,36.76,16.67,9.91,1.66,0.0
20230810:0802,55.47,121.07,26.45,16.93,1.1,0.0
20230810:0902,106.55,191.59,34.29,21.82,0.9,0.0
20230810:1002,140.28,233.47,39.25,23.82,1.31,0.0
20230810:1102,148.16,243.09,40.45,24.65,1.79,0.0
20230810:1202,134.07,224.7,37.62,24.97,1.93,0.0
20230810:1302,85.55,166.42,31.34,24.93,1.79,0.0
20230810:1402,35.13,87.84,22.6,24.53,1.24,0.0
20230810:1502,27.35,49.18,12.24,23.31,1.17,0.0
20230810:1602,0.0,0.0,0.0,22.83,0.48,0.0
20230810:1702,0.0,0.0,0.0,21.22,0.97,0.0
20230810:1802,0.0,0.0,0.0,18.56,1.31,0.0
20230810:1902,0.0,0.0,0.0,14.95,1.66,0.0
20230810:2002,0.0,0.0,0.0,13.32,1.86,0.0
20230810:2102,0.0,0.0,0.0,11.85,2.0,0.0
20230810:2202,0.0,0.0,0.0,10.9,2.14,0.0
20230810:2302,0.0,0.0,0.0,10.15,2.21,0.0
20230811:0002,0.0,0.0,0.0,9.97,2.21,0.0
20230811:0102,0.0,0.0,0.0,10.55,2.21,0.0
20230811:0202,0.0,0.0,0.0,11.78,2.21,0.0
20230811:0302,0.0,0.0,0.0,13.33,2.14,0.0
20230811:0402,0.0,0.0,0.0,16.16,1.72,0.0
20230811:0502,0.0,0.0,0.0,18.84,1.17,0.0
20230811:0602,14.71,30.97,5.86,18.47,1.03,0.0
20230811:0702,26.77,50.56,16.9,16.95,1.24,0.0
20230811:0802,102.37,163.86,26.7,19.54,0.9,0.0
20230811:0902,112.08,195.0,34.57,21.38,1.38,0.0
20230811:1002,144.1,234.22,39.55,22.32,1.93,0.0
20230811:1102,150.51,242.54,40.74,23.01,2.34,0.0
20230811:1202,130.66,219.86,37.88,23.47,2.48,0.0
20230811:1302,86.67,166.67,31.57,23.35,2.28,0.0
20230811:1402,100.03,141.21,22.79,22.53,1.86,0.0
20230811:1502,50.21,78.33,12.4,21.28,1.52,0.0
20230811:1602,0.0,0.0,0.0,19.3,0.97,0.0
20230811:1702,0.0,0.0,0.0,18.07,0.41,0.0
20230811:1802,0.0,0.0,0.0,17.15,0.28,0.0
20230811:1902,0.0,0.0,0.0,15.68,0.34,0.0
20230811:2002,0.0,0.0,0.0,15.2,0.48,0.0
20230811:2102,0.0,0.0,0.0,14.69,0.62,0.0
20230811:2202,0.0,0.0,0.0,14.13,0.62,0.0
20230811:2302,0.0,0.0,0.0,13.56,0.69,0.0
20230812:0002,0.0,0.0,0.0,12.87,0.83,0.0
20230812:0102,0.0,0.0,0.0,10.93,1.1,0.0
20230812:0202,0.0,0.0,0.0,9.95,1.24,0.0
20230812:0302,0.0,0.0,0.0,9.62,1.24,0.0
20230812:0402,0.0,0.0,0.0,9.68,1.1,0.0
20230812:0502,0.0,0.0,0.0,9.37,1.1,0.0
20230812:0602,14.12,29.15,6.07,9.63,0.97,0.0
20230812:0702,67.77,96.37,17.13,11.16,0.55,0.0
20230812:0802,102.64,137.75,26.96,12.23,1.03,0.0
20230812:0902,157.95,202.96,34.85,12.9,1.45,0.0
20230812:1002,224.28,283.41,39.84,13.52,1.93,0.0
20230812:1102,87.54,120.58,41.03,14.01,2.21,0.0
20230812:1202,100.46,135.77,38.15,14.06,2.34,0.0
20230812:1302,113.62,150.96,31.8,13.77,2.48,0.0
20230812:1402,110.32,147.86,22.98,13.19,2.34,0.0
20230812:1502,27.55,47.36,12.57,12.42,2.07,0.0
20230812:1602,0.0,0.0,0.0,11.52,1.66,0.0
20230812:1702,0.0,0.0,0.0,10.89,1.45,0.0
20230812:1802,0.0,0.0,0.0,10.53,1.24,0.0
20230812:1902,0.0,0.0,0.0,10.09,0.55,0.0
20230812:2002,0.0,0.0,0.0,9.32,0.76,0.0
20230812:2102,0.0,0.0,0.0,8.61,0.9,0.0
20230812:2202,0.0,0.0,0.0,8.3,0.97,0.0
20230812:2302,0.0,0.0,0.0,7.99,1.03,0.0
20230813:0002,0.0,0.0,0.0,7.73,1.1,0.0
20230813:0102,0.0,0.0,0.0,7.91,1.1,0.0
20230813:0202,0.0,0.0,0.0,7.79,1.1,0.0
20230813:0302,0.0,0.0,0.0,8.03,1.1,0.0
20230813:0402,0.0,0.0,0.0,7.9,1.1,0.0
20230813:0502,0.0,0.0,0.0,8.13,0.97,0.0
20230813:0602,18.23,34.61,6.29,8.52,0.76,0.0
20230813:0702,74.63,107.08,17.37,9.56,0.76,0.0
20230813:0802,118.13,177.24,27.22,11.51,0.83,0.0
20230813:0902,183.0,253.55,35.14,12.64,1.1,0.0
20230813:1002,200.15,279.47,40.15,13.73,1.72,0.0
20230813:1102,200.81,282.4,41.33,14.1,1.93,0.0
20230813:1202,217.67,291.08,38.42,14.27,2.0,0.0
20230813:1302,105.61,182.06,32.03,14.32,2.21,0.0
20230813:1402,76.6,129.18,23.18,13.99,2.21,0.0
20230813:1502,26.75,46.45,12.73,13.06,2.14,0.0
20230813:1602,0.0,0.0,0.0,11.84,1.79,0.0
20230813:1702,0.0,0.0,0.0,10.7,1.59,0.0
20230813:1802,0.0,0.0,0.0,9.97,1.52,0.0
20230813:1902,0.0,0.0,0.0,9.73,1.59,0.0
20230813:2002,0.0,0.0,0.0,9.39,1.52,0.0
20230813:2102,0.0,0.0,0.0,9.17,1.38,0.0
20230813:2202,0.0,0.0,0.0,8.96,1.31,0.0
20230813:2302,0.0,0.0,0.0,8.71,1.24,0.0
20230814:0002,0.0,0.0,0.0,8.4,1.17,0.0
20230814:0102,0.0,0.0,0.0,7.95,1.03,0.0
20230814:0202,0.0,0.0,0.0,8.09,0.9,0.0
20230814:0302,0.0,0.0,0.0,8.1,0.76,0.0
20230814:0402,0.0,0.0,0.0,8.22,0.76,0.0
20230814:0502,0.0,0.0,0.0,7.95,0.48,0.0
20230814:0602,19.69,36.43,6.51,7.54,0.21,0.0
20230814:0702,85.0,118.32,17.61,8.55,0.34,0.0
20230814:0802,152.18,205.53,27.49,10.34,0.97,0.0
20230814:0902,193.37,262.1,35.43,11.11,1.59,0.0
20230814:1002,250.99,317.2,40.46,11.92,1.93,0.0
20230814:1102,255.85,328.19,41.63,12.36,2.07,0.0
20230814:1202,224.07,281.88,38.69,12.56,2.21,0.0
20230814:1302,155.45,199.46,32.27,12.36,2.21,0.0
20230814:1402,124.71,165.71,23.37,12.08,2.07,0.0
20230814:1502,27.64,47.36,12.89,11.71,1.86,0.0
20230814:1602,0.0,0.0,0.0,11.03,1.38,0.0
20230814:1702,0.0,0.0,0.0,9.93,0.97,0.0
20230814:1802,0.0,0.0,0.0,9.28,0.9,0.0
20230814:1902,0.0,0.0,0.0,7.15,1.86,0.0
20230814:2002,0.0,0.0,0.0,6.56,1.93,0.0
20230814:2102,0.0,0.0,0.0,6.19,1.93,0.0
20230814:2202,0.0,0.0,0.0,5.83,1.93,0.0
20230814:2302,0.0,0.0,0.0,5.57,1.93,0.0
20230815:0002,0.0,0.0,0.0,5.23,2.0,0.0
20230815:0102,0.0,0.0,0.0,4.86,2.14,0.0
20230815:0202,0.0,0.0,0.0,4.81,2.21,0.0
20230815:0302,0.0,0.0,0.0,4.86,2.28,0.0
20230815:0402,0.0,0.0,0.0,4.86,2.21,0.0
20230815:0502,0.0,0.0,0.0,4.87,2.21,0.0
20230815:0602,13.16,27.32,6.74,4.98,2.28,0.0
20230815:0702,24.1,57.62,17.85,8.13,2.41,0.0
20230815:0802,76.39,146.67,27.76,11.24,3.31,0.0
20230815:0902,137.47,219.23,35.72,12.95,4.07,0.0
20230815:1002,173.18,260.13,40.77,14.3,4.21,0.0
20230815:1102,181.39,270.07,41.94,15.34,4.0,0.0
20230815:1202,163.56,249.81,38.97,16.22,3.72,0.0
20230815:1302,109.06,190.12,32.5,16.77,3.52,0.0
20230815:1402,47.86,108.79,23.57,16.83,3.24,0.0
20230815:1502,31.24,52.83,13.06,16.21,2.9,0.0
20230815:1602,0.0,2.73,1.57,14.7,2.97,0.0
20230815:1702,0.0,0.0,0.0,13.09,3.1,0.0
20230815:1802,0.0,0.0,0.0,11.81,2.97,0.0
20230815:1902,0.0,0.0,0.0,11.33,3.03,0.0
20230815:2002,0.0,0.0,0.0,10.57,2.9,0.0
20230815:2102,0.0,0.0,0.0,9.93,2.9,0.0
20230815:2202,0.0,0.0,0.0,9.44,2.76,0.0
20230815:2302,0.0,0.0,0.0,8.9,2.69,0.0
20230816:0002,0.0,0.0,0.0,8.48,2.62,0.0
20230816:0102,0.0,0.0,0.0,7.96,2.48,0.0
20230816:0202,0.0,0.0,0.0,7.49,2.41,0.0
20230816:0302,0.0,0.0,0.0,7.13,2.41,0.0
20230816:0402,0.0,0.0,0.0,6.84,2.28,0.0
20230816:0502,0.0,0.0,0.0,6.56,2.21,0.0
20230816:0602,14.98,30.06,6.97,7.2,2.0,0.0
20230816:0702,26.36,63.09,18.1,10.82,1.93,0.0
20230816:0802,78.18,150.74,28.03,14.88,2.97,0.0
20230816:0902,137.73,221.86,36.02,16.04,3.86,0.0
20230816:1002,175.39,264.04,41.08,16.85,4.28,0.0
20230816:1102,184.21,273.92,42.25,17.23,4.55,0.0
20230816:1202,167.24,253.59,39.24,17.2,4.83,0.0
20230816:1302,115.09,195.43,32.74,16.78,4.76,0.0
20230816:1402,108.53,162.16,23.77,16.03,5.03,0.0
20230816:1502,56.55,83.79,13.22,14.8,4.28,0.0
20230816:1602,0.0,3.64,1.71,13.42,3.79,0.0
20230816:1702,0.0,0.0,0.0,12.13,3.59,0.0
20230816:1802,0.0,0.0,0.0,11.47,3.79,0.0
20230816:1902,0.0,0.0,0.0,10.69,3.59,0.0
20230816:2002,0.0,0.0,0.0,10.18,3.66,0.0
20230816:2102,0.0,0.0,0.0,9.72,3.79,0.0
20230816:2202,0.0,0.0,0.0,9.54,3.79,0.0
20230816:2302,0.0,0.0,0.0,9.34,3.79,0.0
20230817:0002,0.0,0.0,0.0,9.22,3.59,0.0
20230817:0102,0.0,0.0,0.0,9.33,3.72,0.0
20230817:0202,0.0,0.0,0.0,9.19,3.38,0.0
20230817:0302,0.0,0.0,0.0,9.41,3.59,0.0
20230817:0402,0.0,0.0,0.0,9.31,3.17,0.0
20230817:0502,0.0,0.0,0.0,9.35,3.03,0.0
20230817:0602,20.23,37.34,7.2,9.38,3.03,0.0
20230817:0702,81.84,112.41,18.36,9.64,3.24,0.0
20230817:0802,154.47,197.59,28.31,10.4,3.93,0.0
20230817:0902,165.01,208.69,36.33,11.58,3.52,0.0
20230817:1002,234.1,293.03,41.4,13.26,3.03,0.0
20230817:1102,50.24,75.96,42.56,14.07,3.31,0.0
20230817:1202,124.59,163.3,39.52,13.49,3.31,0.0
20230817:1302,25.37,44.62,32.97,13.03,3.52,0.0
20230817:1402,95.11,128.32,23.96,11.89,3.66,0.0
20230817:1502,49.02,73.77,13.39,11.56,2.55,0.0
20230817:1602,0.0,2.73,1.85,10.62,3.45,0.0
20230817:1702,0.0,0.0,0.0,9.92,3.45,0.0
20230817:1802,0.0,0.0,0.0,9.7,2.83,0.0
20230817:1902,0.0,0.0,0.0,9.84,1.93,0.0
20230817:2002,0.0,0.0,0.0,9.79,2.07,0.0
20230817:2102,0.0,0.0,0.0,9.73,2.28,0.0
20230817:2202,0.0,0.0,0.0,9.64,2.14,0.0
20230817:2302,0.0,0.0,0.0,9.76,1.93,0.0
20230818:0002,0.0,0.0,0.0,9.73,2.0,0.0
20230818:0102,0.0,0.0,0.0,9.43,2.0,0.0
20230818:0202,0.0,0.0,0.0,9.25,1.93,0.0
20230818:0302,0.0,0.0,0.0,9.2,1.66,0.0
20230818:0402,0.0,0.0,0.0,9.22,1.66,0.0
20230818:0502,0.0,0.0,0.0,9.18,2.07,0.0
20230818:0602,21.61,39.16,7.44,9.3,2.07,0.0
20230818:0702,93.73,129.69,18.62,10.17,2.9,0.0
20230818:0802,166.41,218.64,28.6,11.39,3.17,0.0
20230818:0902,211.2,280.8,36.64,12.64,3.24,0.0
20230818:1002,255.97,329.36,41.73,13.72,3.38,0.0
20230818:1102,212.87,296.65,42.87,14.21,3.31,0.0
20230818:1202,210.17,288.84,39.81,14.39,3.38,0.0
20230818:1302,150.25,224.3,33.21,14.28,3.03,0.0
20230818:1402,68.11,129.76,24.16,14.02,2.21,0.0
20230818:1502,61.87,90.17,13.55,13.93,1.24,0.0
20230818:1602,0.0,3.64,1.99,13.36,0.62,0.0
20230818:1702,0.0,0.0,0.0,11.62,0.9,0.0
20230818:1802,0.0,0.0,0.0,9.93,1.38,0.0
20230818:1902,0.0,0.0,0.0,9.82,1.45,0.0
20230818:2002,0.0,0.0,0.0,9.24,1.59,0.0
20230818:2102,0.0,0.0,0.0,9.1,1.79,0.0
20230818:2202,0.0,0.0,0.0,9.05,1.79,0.0
20230818:2302,0.0,0.0,0.0,8.74,1.79,0.0
20230819:0002,0.0,0.0,0.0,8.63,1.79,0.0
20230819:0102,0.0,0.0,0.0,8.39,1.79,0.0
20230819:0202,0.0,0.0,0.0,8.14,1.79,0.0
20230819:0302,0.0,0.0,0.0,7.62,1.86,0.0
20230819:0402,0.0,0.0,0.0,6.91,1.93,0.0
20230819:0502,0.0,0.0,0.0,6.37,1.93,0.0
20230819:0602,23.36,40.99,7.68,6.35,1.79,0.0
20230819:0702,72.08,113.5,18.88,9.8,1.31,0.0
20230819:0802,87.47,164.38,28.88,13.84,0.9,0.0
20230819:0902,148.74,236.04,36.95,15.98,1.38,0.0
20230819:1002,186.96,278.61,42.05,16.7,2.34,0.0
20230819:1102,195.55,287.68,43.19,16.71,2.76,0.0
20230819:1202,231.42,310.54,40.09,16.58,2.83,0.0
20230819:1302,123.32,206.81,33.45,16.28,3.17,0.0
20230819:1402,62.5,127.87,24.36,15.82,3.24,0.0
20230819:1502,29.6,50.99,13.72,14.89,2.76,0.0
20230819:1602,0.25,6.38,2.13,13.72,2.28,0.0
20230819:1702,0.0,0.0,0.0,12.2,2.07,0.0
20230819:1802,0.0,0.0,0.0,11.24,1.79,0.0
20230819:1902,0.0,0.0,0.0,10.93,1.79,0.0
20230819:2002,0.0,0.0,0.0,10.87,1.86,0.0
20230819:2102,0.0,0.0,0.0,10.51,1.93,0.0
20230819:2202,0.0,0.0,0.0,10.3,2.0,0.0
20230819:2302,0.0,0.0,0.0,10.14,2.14,0.0
20230820:0002,0.0,0.0,0.0,9.9,2.21,0.0
20230820:0102,0.0,0.0,0.0,9.37,2.41,0.0
20230820:0202,0.0,0.0,0.0,9.15,2.55,0.0
20230820:0302,0.0,0.0,0.0,9.02,2.76,0.0
20230820:0402,0.0,0.0,0.0,9.05,2.69,0.0
20230820:0502,0.0,0.0,0.0,8.92,2.83,0.0
20230820:0602,25.89,44.63,7.92,9.05,2.83,0.0
20230820:0702,59.9,103.98,19.14,9.81,4.14,0.0
20230820:0802,126.16,192.76,29.17,10.8,4.34,0.0
20230820:0902,164.22,245.02,37.27,11.97,4.41,0.0
20230820:1002,210.94,293.6,42.39,13.13,4.69,0.0
20230820:1102,206.21,293.2,43.52,13.99,4.97,0.0
20230820:1202,186.98,271.66,40.38,14.37,5.03,0.0
20230820:1302,130.13,211.79,33.69,14.51,5.17,0.0
20230820:1402,64.18,130.53,24.56,14.22,5.1,0.0
20230820:1502,20.78,41.88,13.88,13.36,4.55,0.0
20230820:1602,0.26,6.38,2.27,12.15,4.76,0.0
20230820:1702,0.0,0.0,0.0,11.1,4.55,0.0
20230820:1802,0.0,0.0,0.0,10.5,4.55,0.0
20230820:1902,0.0,0.0,0.0,10.22,4.76,0.0
20230820:2002,0.0,0.0,0.0,10.31,4.97,0.0
20230820:2102,0.0,0.0,0.0,10.43,5.03,0.0
20230820:2202,0.0,0.0,0.0,10.55,5.59,0.0
20230820:2302,0.0,0.0,0.0,10.43,5.38,0.0
20230821:0002,0.0,0.0,0.0,10.26,4.76,0.0
20230821:0102,0.0,0.0,0.0,10.94,4.69,0.0
20230821:0202,0.0,0.0,0.0,11.19,3.45,0.0
20230821:0302,0.0,0.0,0.0,11.22,3.66,0.0
20230821:0402,0.0,0.0,0.0,11.13,3.31,0.0
20230821:0502,0.0,0.0,0.0,11.1,3.86,0.0
20230821:0602,24.23,42.81,8.17,11.0,3.59,0.0
20230821:0702,75.86,120.24,19.41,11.5,3.59,0.0
20230821:0802,107.46,180.54,29.47,12.4,4.34,0.0
20230821:0902,216.32,287.55,37.59,13.05,4.97,0.0
20230821:1002,235.85,314.76,42.72,13.61,5.86,0.0
20230821:1102,268.72,343.65,43.84,13.5,6.21,0.0
20230821:1202,244.53,317.25,40.66,13.18,5.79,0.0
20230821:1302,194.17,260.39,33.93,12.81,5.52,0.0
20230821:1402,93.31,154.25,24.75,12.57,4.97,0.0
20230821:1502,54.63,80.88,14.05,12.32,4.0,0.0
20230821:1602,0.0,4.55,2.41,11.54,4.21,0.0
20230821:1702,0.0,0.0,0.0,11.06,3.59,0.0
20230821:1802,0.0,0.0,0.0,10.77,3.17,0.0
20230821:1902,0.0,0.0,0.0,10.9,3.38,0.0
20230821:2002,0.0,0.0,0.0,10.61,2.83,0.0
20230821:2102,0.0,0.0,0.0,10.36,2.9,0.0
20230821:2202,0.0,0.0,0.0,10.09,2.97,0.0
20230821:2302,0.0,0.0,0.0,9.92,3.1,0.0
20230822:0002,0.0,0.0,0.0,9.9,3.38,0.0
20230822:0102,0.0,0.0,0.0,9.83,3.66,0.0
20230822:0202,0.0,0.0,0.0,9.99,4.07,0.0
20230822:0302,0.0,0.0,0.0,9.97,4.28,0.0
20230822:0402,0.0,0.0,0.0,9.94,4.34,0.0
20230822:0502,0.0,0.0,0.0,9.95,4.62,0.0
20230822:0602,15.43,30.97,8.43,10.06,4.07,0.0
20230822:0702,34.76,56.02,19.69,10.64,5.38,0.0
20230822:0802,81.0,111.08,29.77,11.11,6.14,0.0
20230822:0902,111.44,146.21,37.91,11.41,6.41,0.0
20230822:1002,178.31,222.71,43.06,11.61,6.21,0.0
20230822:1102,80.01,110.14,44.17,11.42,5.31,0.0
20230822:1202,59.74,86.4,40.95,11.48,5.45,0.0
20230822:1302,64.57,92.1,34.17,11.46,5.38,0.0
20230822:1402,59.72,86.4,24.95,11.61,6.0,0.0
20230822:1502,15.59,31.33,14.21,11.32,4.21,0.0
20230822:1602,0.27,6.38,2.55,11.22,3.52,0.0
20230822:1702,0.0,0.0,0.0,11.21,3.31,0.0
20230822:1802,0.0,0.0,0.0,11.24,3.24,0.0
20230822:1902,0.0,0.0,0.0,11.39,3.38,0.0
20230822:2002,0.0,0.0,0.0,11.31,3.45,0.0
20230822:2102,0.0,0.0,0.0,10.87,3.52,0.0
20230822:2202,0.0,0.0,0.0,10.34,3.1,0.0
20230822:2302,0.0,0.0,0.0,9.96,2.62,0.0
20230823:0002,0.0,0.0,0.0,9.69,2.34,0.0
20230823:0102,0.0,0.0,0.0,9.67,2.21,0.0
20230823:0202,0.0,0.0,0.0,8.97,2.0,0.0
20230823:0302,0.0,0.0,0.0,8.35,1.86,0.0
20230823:0402,0.0,0.0,0.0,7.74,1.72,0.0
20230823:0502,0.0,0.0,0.0,7.24,1.45,0.0
20230823:0602,29.78,49.18,8.68,6.88,1.24,0.0
20230823:0702,41.59,95.87,19.96,9.02,1.52,0.0
20230823:0802,160.39,203.8,30.07,9.85,2.14,0.0
20230823:0902,193.31,272.33,38.24,10.85,2.97,0.0
20230823:1002,243.64,324.18,43.4,11.46,3.1,0.0
20230823:1102,244.71,327.57,44.5,12.13,3.31,0.0
20230823:1202,206.38,291.02,41.25,12.57,3.31,0.0
20230823:1302,151.76,232.38,34.42,12.19,3.03,0.0
20230823:1402,80.36,148.61,25.15,11.91,2.76,0.0
20230823:1502,36.16,66.32,14.38,11.55,2.21,0.0
20230823:1602,1.04,8.2,2.7,10.87,1.38,0.0
20230823:1702,0.0,0.0,0.0,10.16,0.9,0.0
20230823:1802,0.0,0.0,0.0,9.77,0.55,0.0
20230823:1902,0.0,0.0,0.0,9.98,0.48,0.0
20230823:2002,0.0,0.0,0.0,9.67,0.48,0.0
20230823:2102,0.0,0.0,0.0,9.26,0.41,0.0
20230823:2202,0.0,0.0,0.0,8.88,0.55,0.0
20230823:2302,0.0,0.0,0.0,7.97,0.9,0.0
20230824:0002,0.0,0.0,0.0,6.07,1.17,0.0
20230824:0102,0.0,0.0,0.0,4.59,1.31,0.0
20230824:0202,0.0,0.0,0.0,3.68,1.38,0.0
20230824:0302,0.0,0.0,0.0,3.26,1.31,0.0
20230824:0402,0.0,0.0,0.0,2.97,1.38,0.0
20230824:0502,0.0,0.0,0.0,2.65,1.52,0.0
20230824:0602,20.17,36.43,8.94,3.1,1.45,0.0
20230824:0702,110.11,149.72,20.24,6.4,1.24,0.0
20230824:0802,184.55,242.89,30.38,9.73,1.17,0.0
20230824:0902,240.77,304.67,38.57,12.0,1.1,0.0
20230824:1002,274.84,356.21,43.75,13.38,0.69,0.0
20230824:1102,251.65,339.89,44.83,14.46,0.76,0.0
20230824:1202,203.18,293.63,41.54,15.13,1.24,0.0
20230824:1302,150.25,235.41,34.66,15.54,1.72,0.0
20230824:1402,88.95,158.27,25.35,15.33,1.86,0.0
20230824:1502,56.65,89.96,14.54,14.53,1.66,0.0
20230824:1602,0.0,2.73,2.84,13.2,1.31,0.0
20230824:1702,0.0,0.0,0.0,11.25,1.03,0.0
20230824:1802,0.0,0.0,0.0,10.68,0.69,0.0
20230824:1902,0.0,0.0,0.0,9.84,0.9,0.0
20230824:2002,0.0,0.0,0.0,7.69,1.52,0.0
20230824:2102,0.0,0.0,0.0,6.32,2.0,0.0
20230824:2202,0.0,0.0,0.0,6.02,2.34,0.0
20230824:2302,0.0,0.0,0.0,6.27,2.76,0.0
20230825:0002,0.0,0.0,0.0,7.14,3.17,0.0
20230825:0102,0.0,0.0,0.0,7.85,3.66,0.0
20230825:0202,0.0,0.0,0.0,8.37,4.0,0.0
20230825:0302,0.0,0.0,0.0,8.3,4.28,0.0
20230825:0402,0.0,0.0,0.0,8.52,4.21,0.0
20230825:0502,0.0,0.0,0.0,8.9,3.38,0.0
20230825:0602,25.88,44.63,9.2,9.22,3.52,0.0
20230825:0702,25.74,44.62,20.53,10.29,3.59,0.0
20230825:0802,158.73,201.73,30.69,10.96,3.79,0.0
20230825:0902,32.34,53.17,38.91,11.45,5.45,0.0
20230825:1002,216.7,268.58,44.1,12.72,5.52,0.0
20230825:1102,180.08,226.27,45.17,13.01,5.52,0.0
20230825:1202,228.57,282.3,41.83,12.23,5.59,0.0
20230825:1302,27.79,47.47,34.9,11.63,4.62,0.0
20230825:1402,149.66,196.29,25.55,10.82,4.41,0.0
20230825:1502,69.97,99.81,14.7,9.97,4.07,0.0
20230825:1602,0.65,7.29,2.98,9.21,4.76,0.0
20230825:1702,0.0,0.0,0.0,8.6,3.59,0.0
20230825:1802,0.0,0.0,0.0,8.36,3.59,0.0
20230825:1902,0.0,0.0,0.0,8.22,3.1,0.0
20230825:2002,0.0,0.0,0.0,7.88,3.03,0.0
20230825:2102,0.0,0.0,0.0,7.63,2.55,0.0
20230825:2202,0.0,0.0,0.0,7.56,1.93,0.0
20230825:2302,0.0,0.0,0.0,7.57,1.59,0.0
20230826:0002,0.0,0.0,0.0,7.52,1.59,0.0
20230826:0102,0.0,0.0,0.0,7.47,1.72,0.0
20230826:0202,0.0,0.0,0.0,7.85,1.52,0.0
20230826:0302,0.0,0.0,0.0,7.51,1.17,0.0
20230826:0402,0.0,0.0,0.0,7.59,0.83,0.0
20230826:0502,0.0,0.0,0.0,7.78,0.69,0.0
20230826:0602,34.05,54.65,9.47,7.66,0.9,0.0
20230826:0702,84.34,115.12,20.81,9.58,1.38,0.0
20230826:0802,136.59,212.66,31.0,11.14,3.17,0.0
20230826:0902,129.88,168.05,39.25,11.56,3.31,0.0
20230826:1002,113.17,149.06,44.45,11.94,3.31,0.0
20230826:1102,289.91,369.25,45.51,12.24,3.03,0.0
20230826:1202,271.6,346.77,42.13,12.71,2.69,0.0
20230826:1302,159.99,244.64,35.15,12.63,2.34,0.0
20230826:1402,98.07,167.75,25.75,12.49,2.28,0.0
20230826:1502,24.59,61.28,14.87,11.97,2.21,0.0
20230826:1602,3.35,12.75,3.12,11.26,1.72,0.0
20230826:1702,0.0,0.0,0.0,10.25,1.45,0.0
20230826:1802,0.0,0.0,0.0,9.12,1.38,0.0
20230826:1902,0.0,0.0,0.0,8.23,1.38,0.0
20230826:2002,0.0,0.0,0.0,7.49,1.45,0.0
20230826:2102,0.0,0.0,0.0,6.73,1.59,0.0
20230826:2202,0.0,0.0,0.0,6.04,1.72,0.0
20230826:2302,0.0,0.0,0.0,5.6,1.79,0.0
20230827:0002,0.0,0.0,0.0,5.29,1.79,0.0
20230827:0102,0.0,0.0,0.0,4.63,1.72,0.0
20230827:0202,0.0,0.0,0.0,4.23,1.72,0.0
20230827:0302,0.0,0.0,0.0,3.83,1.86,0.0
20230827:0402,0.0,0.0,0.0,3.53,1.93,0.0
20230827:0502,0.0,0.0,0.0,3.43,1.93,0.0
20230827:0602,21.47,38.25,9.74,4.29,1.86,0.0
20230827:0702,55.19,117.08,21.1,8.65,1.86,0.0
20230827:0802,129.89,211.26,31.31,12.06,1.72,0.0
20230827:0902,195.15,284.78,39.59,14.55,1.45,0.0
20230827:1002,232.04,327.48,44.81,16.42,1.24,0.0
20230827:1102,237.61,335.86,45.85,17.75,1.1,0.0
20230827:1202,213.98,308.68,42.43,18.58,1.31,0.0
20230827:1302,157.24,248.38,35.39,19.08,1.59,0.0
20230827:1402,83.76,162.34,25.94,19.17,1.66,0.0
20230827:1502,25.1,65.02,15.03,18.74,1.31,0.0
20230827:1602,3.71,13.66,3.26,17.33,1.38,0.0
20230827:1702,0.0,0.0,0.0,14.71,1.79,0.0
20230827:1802,0.0,0.0,0.0,12.65,2.0,0.0
20230827:1902,0.0,0.0,0.0,11.11,2.07,0.0
20230827:2002,0.0,0.0,0.0,9.55,2.14,0.0
20230827:2102,0.0,0.0,0.0,8.65,2.14,0.0
20230827:2202,0.0,0.0,0.0,8.18,2.14,0.0
20230827:2302,0.0,0.0,0.0,7.92,2.14,0.0
20230828:0002,0.0,0.0,0.0,7.64,2.21,0.0
20230828:0102,0.0,0.0,0.0,7.62,2.28,0.0
20230828:0202,0.0,0.0,0.0,7.46,2.34,0.0
20230828:0302,0.0,0.0,0.0,7.31,2.34,0.0
20230828:0402,0.0,0.0,0.0,7.08,2.34,0.0
20230828:0502,0.0,0.0,0.0,6.86,2.34,0.0
20230828:0602,21.8,39.16,10.01,7.71,2.21,0.0
20230828:0702,59.34,124.52,21.4,12.79,1.66,0.0
20230828:0802,133.1,220.32,31.63,19.38,1.38,0.0
20230828:0902,195.04,294.36,39.93,23.32,1.03,0.0
20230828:1002,230.32,338.03,45.17,25.53,0.76,0.0
20230828:1102,235.62,345.83,46.19,26.57,0.41,0.0
20230828:1202,214.18,320.27,42.72,27.02,0.21,0.0
20230828:1302,157.71,257.32,35.64,27.09,0.14,0.0
20230828:1402,86.14,169.91,26.14,26.8,0.14,0.0
20230828:1502,25.9,69.57,15.2,25.77,0.21,0.0
20230828:1602,4.0,14.57,3.4,25.16,0.28,0.0
20230828:1702,0.0,0.0,0.0,21.14,1.24,0.0
20230828:1802,0.0,0.0,0.0,17.97,1.79,0.0
20230828:1902,0.0,0.0,0.0,15.18,2.0,0.0
20230828:2002,0.0,0.0,0.0,13.19,2.14,0.0
20230828:2102,0.0,0.0,0.0,11.65,2.28,0.0
20230828:2202,0.0,0.0,0.0,10.67,2.34,0.0
20230828:2302,0.0,0.0,0.0,10.28,2.34,0.0
20230829:0002,0.0,0.0,0.0,10.19,2.34,0.0
20230829:0102,0.0,0.0,0.0,10.32,2.34,0.0
20230829:0202,0.0,0.0,0.0,10.42,2.41,0.0
20230829:0302,0.0,0.0,0.0,10.6,2.48,0.0
20230829:0402,0.0,0.0,0.0,10.9,2.48,0.0
20230829:0502,0.0,0.0,0.0,11.3,2.48,0.0
20230829:0602,22.89,42.41,10.29,12.39,2.34,0.0
20230829:0702,72.33,135.7,21.69,15.77,1.86,0.0
20230829:0802,140.7,227.44,31.95,22.81,1.66,0.0
20230829:0902,197.58,297.78,40.28,26.36,1.66,0.0
20230829:1002,232.63,340.44,45.53,28.13,2.07,0.0
20230829:1102,238.86,348.62,46.53,28.75,2.48,0.0
20230829:1202,213.45,321.04,43.02,28.93,2.55,0.0
20230829:1302,159.28,260.18,35.88,28.85,2.28,0.0
20230829:1402,86.77,171.97,26.34,28.47,2.14,0.0
20230829:1502,25.26,71.5,15.36,27.28,1.72,0.0
20230829:1602,5.0,16.39,3.54,25.52,1.45,0.0
20230829:1702,0.0,0.0,0.0,24.46,1.24,0.0
20230829:1802,0.0,0.0,0.0,21.34,1.66,0.0
20230829:1902,0.0,0.0,0.0,20.51,1.59,0.0
20230829:2002,0.0,0.0,0.0,20.81,1.17,0.0
20230829:2102,0.0,0.0,0.0,21.07,0.9,0.0
20230829:2202,0.0,0.0,0.0,19.13,1.45,0.0
20230829:2302,0.0,0.0,0.0,16.91,1.93,0.0
20230830:0002,0.0,0.0,0.0,16.46,2.0,0.0
20230830:0102,0.0,0.0,0.0,16.91,1.79,0.0
20230830:0202,0.0,0.0,0.0,17.58,1.66,0.0
20230830:0302,0.0,0.0,0.0,17.94,1.59,0.0
20230830:0402,0.0,0.0,0.0,18.5,1.38,0.0
20230830:0502,0.0,0.0,0.0,17.79,1.31,0.0
20230830:0602,22.7,45.11,10.56,16.23,1.59,0.0
20230830:0702,75.16,139.88,21.99,18.09,1.59,0.0
20230830:0802,147.48,231.71,32.28,20.79,2.21,0.0
20230830:0902,208.75,302.57,40.63,22.0,2.55,0.0
20230830:1002,243.18,342.54,45.89,22.38,2.69,0.0
20230830:1102,250.64,350.77,46.88,22.3,2.69,0.0
20230830:1202,226.62,323.52,43.32,22.05,2.62,0.0
20230830:1302,171.3,263.28,36.12,21.5,2.55,0.0
20230830:1402,94.95,176.08,26.54,20.57,2.28,0.0
20230830:1502,37.78,82.71,15.52,19.01,1.93,0.0
20230830:1602,6.37,18.22,3.68,17.12,1.38,0.0
20230830:1702,0.0,0.0,0.0,15.54,1.1,0.0
20230830:1802,0.0,0.0,0.0,14.14,1.17,0.0
20230830:1902,0.0,0.0,0.0,12.97,1.24,0.0
20230830:2002,0.0,0.0,0.0,11.87,1.72,0.0
20230830:2102,0.0,0.0,0.0,11.28,2.0,0.0
20230830:2202,0.0,0.0,0.0,10.92,2.14,0.0
20230830:2302,0.0,0.0,0.0,10.62,2.07,0.0
20230831:0002,0.0,0.0,0.0,10.19,1.93,0.0
20230831:0102,0.0,0.0,0.0,10.13,2.34,0.0
20230831:0202,0.0,0.0,0.0,10.25,2.9,0.0
20230831:0302,0.0,0.0,0.0,10.23,3.17,0.0
20230831:0402,0.0,0.0,0.0,9.98,3.24,0.0
20230831:0502,0.0,0.0,0.0,9.84,3.31,0.0
20230831:0602,36.74,58.59,10.85,9.95,3.17,0.0
20230831:0702,45.62,69.31,22.29,10.59,4.21,0.0
20230831:0802,170.54,214.87,32.6,11.09,4.62,0.0
20230831:0902,146.44,187.04,40.99,12.12,4.83,0.0
20230831:1002,178.59,224.41,46.26,12.61,4.83,0.0
20230831:1102,89.03,121.53,47.23,13.15,4.69,0.0
20230831:1202,48.24,73.11,43.62,12.88,4.62,0.0
20230831:1302,39.17,61.71,36.37,11.53,3.72,0.0
20230831:1402,33.91,55.07,26.74,10.93,3.38,0.0
20230831:1502,48.74,73.11,15.69,10.44,2.62,0.0
20230831:1602,0.65,7.29,3.82,10.02,2.55,0.0
20230831:1702,0.0,0.0,0.0,9.57,2.07,0.0
20230831:1802,0.0,0.0,0.0,9.41,1.79,0.0
20230831:1902,0.0,0.0,0.0,8.91,1.79,0.0
20230831:2002,0.0,0.0,0.0,8.65,1.66,0.0
20230831:2102,0.0,0.0,0.0,8.32,1.38,0.0
20230831:2202,0.0,0.0,0.0,8.24,1.17,0.0
20230831:2302,0.0,0.0,0.0,7.84,0.97,0.0
20230901:0002,0.0,0.0,0.0,7.73,0.76,0.0
20230901:0102,0.0,0.0,0.0,8.34,0.69,0.0
20230901:0202,0.0,0.0,0.0,8.23,0.62,0.0
20230901:0302,0.0,0.0,0.0,8.04,0.62,0.0
20230901:0402,0.0,0.0,0.0,8.14,0.62,0.0
20230901:0502,0.0,0.0,0.0,8.06,0.41,0.0
20230901:0602,47.09,71.93,11.13,8.09,0.14,0.0
20230901:0702,78.81,149.79,22.59,9.29,0.48,0.0
20230901:0802,163.98,248.41,32.93,10.31,1.38,0.0
20230901:0902,235.69,323.22,41.34,10.66,1.45,0.0
20230901:1002,291.41,378.17,46.63,11.16,1.52,0.0
20230901:1102,220.46,274.16,47.58,11.61,1.79,0.0
20230901:1202,203.37,254.18,43.93,11.89,2.14,0.0
20230901:1302,243.2,307.85,36.61,11.83,2.41,0.0
20230901:1402,166.85,223.06,26.93,11.42,2.28,0.0
20230901:1502,46.27,94.1,15.85,10.99,2.14,0.0
20230901:1602,8.41,20.95,3.96,10.3,1.52,0.0
20230901:1702,0.0,0.0,0.0,9.21,0.83,0.0
20230901:1802,0.0,0.0,0.0,9.28,0.48,0.0
20230901:1902,0.0,0.0,0.0,9.33,0.69,0.0
20230901:2002,0.0,0.0,0.0,7.92,1.03,0.0
20230901:2102,0.0,0.0,0.0,6.81,1.24,0.0
20230901:2202,0.0,0.0,0.0,5.91,1.45,0.0
20230901:2302,0.0,0.0,0.0,4.95,1.66,0.0
20230902:0002,0.0,0.0,0.0,4.51,1.79,0.0
20230902:0102,0.0,0.0,0.0,4.2,1.86,0.0
20230902:0202,0.0,0.0,0.0,4.09,1.93,0.0
20230902:0302,0.0,0.0,0.0,4.13,1.93,0.0
20230902:0402,0.0,0.0,0.0,4.38,1.86,0.0
20230902:0502,0.0,0.0,0.0,4.77,1.86,0.0
20230902:0602,41.41,63.53,11.41,5.58,1.79,0.0
20230902:0702,133.49,175.97,22.9,8.29,2.34,0.0
20230902:0802,134.44,172.16,33.26,9.76,2.97,0.0
20230902:0902,276.43,350.91,41.7,10.74,3.31,0.0
20230902:1002,158.87,201.28,47.0,11.76,3.93,0.0
20230902:1102,188.73,235.82,47.94,11.77,3.59,0.0
20230902:1202,133.83,172.8,44.23,11.82,3.24,0.0
20230902:1302,56.96,83.55,36.86,12.3,2.55,0.0
20230902:1402,65.77,93.99,27.13,12.1,2.34,0.0
20230902:1502,19.86,37.03,16.01,10.55,2.34,0.0
20230902:1602,3.38,12.75,4.1,9.8,1.72,0.0
20230902:1702,0.0,0.0,0.0,9.31,1.31,0.0
20230902:1802,0.0,0.0,0.0,9.1,1.31,0.0
20230902:1902,0.0,0.0,0.0,8.61,1.03,0.0
20230902:2002,0.0,0.0,0.0,8.37,0.9,0.0
20230902:2102,0.0,0.0,0.0,8.26,0.9,0.0
20230902:2202,0.0,0.0,0.0,8.04,0.9,0.0
20230902:2302,0.0,0.0,0.0,7.88,0.9,0.0
20230903:0002,0.0,0.0,0.0,7.61,0.97,0.0
20230903:0102,0.0,0.0,0.0,7.17,0.97,0.0
20230903:0202,0.0,0.0,0.0,6.81,1.03,0.0
20230903:0302,0.0,0.0,0.0,6.61,1.03,0.0
20230903:0402,0.0,0.0,0.0,5.94,1.1,0.0
20230903:0502,0.0,0.0,0.0,5.09,1.17,0.0
20230903:0602,47.74,76.22,11.7,6.1,0.83,0.0
20230903:0702,91.87,161.64,23.21,10.32,1.1,0.0
20230903:0802,176.98,259.01,33.6,11.75,1.86,0.0
20230903:0902,273.07,353.03,42.06,12.77,2.41,0.0
20230903:1002,310.86,395.71,47.38,13.37,2.97,0.0
20230903:1102,291.23,360.69,48.29,13.98,3.59,0.0
20230903:1202,143.1,185.14,44.53,14.17,3.79,0.0
20230903:1302,185.2,234.47,37.1,13.82,3.52,0.0
20230903:1402,125.29,202.31,27.33,13.36,3.38,0.0
20230903:1502,44.27,96.95,16.17,13.0,3.1,0.0
20230903:1602,8.32,20.95,4.24,12.2,2.41,0.0
20230903:1702,0.0,0.0,0.0,11.04,1.72,0.0
20230903:1802,0.0,0.0,0.0,10.04,1.52,0.0
20230903:1902,0.0,0.0,0.0,9.37,1.45,0.0
20230903:2002,0.0,0.0,0.0,9.02,1.31,0.0
20230903:2102,0.0,0.0,0.0,8.76,1.24,0.0
20230903:2202,0.0,0.0,0.0,8.56,1.03,0.0
20230903:2302,0.0,0.0,0.0,8.25,0.97,0.0
20230904:0002,0.0,0.0,0.0,8.16,0.83,0.0
20230904:0102,0.0,0.0,0.0,7.84,0.83,0.0
20230904:0202,0.0,0.0,0.0,7.52,0.76,0.0
20230904:0302,0.0,0.0,0.0,7.7,0.69,0.0
20230904:0402,0.0,0.0,0.0,7.86,0.62,0.0
20230904:0502,0.0,0.0,0.0,7.67,0.55,0.0
20230904:0602,24.9,60.62,11.99,7.76,0.41,0.0
20230904:0702,95.85,167.97,23.51,10.23,0.34,0.0
20230904:0802,200.55,252.63,33.93,10.4,1.17,0.0
20230904:0902,268.59,351.06,42.43,11.33,1.72,0.0
20230904:1002,323.11,405.56,47.75,11.8,2.14,0.0
20230904:1102,301.43,390.82,48.65,11.74,2.41,0.0
20230904:1202,242.01,299.7,44.84,11.95,2.48,0.0
20230904:1302,231.51,309.97,37.35,11.95,2.41,0.0
20230904:1402,128.4,207.81,27.52,11.92,2.48,0.0
20230904:1502,49.24,102.65,16.33,11.33,2.34,0.0
20230904:1602,10.24,23.68,4.38,10.43,1.93,0.0
20230904:1702,0.0,0.0,0.0,9.2,1.45,0.0
20230904:1802,0.0,0.0,0.0,8.29,1.1,0.0
20230904:1902,0.0,0.0,0.0,8.2,0.9,0.0
20230904:2002,0.0,0.0,0.0,8.01,0.83,0.0
20230904:2102,0.0,0.0,0.0,7.18,1.03,0.0
20230904:2202,0.0,0.0,0.0,5.62,1.66,0.0
20230904:2302,0.0,0.0,0.0,5.73,1.31,0.0
20230905:0002,0.0,0.0,0.0,5.71,1.52,0.0
20230905:0102,0.0,0.0,0.0,5.82,1.59,0.0
20230905:0202,0.0,0.0,0.0,5.75,1.86,0.0
20230905:0302,0.0,0.0,0.0,5.28,1.72,0.0
20230905:0402,0.0,0.0,0.0,5.16,1.59,0.0
20230905:0502,0.0,0.0,0.0,5.81,1.66,0.0
20230905:0602,31.52,51.27,12.28,6.59,1.66,0.0
20230905:0702,104.38,174.84,23.83,8.14,2.14,0.0
20230905:0802,212.98,285.43,34.27,9.71,2.97,0.0
20230905:0902,208.28,258.18,42.79,10.84,2.9,0.0
20230905:1002,206.11,256.5,48.13,11.63,2.62,0.0
20230905:1102,155.59,198.43,49.01,12.02,2.34,0.0
20230905:1202,304.81,379.34,45.14,12.0,2.34,0.0
20230905:1302,80.21,111.08,37.59,12.27,2.41,0.0
20230905:1402,149.38,193.07,27.72,12.21,2.34,0.0
20230905:1502,54.0,79.75,16.5,11.45,2.21,0.0
20230905:1602,6.06,17.31,4.52,10.57,1.79,0.0
20230905:1702,0.0,0.0,0.0,9.72,1.31,0.0
20230905:1802,0.0,0.0,0.0,9.19,1.17,0.0
20230905:1902,0.0,0.0,0.0,8.74,1.1,0.0
20230905:2002,0.0,0.0,0.0,8.11,1.1,0.0
20230905:2102,0.0,0.0,0.0,7.34,1.31,0.0
20230905:2202,0.0,0.0,0.0,6.51,1.59,0.0
20230905:2302,0.0,0.0,0.0,6.25,1.45,0.0
20230906:0002,0.0,0.0,0.0,5.95,1.45,0.0
20230906:0102,0.0,0.0,0.0,5.47,1.59,0.0
20230906:0202,0.0,0.0,0.0,5.8,2.07,0.0
20230906:0302,0.0,0.0,0.0,5.65,2.28,0.0
20230906:0402,0.0,0.0,0.0,5.67,2.21,0.0
20230906:0502,0.0,0.0,0.0,5.74,2.07,0.0
20230906:0602,57.62,87.87,12.57,6.7,2.07,0.0
20230906:0702,147.71,194.94,24.14,8.56,2.83,0.0
20230906:0802,210.85,262.4,34.61,10.17,3.52,0.0
20230906:0902,235.13,289.47,43.16,11.19,3.72,0.0
20230906:1002,190.3,237.74,48.52,12.0,3.79,0.0
20230906:1102,310.12,380.56,49.36,12.47,3.86,0.0
20230906:1202,310.31,386.72,45.45,12.97,3.72,0.0
20230906:1302,251.74,317.71,37.84,13.31,3.45,0.0
20230906:1402,145.74,220.44,27.91,13.24,3.03,0.0
20230906:1502,84.62,127.33,16.66,12.72,2.62,0.0
20230906:1602,11.4,25.5,4.66,11.91,2.07,0.0
20230906:1702,0.0,0.0,0.0,10.88,1.72,0.0
20230906:1802,0.0,0.0,0.0,10.08,1.66,0.0
20230906:1902,0.0,0.0,0.0,9.47,2.0,0.0
20230906:2002,0.0,0.0,0.0,8.89,1.93,0.0
20230906:2102,0.0,0.0,0.0,8.49,1.66,0.0
20230906:2202,0.0,0.0,0.0,8.08,1.66,0.0
20230906:2302,0.0,0.0,0.0,7.64,1.86,0.0
20230907:0002,0.0,0.0,0.0,7.41,1.72,0.0
20230907:0102,0.0,0.0,0.0,7.07,1.66,0.0
20230907:0202,0.0,0.0,0.0,6.93,1.79,0.0
20230907:0302,0.0,0.0,0.0,7.0,1.86,0.0
20230907:0402,0.0,0.0,0.0,7.11,1.79,0.0
20230907:0502,0.0,0.0,0.0,7.45,1.72,0.0
20230907:0602,35.53,77.85,12.87,8.63,1.38,0.0
20230907:0702,142.61,201.95,24.45,11.1,2.0,0.0
20230907:0802,206.46,287.47,34.95,12.55,2.76,0.0
20230907:0902,287.93,371.73,43.53,13.79,3.17,0.0
20230907:1002,308.96,402.8,48.9,14.69,3.1,0.0
20230907:1102,313.85,410.11,49.73,15.75,3.17,0.0
20230907:1202,285.3,378.94,45.75,16.24,3.17,0.0
20230907:1302,224.37,315.19,38.08,16.29,2.97,0.0
20230907:1402,141.5,223.47,28.11,16.05,2.62,0.0
20230907:1502,79.98,128.83,16.82,15.32,2.21,0.0
20230907:1602,10.03,23.68,4.8,14.04,1.52,0.0
20230907:1702,0.0,0.0,0.0,12.46,0.97,0.0
20230907:1802,0.0,0.0,0.0,11.74,0.28,0.0
20230907:1902,0.0,0.0,0.0,11.14,0.28,0.0
20230907:2002,0.0,0.0,0.0,10.59,0.41,0.0
20230907:2102,0.0,0.0,0.0,9.29,1.03,0.0
20230907:2202,0.0,0.0,0.0,7.32,1.31,0.0
20230907:2302,0.0,0.0,0.0,6.75,1.24,0.0
20230908:0002,0.0,0.0,0.0,8.46,0.83,0.0
20230908:0102,0.0,0.0,0.0,8.28,1.1,0.0
20230908:0202,0.0,0.0,0.0,7.25,1.24,0.0
20230908:0302,0.0,0.0,0.0,6.37,1.38,0.0
20230908:0402,0.0,0.0,0.0,5.79,1.59,0.0
20230908:0502,0.0,0.0,0.0,5.3,1.79,0.0
20230908:0602,44.38,86.43,13.17,7.32,1.38,0.0
20230908:0702,118.57,193.76,24.77,12.46,0.76,0.0
20230908:0802,205.01,293.11,35.29,15.47,1.17,0.0
20230908:0902,272.13,368.77,43.9,16.81,1.79,0.0
20230908:1002,310.31,411.72,49.28,17.71,2.0,0.0
20230908:1102,316.98,419.6,50.09,18.01,2.34,0.0
20230908:1202,289.2,387.55,46.05,17.57,2.55,0.0
20230908:1302,229.52,322.67,38.32,17.15,2.62,0.0
20230908:1402,144.71,229.84,28.3,16.65,2.28,0.0
20230908:1502,57.73,119.36,16.98,16.57,1.93,0.0
20230908:1602,10.53,24.59,4.94,15.88,1.52,0.0
20230908:1702,0.0,0.0,0.0,14.29,1.17,0.0
20230908:1802,0.0,0.0,0.0,13.4,0.9,0.0
20230908:1902,0.0,0.0,0.0,12.9,0.48,0.0
20230908:2002,0.0,0.0,0.0,12.38,0.55,0.0
20230908:2102,0.0,0.0,0.0,11.95,0.83,0.0
20230908:2202,0.0,0.0,0.0,10.31,1.17,0.0
20230908:2302,0.0,0.0,0.0,8.42,1.52,0.0
20230909:0002,0.0,0.0,0.0,7.31,1.66,0.0
20230909:0102,0.0,0.0,0.0,6.93,1.79,0.0
20230909:0202,0.0,0.0,0.0,6.64,1.86,0.0
20230909:0302,0.0,0.0,0.0,6.56,1.86,0.0
20230909:0402,0.0,0.0,0.0,6.69,1.93,0.0
20230909:0502,0.0,0.0,0.0,7.09,2.07,0.0
20230909:0602,39.7,61.71,13.46,8.54,1.86,0.0
20230909:0702,155.59,206.24,25.09,11.09,2.83,0.0
20230909:0802,228.98,305.25,35.64,12.49,3.52,0.0
20230909:0902,300.27,383.01,44.27,13.99,3.93,0.0
20230909:1002,330.04,420.34,49.67,15.42,4.34,0.0
20230909:1102,344.38,432.59,50.45,16.48,4.69,0.0
20230909:1202,306.96,396.38,46.36,17.01,4.97,0.0
20230909:1302,261.48,338.61,38.57,17.07,5.17,0.0
20230909:1402,182.94,245.04,28.49,16.25,5.24,0.0
20230909:1502,89.88,135.76,17.14,14.61,4.83,0.0
20230909:1602,10.72,24.59,5.08,13.05,5.1,0.0
20230909:1702,0.0,0.0,0.0,11.88,5.38,0.0
20230909:1802,0.0,0.0,0.0,11.31,5.59,0.0
20230909:1902,0.0,0.0,0.0,11.07,5.72,0.0
20230909:2002,0.0,0.0,0.0,11.13,6.0,0.0
20230909:2102,0.0,0.0,0.0,11.15,6.07,0.0
20230909:2202,0.0,0.0,0.0,11.1,5.72,0.0
20230909:2302,0.0,0.0,0.0,10.78,5.45,0.0
20230910:0002,0.0,0.0,0.0,10.76,5.24,0.0
20230910:0102,0.0,0.0,0.0,11.09,5.1,0.0
20230910:0202,0.0,0.0,0.0,10.96,4.76,0.0
20230910:0302,0.0,0.0,0.0,10.79,4.28,0.0
20230910:0402,0.0,0.0,0.0,10.58,4.0,0.0
20230910:0502,0.0,0.0,0.0,10.21,3.66,0.0
20230910:0602,55.75,99.19,13.76,10.61,3.24,0.0
20230910:0702,149.83,213.44,25.41,11.26,4.83,0.0
20230910:0802,248.01,313.33,35.98,12.31,6.0,0.0
20230910:0902,313.04,385.92,44.65,12.41,6.21,0.0
20230910:1002,344.88,423.15,50.06,13.23,5.66,0.0
20230910:1102,174.76,219.32,50.81,12.51,6.48,0.0
20230910:1202,57.76,84.5,46.66,12.74,5.03,0.0
20230910:1302,203.82,252.61,38.81,11.74,6.0,0.0
20230910:1402,63.16,90.2,28.69,10.73,4.97,0.0
20230910:1502,9.04,21.84,17.3,9.67,3.52,0.0
20230910:1602,2.4,10.93,5.22,9.35,2.9,0.0
20230910:1702,0.0,0.0,0.0,8.81,2.9,0.0
20230910:1802,0.0,0.0,0.0,8.38,2.62,0.0
20230910:1902,0.0,0.0,0.0,8.25,2.21,0.0
20230910:2002,0.0,0.0,0.0,8.21,1.93,0.0
20230910:2102,0.0,0.0,0.0,8.06,2.14,0.0
20230910:2202,0.0,0.0,0.0,7.59,2.28,0.0
20230910:2302,0.0,0.0,0.0,7.19,1.93,0.0
20230911:0002,0.0,0.0,0.0,6.59,2.14,0.0
20230911:0102,0.0,0.0,0.0,6.06,2.14,0.0
20230911:0202,0.0,0.0,0.0,6.02,1.66,0.0
20230911:0302,0.0,0.0,0.0,6.15,1.45,0.0
20230911:0402,0.0,0.0,0.0,5.79,1.1,0.0
20230911:0502,0.0,0.91,1.85,5.01,1.1,0.0
20230911:0602,62.23,105.84,14.06,6.4,0.9,0.0
20230911:0702,137.2,213.43,25.72,7.83,2.0,0.0
20230911:0802,234.94,314.67,36.33,8.52,2.69,0.0
20230911:0902,263.4,320.47,45.02,9.08,2.83,0.0
20230911:1002,292.87,355.01,50.45,9.47,2.97,0.0
20230911:1102,363.25,442.71,51.18,9.78,3.24,0.0
20230911:1202,334.79,409.28,46.97,9.99,3.52,0.0
20230911:1302,262.72,322.52,39.05,9.45,3.17,0.0
20230911:1402,150.64,191.49,28.88,9.71,2.97,0.0
20230911:1502,95.66,131.63,17.46,9.13,2.83,0.0
20230911:1602,0.0,4.75,5.36,8.27,2.28,0.0
20230911:1702,0.0,0.0,0.0,7.56,1.72,0.0
20230911:1802,0.0,0.0,0.0,6.99,1.24,0.0
20230911:1902,0.0,0.0,0.0,7.69,0.41,0.0
20230911:2002,0.0,0.0,0.0,7.71,0.34,0.0
20230911:2102,0.0,0.0,0.0,7.23,0.62,0.0
20230911:2202,0.0,0.0,0.0,6.63,0.69,0.0
20230911:2302,0.0,0.0,0.0,5.72,0.9,0.0
20230912:0002,0.0,0.0,0.0,4.95,1.03,0.0
20230912:0102,0.0,0.0,0.0,4.18,1.1,0.0
20230912:0202,0.0,0.0,0.0,3.43,1.17,0.0
20230912:0302,0.0,0.0,0.0,2.66,1.31,0.0
20230912:0402,0.0,0.0,0.0,1.98,1.38,0.0
20230912:0502,0.0,5.46,2.14,1.43,1.45,0.0
20230912:0602,53.28,105.16,14.37,4.03,0.97,0.0
20230912:0702,143.44,220.85,26.05,8.63,0.83,0.0
20230912:0802,236.4,323.79,36.68,10.58,1.1,0.0
20230912:0902,306.3,400.5,45.4,11.9,1.17,0.0
20230912:1002,342.38,442.42,50.84,12.97,0.9,0.0
20230912:1102,345.02,448.45,51.55,13.85,0.55,0.0
20230912:1202,313.89,415.5,47.27,14.53,0.28,0.0
20230912:1302,253.52,349.17,39.29,14.8,0.34,0.0
20230912:1402,167.06,252.24,29.07,14.76,0.97,0.0
20230912:1502,71.89,138.03,17.61,14.33,1.59,0.0
20230912:1602,10.48,26.15,5.5,13.11,1.72,0.0
20230912:1702,0.0,0.0,0.0,11.35,1.86,0.0
20230912:1802,0.0,0.0,0.0,9.92,1.93,0.0
20230912:1902,0.0,0.0,0.0,8.85,2.14,0.0
20230912:2002,0.0,0.0,0.0,8.18,2.0,0.0
20230912:2102,0.0,0.0,0.0,7.43,2.0,0.0
20230912:2202,0.0,0.0,0.0,6.48,2.0,0.0
20230912:2302,0.0,0.0,0.0,5.57,2.0,0.0
20230913:0002,0.0,0.0,0.0,4.95,2.07,0.0
20230913:0102,0.0,0.0,0.0,4.46,2.14,0.0
20230913:0202,0.0,0.0,0.0,4.21,2.07,0.0
20230913:0302,0.0,0.0,0.0,4.14,2.14,0.0
20230913:0402,0.0,0.0,0.0,4.2,2.07,0.0
20230913:0502,1.11,8.2,2.43,4.02,1.93,0.0
20230913:0602,56.8,110.96,14.67,6.17,1.45,0.0
20230913:0702,147.82,227.13,26.37,13.06,0.97,0.0
20230913:0802,236.03,330.73,37.03,17.25,1.1,0.0
20230913:0902,304.75,406.94,45.78,18.89,2.28,0.0
20230913:1002,343.28,449.41,51.23,19.49,3.03,0.0
20230913:1102,349.21,455.37,51.91,19.41,3.45,0.0
20230913:1202,320.05,421.42,47.58,19.08,3.66,0.0
20230913:1302,259.44,354.62,39.53,18.51,3.79,0.0
20230913:1402,172.79,257.93,29.26,16.61,3.79,0.0
20230913:1502,77.32,142.82,17.77,14.23,3.31,0.0
20230913:1602,5.59,21.57,5.64,12.56,2.28,0.0
20230913:1702,0.0,0.0,0.0,11.21,1.93,0.0
20230913:1802,0.0,0.0,0.0,10.21,2.07,0.0
20230913:1902,0.0,0.0,0.0,9.8,2.07,0.0
20230913:2002,0.0,0.0,0.0,9.5,2.28,0.0
20230913:2102,0.0,0.0,0.0,9.36,2.48,0.0
20230913:2202,0.0,0.0,0.0,9.29,2.41,0.0
20230913:2302,0.0,0.0,0.0,9.22,2.48,0.0
20230914:0002,0.0,0.0,0.0,9.02,2.69,0.0
20230914:0102,0.0,0.0,0.0,9.16,2.83,0.0
20230914:0202,0.0,0.0,0.0,9.51,3.03,0.0
20230914:0302,0.0,0.0,0.0,9.56,2.97,0.0
20230914:0402,0.0,0.0,0.0,9.39,2.9,0.0
20230914:0502,0.28,6.38,2.73,9.02,2.9,0.0
20230914:0602,57.33,83.56,14.97,9.32,3.03,0.0
20230914:0702,86.93,117.73,26.69,10.15,3.66,0.0
20230914:0802,152.08,193.16,37.38,11.17,3.66,0.0
20230914:0902,82.8,113.93,46.16,12.36,4.14,0.0
20230914:1002,245.49,302.86,51.63,13.24,4.55,0.0
20230914:1102,261.16,321.58,52.28,13.59,4.76,0.0
20230914:1202,153.41,196.53,47.88,13.93,4.9,0.0
20230914:1302,201.55,253.21,39.77,14.16,4.48,0.0
20230914:1402,198.85,263.52,29.45,13.96,5.31,0.0
20230914:1502,28.23,48.42,17.93,13.77,5.1,0.0
20230914:1602,17.21,35.5,5.78,13.07,4.41,0.0
20230914:1702,0.0,0.0,0.0,12.24,4.14,0.0
20230914:1802,0.0,0.0,0.0,11.79,4.14,0.0
20230914:1902,0.0,0.0,0.0,11.37,4.55,0.0
20230914:2002,0.0,0.0,0.0,11.05,4.69,0.0
20230914:2102,0.0,0.0,0.0,11.02,4.83,0.0
20230914:2202,0.0,0.0,0.0,10.86,5.1,0.0
20230914:2302,0.0,0.0,0.0,10.88,5.31,0.0
20230915:0002,0.0,0.0,0.0,10.86,5.52,0.0
20230915:0102,0.0,0.0,0.0,10.91,5.45,0.0
20230915:0202,0.0,0.0,0.0,10.9,5.38,0.0
20230915:0302,0.0,0.0,0.0,11.12,5.17,0.0
20230915:0402,0.0,0.0,0.0,11.2,5.59,0.0
20230915:0502,1.9,10.02,3.02,11.28,4.83,0.0
20230915:0602,80.66,118.98,15.27,11.64,5.17,0.0
20230915:0702,55.58,81.65,27.01,11.83,3.93,0.0
20230915:0802,85.31,116.78,37.73,12.33,4.76,0.0
20230915:0902,232.59,286.62,46.54,12.58,5.31,0.0
20230915:1002,128.04,166.15,52.02,12.44,4.97,0.0
20230915:1102,161.92,205.08,52.65,12.48,4.9,0.0
20230915:1202,145.51,186.09,48.19,12.26,4.83,0.0
20230915:1302,287.62,358.77,40.01,12.24,5.31,0.0
20230915:1402,192.79,265.23,29.64,11.55,5.31,0.0
20230915:1502,100.91,153.72,18.09,10.65,4.28,0.0
20230915:1602,17.61,36.22,5.92,10.19,3.52,0.0
20230915:1702,0.0,0.0,0.0,9.43,2.9,0.0
20230915:1802,0.0,0.0,0.0,9.04,2.69,0.0
20230915:1902,0.0,0.0,0.0,9.12,3.1,0.0
20230915:2002,0.0,0.0,0.0,8.55,3.38,0.0
20230915:2102,0.0,0.0,0.0,8.39,2.9,0.0
20230915:2202,0.0,0.0,0.0,8.37,2.69,0.0
20230915:2302,0.0,0.0,0.0,8.17,2.69,0.0
20230916:0002,0.0,0.0,0.0,7.92,2.9,0.0
20230916:0102,0.0,0.0,0.0,7.99,3.1,0.0
20230916:0202,0.0,0.0,0.0,7.76,2.83,0.0
20230916:0302,0.0,0.0,0.0,7.73,2.9,0.0
20230916:0402,0.0,0.0,0.0,7.39,2.55,0.0
20230916:0502,2.93,11.84,3.31,7.59,2.48,0.0
20230916:0602,83.78,129.51,15.58,8.4,2.07,0.0
20230916:0702,181.04,247.21,27.33,10.02,4.14,0.0
20230916:0802,265.02,347.26,38.08,10.7,4.83,0.0
20230916:0902,241.39,295.65,46.92,11.63,5.17,0.0
20230916:1002,341.7,414.23,52.42,11.65,4.9,0.0
20230916:1102,318.07,386.44,53.02,12.18,5.03,0.0
20230916:1202,351.83,430.64,48.49,12.03,4.97,0.0
20230916:1302,278.56,344.17,40.25,12.13,4.28,0.0
20230916:1402,192.43,244.06,29.83,11.97,4.34,0.0
20230916:1502,96.17,131.65,18.25,11.48,3.72,0.0
20230916:1602,18.71,37.16,6.06,10.81,2.69,0.0
20230916:1702,0.0,0.0,0.0,10.28,1.93,0.0
20230916:1802,0.0,0.0,0.0,9.75,1.66,0.0
20230916:1902,0.0,0.0,0.0,9.13,1.45,0.0
20230916:2002,0.0,0.0,0.0,8.77,0.97,0.0
20230916:2102,0.0,0.0,0.0,8.71,0.69,0.0
20230916:2202,0.0,0.0,0.0,9.19,0.41,0.0
20230916:2302,0.0,0.0,0.0,9.0,0.34,0.0
20230917:0002,0.0,0.0,0.0,8.91,0.28,0.0
20230917:0102,0.0,0.0,0.0,8.52,0.28,0.0
20230917:0202,0.0,0.0,0.0,8.35,0.34,0.0
20230917:0302,0.0,0.0,0.0,7.94,0.55,0.0
20230917:0402,0.0,0.0,0.0,7.2,0.69,0.0
20230917:0502,3.46,12.75,3.61,6.2,0.9,0.0
20230917:0602,72.54,132.74,15.88,7.92,0.62,0.0
20230917:0702,173.14,251.0,27.66,10.21,0.62,0.0
20230917:0802,269.55,354.63,38.43,11.64,0.55,0.0
20230917:0902,336.52,430.37,47.3,12.51,0.83,0.0
20230917:1002,369.48,471.14,52.82,13.3,1.03,0.0
20230917:1102,373.78,476.29,53.38,13.94,1.38,0.0
20230917:1202,345.85,445.11,48.79,14.39,1.79,0.0
20230917:1302,282.83,375.25,40.48,14.47,1.86,0.0
20230917:1402,193.11,276.32,30.02,14.26,1.79,0.0
20230917:1502,92.03,160.78,18.4,13.77,1.72,0.0
20230917:1602,14.48,40.41,6.2,12.8,1.59,0.0
20230917:1702,0.0,0.0,0.0,11.45,1.31,0.0
20230917:1802,0.0,0.0,0.0,9.89,0.97,0.0
20230917:1902,0.0,0.0,0.0,10.38,0.76,0.0
20230917:2002,0.0,0.0,0.0,9.95,0.62,0.0
20230917:2102,0.0,0.0,0.0,9.46,0.55,0.0
20230917:2202,0.0,0.0,0.0,9.06,0.62,0.0
20230917:2302,0.0,0.0,0.0,8.69,0.69,0.0
20230918:0002,0.0,0.0,0.0,8.37,0.76,0.0
20230918:0102,0.0,0.0,0.0,7.51,0.83,0.0
20230918:0202,0.0,0.0,0.0,7.09,0.9,0.0
20230918:0302,0.0,0.0,0.0,6.94,0.9,0.0
20230918:0402,0.0,0.0,0.0,6.51,0.97,0.0
20230918:0502,0.3,6.38,3.9,5.69,1.1,0.0
20230918:0602,71.21,100.17,16.18,7.95,0.62,0.0
20230918:0702,160.84,206.61,27.98,11.02,0.97,0.0
20230918:0802,242.92,303.77,38.78,12.5,1.72,0.0
20230918:0902,347.39,435.96,47.68,13.54,2.0,0.0
20230918:1002,277.96,346.32,53.22,14.48,2.07,0.0
20230918:1102,293.64,366.3,53.75,15.15,2.21,0.0
20230918:1202,271.31,339.77,49.1,15.47,2.28,0.0
20230918:1302,285.65,361.65,40.72,15.34,2.14,0.0
20230918:1402,211.42,283.72,30.21,15.25,2.0,0.0
20230918:1502,101.51,166.16,18.56,14.66,1.79,0.0
20230918:1602,15.86,43.86,6.35,13.63,1.38,0.0
20230918:1702,0.0,0.0,0.0,12.24,1.1,0.0
20230918:1802,0.0,0.0,0.0,10.81,0.76,0.0
20230918:1902,0.0,0.0,0.0,10.7,0.55,0.0
20230918:2002,0.0,0.0,0.0,10.15,0.76,0.0
20230918:2102,0.0,0.0,0.0,9.6,0.76,0.0
20230918:2202,0.0,0.0,0.0,9.16,0.83,0.0
20230918:2302,0.0,0.0,0.0,8.46,0.97,0.0
20230919:0002,0.0,0.0,0.0,7.22,1.1,0.0
20230919:0102,0.0,0.0,0.0,6.03,1.24,0.0
20230919:0202,0.0,0.0,0.0,5.41,1.24,0.0
20230919:0302,0.0,0.0,0.0,5.4,1.1,0.0
20230919:0402,0.0,0.0,0.0,5.67,1.1,0.0
20230919:0502,0.0,5.46,4.2,6.2,1.17,0.0
20230919:0602,79.35,110.42,16.49,8.44,1.38,0.0
20230919:0702,188.0,241.2,28.3,11.55,3.03,0.0
20230919:0802,242.57,301.04,39.13,12.73,3.79,0.0
20230919:0902,268.99,331.86,48.06,13.83,4.34,0.0
20230919:1002,248.44,307.95,53.61,14.69,4.9,0.0
20230919:1102,345.66,424.5,54.12,14.9,5.17,0.0
20230919:1202,262.98,325.55,49.4,15.15,5.45,0.0
20230919:1302,190.42,239.62,40.95,14.42,5.86,0.0
20230919:1402,111.88,148.11,30.39,13.46,5.52,0.0
20230919:1502,41.99,65.51,18.72,13.03,4.83,0.0
20230919:1602,16.9,33.88,6.49,12.58,3.79,0.0
20230919:1702,0.0,0.0,0.0,11.93,3.66,0.0
20230919:1802,0.0,0.0,0.0,11.85,3.86,0.0
20230919:1902,0.0,0.0,0.0,11.73,3.72,0.0
20230919:2002,0.0,0.0,0.0,11.49,3.52,0.0
20230919:2102,0.0,0.0,0.0,10.89,2.76,0.0
20230919:2202,0.0,0.0,0.0,10.82,2.55,0.0
20230919:2302,0.0,0.0,0.0,10.66,2.28,0.0
20230920:0002,0.0,0.0,0.0,10.55,1.86,0.0
20230920:0102,0.0,0.0,0.0,10.36,1.72,0.0
20230920:0202,0.0,0.0,0.0,9.84,1.59,0.0
20230920:0302,0.0,0.0,0.0,9.35,1.59,0.0
20230920:0402,0.0,0.0,0.0,8.76,1.52,0.0
20230920:0502,8.52,20.95,4.49,8.11,1.52,0.0
20230920:0602,87.1,149.31,16.79,10.19,2.21,0.0
20230920:0702,192.59,268.74,28.62,11.57,3.17,0.0
20230920:0802,287.67,371.07,39.47,12.64,3.66,0.0
20230920:0902,356.61,446.2,48.45,13.49,4.07,0.0
20230920:1002,393.39,487.19,54.01,14.25,4.34,0.0
20230920:1102,396.05,489.88,54.49,14.6,4.55,0.0
20230920:1202,337.82,417.05,49.7,15.01,4.69,0.0
20230920:1302,273.73,340.83,41.19,15.18,5.17,0.0
20230920:1402,208.83,292.06,30.58,15.08,5.1,0.0
20230920:1502,106.19,172.72,18.88,14.68,4.55,0.0
20230920:1602,18.53,49.9,6.63,13.79,3.86,0.0
20230920:1702,0.0,0.0,0.0,12.5,3.45,0.0
20230920:1802,0.0,0.0,0.0,11.62,3.24,0.0
20230920:1902,0.0,0.0,0.0,11.27,3.17,0.0
20230920:2002,0.0,0.0,0.0,10.75,3.17,0.0
20230920:2102,0.0,0.0,0.0,10.36,3.1,0.0
20230920:2202,0.0,0.0,0.0,10.07,3.03,0.0
20230920:2302,0.0,0.0,0.0,9.92,2.97,0.0
20230921:0002,0.0,0.0,0.0,9.74,2.97,0.0
20230921:0102,0.0,0.0,0.0,9.83,3.1,0.0
20230921:0202,0.0,0.0,0.0,9.91,3.1,0.0
20230921:0302,0.0,0.0,0.0,9.99,3.17,0.0
20230921:0402,0.0,0.0,0.0,10.06,3.17,0.0
20230921:0502,1.47,9.11,4.79,10.17,2.9,0.0
20230921:0602,46.29,70.26,17.1,10.95,3.17,0.0
20230921:0702,71.58,100.64,28.94,11.95,3.93,0.0
20230921:0802,136.61,176.6,39.82,13.14,4.62,0.0
20230921:0902,59.78,87.35,48.83,13.92,4.62,0.0
20230921:1002,51.04,76.9,54.41,14.17,4.41,0.0
20230921:1102,54.13,80.7,54.86,14.36,4.48,0.0
20230921:1202,47.83,73.11,50.0,14.48,3.93,0.0
20230921:1302,47.82,73.11,41.42,14.53,4.14,0.0
20230921:1402,23.05,41.78,30.77,14.28,3.93,0.0
20230921:1502,50.23,75.96,19.03,14.14,3.45,0.0
20230921:1602,16.12,32.7,6.77,13.8,2.97,0.0
20230921:1702,0.0,0.0,0.0,13.45,2.55,0.0
20230921:1802,0.0,0.0,0.0,13.24,2.41,0.0
20230921:1902,0.0,0.0,0.0,12.66,2.0,0.0
20230921:2002,0.0,0.0,0.0,12.51,1.59,0.0
20230921:2102,0.0,0.0,0.0,12.39,1.17,0.0
20230921:2202,0.0,0.0,0.0,12.28,0.9,0.0
20230921:2302,0.0,0.0,0.0,12.13,0.76,0.0
20230922:0002,0.0,0.0,0.0,12.07,0.83,0.0
20230922:0102,0.0,0.0,0.0,11.91,0.9,0.0
20230922:0202,0.0,0.0,0.0,11.74,0.83,0.0
20230922:0302,0.0,0.0,0.0,11.37,0.83,0.0
20230922:0402,0.0,0.0,0.0,11.13,0.83,0.0
20230922:0502,7.78,20.04,5.08,10.88,0.83,0.0
20230922:0602,95.64,160.33,17.4,12.07,1.24,0.0
20230922:0702,201.18,281.3,29.26,13.17,2.07,0.0
20230922:0802,297.63,382.12,40.17,14.62,2.83,0.0
20230922:0902,362.56,457.87,49.21,15.37,3.24,0.0
20230922:1002,394.69,493.23,54.81,16.4,3.66,0.0
20230922:1102,399.08,499.91,55.23,16.59,3.66,0.0
20230922:1202,374.39,476.35,50.3,16.31,3.38,0.0
20230922:1302,306.19,397.29,41.65,16.2,2.97,0.0
20230922:1402,221.26,291.77,30.95,16.13,2.55,0.0
20230922:1502,110.66,183.55,19.19,15.64,1.93,0.0
20230922:1602,25.13,54.18,6.91,14.8,1.45,0.0
20230922:1702,0.0,0.0,0.0,13.47,1.24,0.0
20230922:1802,0.0,0.0,0.0,11.9,1.31,0.0
20230922:1902,0.0,0.0,0.0,11.32,1.59,0.0
20230922:2002,0.0,0.0,0.0,10.6,1.66,0.0
20230922:2102,0.0,0.0,0.0,10.12,1.59,0.0
20230922:2202,0.0,0.0,0.0,9.98,1.66,0.0
20230922:2302,0.0,0.0,0.0,9.98,1.79,0.0
20230923:0002,0.0,0.0,0.0,10.3,1.86,0.0
20230923:0102,0.0,0.0,0.0,10.16,2.0,0.0
20230923:0202,0.0,0.0,0.0,10.61,2.14,0.0
20230923:0302,0.0,0.0,0.0,10.78,2.28,0.0
20230923:0402,0.0,0.0,0.0,10.87,2.48,0.0
20230923:0502,11.46,25.5,5.37,10.98,2.62,0.0
20230923:0602,109.49,159.61,17.7,11.57,2.69,0.0
20230923:0702,200.2,254.68,29.58,12.12,3.79,0.0
20230923:0802,308.0,386.51,40.52,12.29,4.0,0.0
20230923:0902,307.6,376.27,49.59,12.92,4.34,0.0
20230923:1002,313.87,383.26,55.21,13.38,4.9,0.0
20230923:1102,388.92,474.64,55.6,13.33,4.69,0.0
20230923:1202,218.59,271.1,50.6,13.04,4.69,0.0
20230923:1302,278.0,341.86,41.89,12.79,4.83,0.0
20230923:1402,230.05,295.5,31.14,12.3,4.69,0.0
20230923:1502,121.86,184.57,19.35,11.74,4.48,0.0
20230923:1602,24.58,60.34,7.06,11.05,4.14,0.0
20230923:1702,0.0,0.0,0.0,10.48,4.41,0.0
20230923:1802,0.0,0.0,0.0,10.27,4.55,0.0
20230923:1902,0.0,0.0,0.0,10.41,4.69,0.0
20230923:2002,0.0,0.0,0.0,10.32,4.76,0.0
20230923:2102,0.0,0.0,0.0,10.23,4.9,0.0
20230923:2202,0.0,0.0,0.0,10.17,4.9,0.0
20230923:2302,0.0,0.0,0.0,10.15,4.97,0.0
20230924:0002,0.0,0.0,0.0,10.19,5.24,0.0
20230924:0102,0.0,0.0,0.0,10.21,5.03,0.0
20230924:0202,0.0,0.0,0.0,10.34,4.97,0.0
20230924:0302,0.0,0.0,0.0,10.48,5.17,0.0
20230924:0402,0.0,0.0,0.0,10.81,5.1,0.0
20230924:0502,14.03,29.15,5.67,11.13,5.03,0.0
20230924:0602,110.18,167.9,18.0,11.66,4.83,0.0
20230924:0702,214.73,290.46,29.9,12.58,4.07,0.0
20230924:0802,274.05,339.08,40.87,13.29,4.21,0.0
20230924:0902,254.18,314.85,49.97,14.43,4.41,0.0
20230924:1002,76.98,108.24,55.61,14.94,4.48,0.0
20230924:1102,54.56,81.65,55.97,15.69,4.69,0.0
20230924:1202,43.76,68.36,50.9,15.42,4.14,0.0
20230924:1302,89.0,122.48,42.12,14.82,3.66,0.0
20230924:1402,38.6,61.71,31.32,14.41,3.38,0.0
20230924:1502,35.63,57.92,19.5,13.99,2.97,0.0
20230924:1602,4.14,14.24,7.2,13.34,2.83,0.0
20230924:1702,0.0,0.0,0.0,13.12,2.41,0.0
20230924:1802,0.0,0.0,0.0,12.83,1.72,0.0
20230924:1902,0.0,0.0,0.0,12.38,1.1,0.0
20230924:2002,0.0,0.0,0.0,12.14,0.9,0.0
20230924:2102,0.0,0.0,0.0,12.1,0.97,0.0
20230924:2202,0.0,0.0,0.0,11.93,1.31,0.0
20230924:2302,0.0,0.0,0.0,11.88,2.69,0.0
20230925:0002,0.0,0.0,0.0,12.0,4.69,0.0
20230925:0102,0.0,0.0,0.0,12.19,5.66,0.0
20230925:0202,0.0,0.0,0.0,12.24,5.79,0.0
20230925:0302,0.0,0.0,0.0,12.4,6.0,0.0
20230925:0402,0.0,0.0,0.0,12.63,5.86,0.0
20230925:0502,13.9,29.15,5.96,12.81,5.52,0.0
20230925:0602,73.81,104.11,18.3,13.07,5.31,0.0
20230925:0702,159.94,203.96,30.22,12.96,5.52,0.0
20230925:0802,167.17,211.79,41.21,13.3,5.24,0.0
20230925:0902,274.54,337.29,50.35,13.64,4.9,0.0
20230925:1002,228.12,282.99,56.01,13.77,4.76,0.0
20230925:1102,150.64,193.69,56.34,14.22,4.55,0.0
20230925:1202,187.62,236.41,51.19,14.13,4.62,0.0
20230925:1302,304.54,378.22,42.35,13.79,3.59,0.0
20230925:1402,201.05,255.47,31.5,13.7,3.17,0.0
20230925:1502,85.11,117.9,19.66,13.53,3.31,0.0
20230925:1602,24.99,46.69,7.34,13.28,3.66,0.0
20230925:1702,0.0,0.0,0.0,13.12,3.38,0.0
20230925:1802,0.0,0.0,0.0,12.96,3.59,0.0
20230925:1902,0.0,0.0,0.0,12.91,3.38,0.0
20230925:2002,0.0,0.0,0.0,12.57,3.17,0.0
20230925:2102,0.0,0.0,0.0,12.26,2.9,0.0
20230925:2202,0.0,0.0,0.0,11.98,2.76,0.0
20230925:2302,0.0,0.0,0.0,11.58,2.55,0.0
20230926:0002,0.0,0.0,0.0,11.05,2.28,0.0
20230926:0102,0.0,0.0,0.0,10.32,2.0,0.0
20230926:0202,0.0,0.0,0.0,9.87,1.79,0.0
20230926:0302,0.0,0.0,0.0,9.68,1.66,0.0
20230926:0402,0.0,0.0,0.0,9.78,1.59,0.0
20230926:0502,14.77,30.06,6.25,9.83,1.59,0.0
20230926:0602,118.14,188.14,18.6,11.65,1.45,0.0
20230926:0702,228.99,312.91,30.54,13.92,2.69,0.0
20230926:0802,325.9,419.57,41.56,15.31,3.59,0.0
20230926:0902,389.01,490.31,50.73,16.37,3.59,0.0
20230926:1002,427.48,536.7,56.41,16.97,3.59,0.0
20230926:1102,428.6,540.35,56.71,17.79,3.52,0.0
20230926:1202,397.51,506.22,51.49,18.29,3.52,0.0
20230926:1302,333.2,433.84,42.58,18.13,3.52,0.0
20230926:1402,238.55,328.25,31.69,17.67,3.66,0.0
20230926:1502,128.63,204.84,19.81,16.76,3.31,0.0
20230926:1602,29.89,71.72,7.49,15.7,2.9,0.0
20230926:1702,0.0,0.0,0.0,14.33,2.48,0.0
20230926:1802,0.0,0.0,0.0,13.3,2.21,0.0
20230926:1902,0.0,0.0,0.0,12.58,2.21,0.0
20230926:2002,0.0,0.0,0.0,11.54,2.0,0.0
20230926:2102,0.0,0.0,0.0,10.63,1.86,0.0
20230926:2202,0.0,0.0,0.0,9.81,1.86,0.0
20230926:2302,0.0,0.0,0.0,8.96,1.79,0.0
20230927:0002,0.0,0.0,0.0,8.0,1.79,0.0
20230927:0102,0.0,0.0,0.0,7.09,1.79,0.0
20230927:0202,0.0,0.0,0.0,6.54,1.86,0.0
20230927:0302,0.0,0.0,0.0,6.19,1.93,0.0
20230927:0402,0.0,0.0,0.0,5.92,2.0,0.0
20230927:0502,15.08,30.06,6.54,5.96,2.0,0.0
20230927:0602,126.59,196.45,18.9,9.28,1.66,0.0
20230927:0702,237.56,323.57,30.85,13.65,1.72,0.0
20230927:0802,334.18,434.03,41.9,16.1,2.21,0.0
20230927:0902,398.4,510.34,51.11,17.93,2.28,0.0
20230927:1002,430.8,551.31,56.81,19.3,2.34,0.0
20230927:1102,430.4,552.0,57.07,20.27,2.62,0.0
20230927:1202,399.34,517.14,51.78,21.0,2.69,0.0
20230927:1302,333.15,441.51,42.8,21.48,2.55,0.0
20230927:1402,240.1,336.8,31.87,21.56,2.14,0.0
20230927:1502,130.96,211.38,19.97,21.08,1.38,0.0
20230927:1602,31.77,75.89,7.63,19.76,1.66,0.0
20230927:1702,0.0,0.0,0.0,17.32,1.79,0.0
20230927:1802,0.0,0.0,0.0,15.21,2.0,0.0
20230927:1902,0.0,0.0,0.0,13.65,2.48,0.0
20230927:2002,0.0,0.0,0.0,12.47,2.55,0.0
20230927:2102,0.0,0.0,0.0,11.45,2.41,0.0
20230927:2202,0.0,0.0,0.0,10.46,2.21,0.0
20230927:2302,0.0,0.0,0.0,9.49,2.14,0.0
20230928:0002,0.0,0.0,0.0,8.74,2.0,0.0
20230928:0102,0.0,0.0,0.0,8.38,2.0,0.0
20230928:0202,0.0,0.0,0.0,8.04,2.0,0.0
20230928:0302,0.0,0.0,0.0,7.82,2.07,0.0
20230928:0402,0.0,0.0,0.0,7.64,2.14,0.0
20230928:0502,15.59,30.97,6.83,7.94,2.28,0.0
20230928:0602,131.14,202.26,19.19,11.91,1.93,0.0
20230928:0702,238.83,330.4,31.17,17.79,1.24,0.0
20230928:0802,326.8,438.7,42.24,21.44,0.83,0.0
20230928:0902,384.19,515.11,51.49,23.65,0.34,0.0
20230928:1002,415.24,555.77,57.21,24.8,0.55,0.0
20230928:1102,418.25,557.42,57.44,25.38,1.1,0.0
20230928:1202,391.33,524.1,52.08,25.59,1.24,0.0
20230928:1302,327.13,447.17,43.03,25.63,0.83,0.0
20230928:1402,238.74,342.06,32.05,25.54,0.9,0.0
20230928:1502,133.06,216.32,20.13,24.52,1.45,0.0
20230928:1602,33.21,80.34,7.78,22.78,1.31,0.0
20230928:1702,0.0,0.0,0.0,20.85,0.97,0.0
20230928:1802,0.0,0.0,0.0,19.33,1.17,0.0
20230928:1902,0.0,0.0,0.0,18.13,1.24,0.0
20230928:2002,0.0,0.0,0.0,16.51,1.52,0.0
20230928:2102,0.0,0.0,0.0,14.36,1.86,0.0
20230928:2202,0.0,0.0,0.0,12.71,2.14,0.0
20230928:2302,0.0,0.0,0.0,11.55,1.86,0.0
20230929:0002,0.0,0.0,0.0,11.43,1.59,0.0
20230929:0102,0.0,0.0,0.0,11.09,2.07,0.0
20230929:0202,0.0,0.0,0.0,11.93,1.79,0.0
20230929:0302,0.0,0.0,0.0,15.21,1.38,0.0
20230929:0402,0.0,0.0,0.0,17.64,1.17,0.0
20230929:0502,3.5,13.29,7.12,17.42,1.1,0.0
20230929:0602,132.53,206.71,19.49,15.9,1.31,0.0
20230929:0702,241.64,331.29,31.48,18.71,2.41,0.0
20230929:0802,314.49,402.63,42.58,19.74,3.03,0.0
20230929:0902,397.17,509.24,51.87,20.68,3.31,0.0
20230929:1002,350.57,446.14,57.61,21.46,3.52,0.0
20230929:1102,434.61,556.72,57.81,21.86,3.52,0.0
20230929:1202,399.74,514.64,52.37,21.73,3.38,0.0
20230929:1302,338.04,443.41,43.25,21.7,3.38,0.0
20230929:1402,249.41,344.21,32.23,21.25,3.31,0.0
20230929:1502,128.09,178.75,20.28,19.89,2.9,0.0
20230929:1602,29.37,53.36,7.93,18.13,2.69,0.0
20230929:1702,0.0,0.0,0.0,16.24,2.48,0.0
20230929:1802,0.0,0.0,0.0,14.7,2.14,0.0
20230929:1902,0.0,0.0,0.0,13.67,2.9,0.0
20230929:2002,0.0,0.0,0.0,13.04,2.76,0.0
20230929:2102,0.0,0.0,0.0,12.5,3.1,0.0
20230929:2202,0.0,0.0,0.0,12.11,2.97,0.0
20230929:2302,0.0,0.0,0.0,12.01,3.1,0.0
20230930:0002,0.0,0.0,0.0,11.91,2.9,0.0
20230930:0102,0.0,0.0,0.0,12.07,3.66,0.0
20230930:0202,0.0,0.0,0.0,12.01,3.24,0.0
20230930:0302,0.0,0.0,0.0,11.97,2.97,0.0
20230930:0402,0.0,0.0,0.0,11.68,2.34,0.0
20230930:0502,25.32,47.1,7.4,11.82,2.9,0.0
20230930:0602,55.54,81.65,19.78,11.78,2.9,0.0
20230930:0702,64.37,92.1,31.79,11.64,3.1,0.0
20230930:0802,178.68,225.15,42.92,12.13,2.62,0.0
20230930:0902,222.01,276.93,52.24,13.52,2.97,0.0
20230930:1002,390.47,479.1,58.01,14.03,3.66,0.0
20230930:1102,291.33,359.13,58.17,14.01,3.45,0.0
20230930:1202,350.92,432.41,52.66,14.62,3.66,0.0
20230930:1302,334.36,416.87,43.48,14.61,3.45,0.0
20230930:1402,221.15,280.71,32.41,14.63,3.17,0.0
20230930:1502,146.48,220.48,20.44,14.06,2.97,0.0
20230930:1602,38.95,79.81,8.07,13.32,2.41,0.0
20230930:1702,0.0,0.0,0.0,12.42,1.72,0.0
20230930:1802,0.0,0.0,0.0,11.64,1.45,0.0
20230930:1902,0.0,0.0,0.0,10.91,1.45,0.0
20230930:2002,0.0,0.0,0.0,10.22,1.45,0.0
20230930:2102,0.0,0.0,0.0,9.75,1.45,0.0
20230930:2202,0.0,0.0,0.0,9.07,1.52,0.0
20230930:2302,0.0,0.0,0.0,8.52,1.52,0.0
20231001:0002,0.0,0.0,0.0,7.92,1.59,0.0
20231001:0102,0.0,0.0,0.0,7.11,1.66,0.0
20231001:0202,0.0,0.0,0.0,6.57,1.72,0.0
20231001:0302,0.0,0.0,0.0,6.21,1.79,0.0
20231001:0402,0.0,0.0,0.0,5.88,1.86,0.0
20231001:0502,39.14,82.66,7.69,5.94,1.72,0.0
20231001:0602,151.84,223.96,20.07,9.97,1.52,0.0
20231001:0702,268.94,355.72,32.09,12.95,2.41,0.0
20231001:0802,365.86,464.72,43.26,14.49,2.62,0.0
20231001:0902,429.32,541.59,52.61,16.0,2.28,0.0
20231001:1002,458.56,581.77,58.4,17.36,1.86,0.0
20231001:1102,454.72,582.68,58.54,18.55,1.45,0.0
20231001:1202,423.06,548.41,52.95,19.43,1.17,0.0
20231001:1302,355.65,468.45,43.7,20.07,1.17,0.0
20231001:1402,264.28,362.78,32.59,20.43,1.52,0.0
20231001:1502,151.33,233.27,20.6,20.33,1.38,0.0
20231001:1602,42.18,88.34,8.22,19.46,1.24,0.0
20231001:1702,0.0,0.0,0.0,17.29,1.31,0.0
20231001:1802,0.0,0.0,0.0,14.52,1.59,0.0
20231001:1902,0.0,0.0,0.0,12.84,1.66,0.0
20231001:2002,0.0,0.0,0.0,11.4,1.72,0.0
20231001:2102,0.0,0.0,0.0,9.86,1.86,0.0
20231001:2202,0.0,0.0,0.0,8.61,1.93,0.0
20231001:2302,0.0,0.0,0.0,7.76,2.0,0.0
20231002:0002,0.0,0.0,0.0,7.39,2.07,0.0
20231002:0102,0.0,0.0,0.0,7.4,2.14,0.0
20231002:0202,0.0,0.0,0.0,7.46,2.14,0.0
20231002:0302,0.0,0.0,0.0,7.54,2.21,0.0
20231002:0402,0.0,0.0,0.0,7.65,2.21,0.0
20231002:0502,41.59,83.83,7.97,8.31,2.14,0.0
20231002:0602,153.21,226.72,20.36,13.15,1.59,0.0
20231002:0702,259.54,356.4,32.4,20.72,1.38,0.0
20231002:0802,345.57,463.68,43.59,24.48,1.38,0.0
20231002:0902,405.58,539.81,52.98,26.59,1.86,0.0
20231002:1002,436.58,578.96,58.8,27.33,2.21,0.0
20231002:1102,439.22,581.86,58.9,26.97,2.14,0.0
20231002:1202,413.34,547.34,53.24,26.0,2.14,0.0
20231002:1302,351.23,468.95,43.93,24.74,2.07,0.0
20231002:1402,262.97,363.94,32.77,23.41,2.0,0.0
20231002:1502,153.07,235.41,20.75,22.04,1.86,0.0
20231002:1602,44.12,91.58,8.37,20.44,1.72,0.0
20231002:1702,0.0,0.0,0.0,18.49,1.59,0.0
20231002:1802,0.0,0.0,0.0,16.63,1.59,0.0
20231002:1902,0.0,0.0,0.0,15.53,1.72,0.0
20231002:2002,0.0,0.0,0.0,14.51,1.72,0.0
20231002:2102,0.0,0.0,0.0,13.7,1.79,0.0
20231002:2202,0.0,0.0,0.0,12.95,1.79,0.0
20231002:2302,0.0,0.0,0.0,12.38,1.72,0.0
20231003:0002,0.0,0.0,0.0,12.08,1.66,0.0
20231003:0102,0.0,0.0,0.0,11.6,1.79,0.0
20231003:0202,0.0,0.0,0.0,11.3,2.07,0.0
20231003:0302,0.0,0.0,0.0,11.15,2.0,0.0
20231003:0402,0.0,0.0,0.0,10.84,1.72,0.0
20231003:0502,45.1,90.16,8.25,10.91,1.66,0.0
20231003:0602,157.52,230.27,20.65,13.71,1.66,0.0
20231003:0702,272.5,362.45,32.7,16.06,2.21,0.0
20231003:0802,361.58,464.78,43.92,18.06,2.48,0.0
20231003:0902,421.5,539.33,53.35,19.78,2.34,0.0
20231003:1002,454.07,582.53,59.2,21.04,2.34,0.0
20231003:1102,454.88,584.67,59.26,21.89,2.62,0.0
20231003:1202,426.52,550.87,53.53,22.3,2.83,0.0
20231003:1302,360.06,470.73,44.15,22.32,3.1,0.0
20231003:1402,269.02,364.61,32.95,21.75,3.38,0.0
20231003:1502,157.51,236.86,20.91,20.67,3.45,0.0
20231003:1602,46.68,94.16,8.52,19.28,3.31,0.0
20231003:1702,0.0,0.0,0.0,17.64,3.03,0.0
20231003:1802,0.0,0.0,0.0,16.47,2.83,0.0
20231003:1902,0.0,0.0,0.0,15.36,2.62,0.0
20231003:2002,0.0,0.0,0.0,14.22,2.55,0.0
20231003:2102,0.0,0.0,0.0,13.37,2.41,0.0
20231003:2202,0.0,0.0,0.0,12.53,2.28,0.0
20231003:2302,0.0,0.0,0.0,12.11,2.21,0.0
20231004:0002,0.0,0.0,0.0,11.57,2.14,0.0
20231004:0102,0.0,0.0,0.0,11.06,2.21,0.0
20231004:0202,0.0,0.0,0.0,10.85,2.21,0.0
20231004:0302,0.0,0.0,0.0,10.63,2.14,0.0
20231004:0402,0.0,0.0,0.0,10.73,2.14,0.0
20231004:0502,18.34,35.13,8.53,11.52,1.93,0.0
20231004:0602,140.53,189.49,20.93,13.43,1.66,0.0
20231004:0702,145.24,193.19,33.0,19.0,1.03,0.0
20231004:0802,353.23,464.66,44.25,22.3,1.86,0.0
20231004:0902,375.8,484.1,53.72,23.15,2.97,0.0
20231004:1002,77.51,112.98,59.59,23.47,3.17,0.0
20231004:1102,99.03,139.57,59.63,23.59,2.76,0.0
20231004:1202,50.97,79.75,53.81,22.92,2.21,0.0
20231004:1302,43.65,70.26,44.37,22.17,1.45,0.0
20231004:1402,50.41,78.8,33.13,21.86,1.03,0.0
20231004:1502,142.04,199.82,21.07,21.37,1.17,0.0
20231004:1602,16.16,33.23,8.67,20.15,1.24,0.0
20231004:1702,0.0,0.0,0.0,18.7,0.55,0.0
20231004:1802,0.0,0.0,0.0,17.85,0.48,0.0
20231004:1902,0.0,0.0,0.0,17.53,0.69,0.0
20231004:2002,0.0,0.0,0.0,16.63,0.97,0.0
20231004:2102,0.0,0.0,0.0,16.17,1.03,0.0
20231004:2202,0.0,0.0,0.0,15.91,0.83,0.0
20231004:2302,0.0,0.0,0.0,14.95,0.9,0.0
20231005:0002,0.0,0.0,0.0,13.58,1.17,0.0
20231005:0102,0.0,0.0,0.0,12.93,1.24,0.0
20231005:0202,0.0,0.0,0.0,12.69,1.45,0.0
20231005:0302,0.0,0.0,0.0,12.75,1.38,0.0
20231005:0402,0.0,0.0,0.0,12.79,1.31,0.0
20231005:0502,31.11,53.77,8.81,12.91,1.31,0.0
20231005:0602,141.95,191.41,21.21,14.41,1.31,0.0
20231005:0702,252.74,326.56,33.3,16.02,0.76,0.0
20231005:0802,258.71,331.88,44.57,17.71,0.34,0.0
20231005:0902,378.61,489.27,54.09,19.23,0.41,0.0
20231005:1002,429.36,557.03,59.98,20.48,0.83,0.0
20231005:1102,410.63,531.88,59.99,21.42,1.24,0.0
20231005:1202,401.85,517.96,54.1,21.61,2.0,0.0
20231005:1302,360.81,468.79,44.59,21.51,2.41,0.0
20231005:1402,270.64,361.18,33.31,21.15,2.34,0.0
20231005:1502,152.72,213.73,21.23,20.55,2.41,0.0
20231005:1602,44.73,79.82,8.82,19.53,2.69,0.0
20231005:1702,0.0,0.0,0.0,18.33,3.1,0.0
20231005:1802,0.0,0.0,0.0,17.3,3.45,0.0
20231005:1902,0.0,0.0,0.0,16.38,3.79,0.0
20231005:2002,0.0,0.0,0.0,15.81,3.86,0.0
20231005:2102,0.0,0.0,0.0,15.44,3.79,0.0
20231005:2202,0.0,0.0,0.0,15.22,3.79,0.0
20231005:2302,0.0,0.0,0.0,14.95,3.66,0.0
20231006:0002,0.0,0.0,0.0,14.78,3.59,0.0
20231006:0102,0.0,0.0,0.0,14.67,3.66,0.0
20231006:0202,0.0,0.0,0.0,14.49,3.59,0.0
20231006:0302,0.0,0.0,0.0,14.4,3.52,0.0
20231006:0402,0.0,0.0,0.0,14.25,3.45,0.0
20231006:0502,54.96,103.74,9.08,14.38,3.45,0.0
20231006:0602,173.9,249.51,21.49,15.2,3.45,0.0
20231006:0702,286.36,373.32,33.59,16.5,3.79,0.0
20231006:0802,378.94,477.95,44.9,17.62,4.41,0.0
20231006:0902,445.76,558.17,54.45,18.39,4.14,0.0
20231006:1002,474.79,595.17,60.37,18.88,3.72,0.0
20231006:1102,470.36,591.7,60.35,18.99,3.31,0.0
20231006:1202,401.0,506.5,54.38,19.51,3.24,0.0
20231006:1302,368.41,470.65,44.8,19.56,3.24,0.0
20231006:1402,272.81,356.18,33.49,19.41,3.31,0.0
20231006:1502,170.03,246.7,21.38,18.41,3.31,0.0
20231006:1602,42.03,71.54,8.97,17.26,2.97,0.0
20231006:1702,0.0,0.0,0.0,16.34,2.9,0.0
20231006:1802,0.0,0.0,0.0,15.77,2.97,0.0
20231006:1902,0.0,0.0,0.0,15.76,3.1,0.0
20231006:2002,0.0,0.0,0.0,15.3,3.38,0.0
20231006:2102,0.0,0.0,0.0,14.99,3.59,0.0
20231006:2202,0.0,0.0,0.0,14.64,4.41,0.0
20231006:2302,0.0,0.0,0.0,14.32,4.62,0.0
20231007:0002,0.0,0.0,0.0,13.96,4.62,0.0
20231007:0102,0.0,0.0,0.0,13.57,4.48,0.0
20231007:0202,0.0,0.0,0.0,13.36,4.34,0.0
20231007:0302,0.0,0.0,0.0,13.1,4.28,0.0
20231007:0402,0.0,0.0,0.0,12.97,4.14,0.0
20231007:0502,45.55,75.43,9.35,12.84,4.07,0.0
20231007:0602,122.21,162.08,21.77,13.09,3.79,0.0
20231007:0702,213.87,268.12,33.88,14.0,4.76,0.0
20231007:0802,301.27,370.9,45.22,14.34,4.48,0.0
20231007:0902,441.37,540.39,54.81,14.74,4.83,0.0
20231007:1002,480.04,586.57,60.76,14.88,4.83,0.0
20231007:1102,482.21,590.05,60.7,15.14,4.76,0.0
20231007:1202,462.1,567.88,54.66,15.45,4.9,0.0
20231007:1302,391.94,488.11,45.02,15.24,4.62,0.0
20231007:1402,296.29,382.39,33.67,15.1,4.55,0.0
20231007:1502,178.55,252.36,21.54,14.52,4.41,0.0
20231007:1602,59.65,111.07,9.12,13.82,4.0,0.0
20231007:1702,0.0,0.0,0.0,13.12,3.93,0.0
20231007:1802,0.0,0.0,0.0,12.64,3.86,0.0
20231007:1902,0.0,0.0,0.0,12.32,4.0,0.0
20231007:2002,0.0,0.0,0.0,11.79,3.86,0.0
20231007:2102,0.0,0.0,0.0,11.47,3.66,0.0
20231007:2202,0.0,0.0,0.0,11.1,3.52,0.0
20231007:2302,0.0,0.0,0.0,10.9,3.31,0.0
20231008:0002,0.0,0.0,0.0,10.65,3.31,0.0
20231008:0102,0.0,0.0,0.0,10.4,3.31,0.0
20231008:0202,0.0,0.0,0.0,10.47,3.31,0.0
20231008:0302,0.0,0.0,0.0,10.46,3.38,0.0
20231008:0402,0.0,0.0,0.0,10.4,3.31,0.0
20231008:0502,65.38,117.1,9.62,10.79,3.45,0.0
20231008:0602,189.27,262.75,22.04,12.34,3.59,0.0
20231008:0702,307.61,394.38,34.17,14.4,4.28,0.0
20231008:0802,402.53,502.41,45.53,15.86,4.34,0.0
20231008:0902,465.07,578.69,55.17,17.31,4.07,0.0
20231008:1002,493.55,616.9,61.15,18.63,3.86,0.0
20231008:1102,491.3,617.12,61.06,19.72,3.93,0.0
20231008:1202,461.37,582.25,54.94,20.24,4.14,0.0
20231008:1302,393.66,502.8,45.24,20.23,4.07,0.0
20231008:1402,298.11,393.42,33.84,19.83,3.86,0.0
20231008:1502,182.67,263.22,21.7,18.96,3.59,0.0
20231008:1602,61.76,114.6,9.28,17.6,3.52,0.0
20231008:1702,0.0,0.0,0.0,15.78,3.59,0.0
20231008:1802,0.0,0.0,0.0,14.5,3.79,0.0
20231008:1902,0.0,0.0,0.0,13.8,4.21,0.0
20231008:2002,0.0,0.0,0.0,13.06,4.28,0.0
20231008:2102,0.0,0.0,0.0,12.6,4.21,0.0
20231008:2202,0.0,0.0,0.0,12.21,4.07,0.0
20231008:2302,0.0,0.0,0.0,11.97,3.93,0.0
20231009:0002,0.0,0.0,0.0,11.97,3.86,0.0
20231009:0102,0.0,0.0,0.0,12.02,3.79,0.0
20231009:0202,0.0,0.0,0.0,11.84,3.66,0.0
20231009:0302,0.0,0.0,0.0,11.53,3.38,0.0
20231009:0402,0.0,0.0,0.0,11.27,3.24,0.0
20231009:0502,71.62,125.87,9.89,11.59,3.1,0.0
20231009:0602,196.16,271.87,22.31,13.13,3.38,0.0
20231009:0702,314.88,403.96,34.46,15.13,4.14,0.0
20231009:0802,409.74,512.51,45.85,16.55,4.28,0.0
20231009:0902,470.87,587.61,55.52,18.22,4.21,0.0
20231009:1002,499.31,626.04,61.54,19.6,4.07,0.0
20231009:1102,496.97,627.31,61.42,20.59,3.79,0.0
20231009:1202,464.2,590.47,55.22,21.19,3.52,0.0
20231009:1302,396.48,510.93,45.45,21.41,3.24,0.0
20231009:1402,302.06,400.57,34.02,20.95,3.24,0.0
20231009:1502,188.52,270.93,21.86,19.61,3.38,0.0
20231009:1602,65.66,119.98,9.43,17.97,3.72,0.0
20231009:1702,0.0,0.0,0.0,16.1,3.72,0.0
20231009:1802,0.0,0.0,0.0,14.65,3.79,0.0
20231009:1902,0.0,0.0,0.0,14.46,3.93,0.0
20231009:2002,0.0,0.0,0.0,14.0,3.79,0.0
20231009:2102,0.0,0.0,0.0,13.51,3.45,0.0
20231009:2202,0.0,0.0,0.0,12.87,3.17,0.0
20231009:2302,0.0,0.0,0.0,12.13,2.97,0.0
20231010:0002,0.0,0.0,0.0,11.9,2.9,0.0
20231010:0102,0.0,0.0,0.0,11.43,2.69,0.0
20231010:0202,0.0,0.0,0.0,11.21,2.62,0.0
20231010:0302,0.0,0.0,0.0,11.19,2.62,0.0
20231010:0402,0.0,0.0,0.0,10.94,2.55,0.0
20231010:0502,75.47,129.99,10.15,11.67,2.41,0.0
20231010:0602,201.92,279.06,22.58,13.75,2.76,0.0
20231010:0702,319.88,412.97,34.74,16.23,3.17,0.0
20231010:0802,410.0,520.77,46.16,18.49,2.97,0.0
20231010:0902,468.39,598.19,55.88,20.54,2.48,0.0
20231010:1002,492.85,635.83,61.93,22.12,2.07,0.0
20231010:1102,486.16,635.29,61.77,23.29,1.45,0.0
20231010:1202,452.15,597.67,55.5,23.99,0.9,0.0
20231010:1302,389.44,519.35,45.67,24.25,0.76,0.0
20231010:1402,299.25,408.21,34.2,24.16,0.9,0.0
20231010:1502,188.61,276.97,22.02,23.64,1.1,0.0
20231010:1602,67.2,124.45,9.58,22.51,1.52,0.0
20231010:1702,0.0,0.0,0.0,20.39,1.72,0.0
20231010:1802,0.0,0.0,0.0,18.21,2.14,0.0
20231010:1902,0.0,0.0,0.0,16.38,2.14,0.0
20231010:2002,0.0,0.0,0.0,14.93,1.93,0.0
20231010:2102,0.0,0.0,0.0,13.46,1.93,0.0
20231010:2202,0.0,0.0,0.0,12.32,1.86,0.0
20231010:2302,0.0,0.0,0.0,11.52,1.86,0.0
20231011:0002,0.0,0.0,0.0,10.93,1.86,0.0
20231011:0102,0.0,0.0,0.0,10.56,1.93,0.0
20231011:0202,0.0,0.0,0.0,10.32,1.93,0.0
20231011:0302,0.0,0.0,0.0,10.11,1.86,0.0
20231011:0402,0.0,0.0,0.0,10.44,1.72,0.0
20231011:0502,76.7,129.26,10.41,11.59,1.66,0.0
20231011:0602,202.86,279.51,22.84,14.2,2.07,0.0
20231011:0702,308.02,395.58,35.02,16.3,2.21,0.0
20231011:0802,404.4,514.22,46.46,18.04,2.21,0.0
20231011:0902,461.24,587.46,56.22,19.49,2.07,0.0
20231011:1002,484.01,620.36,62.31,20.6,1.93,0.0
20231011:1102,474.83,611.32,62.12,21.17,1.79,0.0
20231011:1202,444.52,571.84,55.77,21.24,1.93,0.0
20231011:1302,313.27,399.97,45.88,20.62,2.55,0.0
20231011:1402,284.73,367.93,34.38,19.28,2.62,0.0
20231011:1502,190.79,265.76,22.18,17.93,2.21,0.0
20231011:1602,69.38,120.84,9.74,16.97,1.59,0.0
20231011:1702,0.0,0.0,0.0,15.98,1.24,0.0
20231011:1802,0.0,0.0,0.0,15.39,1.17,0.0
20231011:1902,0.0,0.0,0.0,14.66,0.9,0.0
20231011:2002,0.0,0.0,0.0,14.14,0.76,0.0
20231011:2102,0.0,0.0,0.0,14.24,0.48,0.0
20231011:2202,0.0,0.0,0.0,13.96,0.48,0.0
20231011:2302,0.0,0.0,0.0,12.97,0.83,0.0
20231012:0002,0.0,0.0,0.0,11.95,1.1,0.0
20231012:0102,0.0,0.0,0.0,11.49,1.24,0.0
20231012:0202,0.0,0.0,0.0,11.62,1.1,0.0
20231012:0302,0.0,0.0,0.0,12.06,1.24,0.0
20231012:0402,0.0,0.0,0.0,12.05,1.31,0.0
20231012:0502,50.71,79.39,10.66,12.05,1.45,0.0
20231012:0602,182.25,238.83,23.1,12.3,2.0,0.0
20231012:0702,321.09,406.42,35.29,13.81,2.83,0.0
20231012:0802,234.93,294.4,46.76,15.05,2.76,0.0
20231012:0902,301.83,376.45,56.57,16.09,2.69,0.0
20231012:1002,205.21,261.1,62.69,16.65,2.69,0.0
20231012:1102,128.05,169.95,62.47,16.91,2.83,0.0
20231012:1202,188.81,241.16,56.04,16.37,2.9,0.0
20231012:1302,259.51,325.05,46.09,16.08,2.97,0.0
20231012:1402,72.74,103.49,34.55,15.19,2.83,0.0
20231012:1502,137.0,181.36,22.34,14.72,2.55,0.0
20231012:1602,54.72,87.19,9.9,13.91,2.14,0.0
20231012:1702,0.0,0.0,0.0,13.25,1.38,0.0
20231012:1802,0.0,0.0,0.0,12.64,1.03,0.0
20231012:1902,0.0,0.0,0.0,12.34,1.38,0.0
20231012:2002,0.0,0.0,0.0,11.9,1.17,0.0
20231012:2102,0.0,0.0,0.0,11.58,1.17,0.0
20231012:2202,0.0,0.0,0.0,11.06,1.03,0.0
20231012:2302,0.0,0.0,0.0,10.9,1.03,0.0
20231013:0002,0.0,0.0,0.0,10.95,0.9,0.0
20231013:0102,0.0,0.0,0.0,10.88,0.9,0.0
20231013:0202,0.0,0.0,0.0,11.56,0.62,0.0
20231013:0302,0.0,0.0,0.0,11.52,0.34,0.0
20231013:0402,0.0,0.0,0.0,11.18,0.48,0.0
20231013:0502,88.63,146.23,10.92,11.29,0.41,0.0
20231013:0602,217.11,297.24,23.36,12.81,0.34,0.0
20231013:0702,331.79,429.2,35.56,14.16,0.41,0.0
20231013:0802,415.52,534.29,47.06,15.53,0.0,0.0
20231013:0902,475.43,608.86,56.91,16.74,0.48,0.0
20231013:1002,502.54,646.07,63.07,17.85,0.62,0.0
20231013:1102,502.48,644.95,62.82,18.76,1.03,0.0
20231013:1202,469.18,598.44,56.32,19.3,1.79,0.0
20231013:1302,414.87,529.08,46.3,19.09,2.41,0.0
20231013:1402,323.57,420.05,34.73,18.66,3.24,0.0
20231013:1502,206.99,287.82,22.5,17.79,3.45,0.0
20231013:1602,71.48,118.64,10.05,16.86,3.17,0.0
20231013:1702,0.0,0.0,0.0,15.75,3.17,0.0
20231013:1802,0.0,0.0,0.0,15.0,2.97,0.0
20231013:1902,0.0,0.0,0.0,14.62,2.97,0.0
20231013:2002,0.0,0.0,0.0,13.96,2.76,0.0
20231013:2102,0.0,0.0,0.0,13.31,2.69,0.0
20231013:2202,0.0,0.0,0.0,12.75,2.62,0.0
20231013:2302,0.0,0.0,0.0,12.6,2.55,0.0
20231014:0002,0.0,0.0,0.0,12.44,2.62,0.0
20231014:0102,0.0,0.0,0.0,12.22,2.62,0.0
20231014:0202,0.0,0.0,0.0,12.24,2.69,0.0
20231014:0302,0.0,0.0,0.0,12.23,2.76,0.0
20231014:0402,0.0,0.0,0.0,12.0,2.76,0.0
20231014:0502,93.13,151.37,11.17,12.41,2.9,0.0
20231014:0602,220.38,296.87,23.61,13.84,3.38,0.0
20231014:0702,334.65,427.0,35.82,16.44,3.52,0.0
20231014:0802,424.0,534.13,47.36,18.67,3.59,0.0
20231014:0902,483.65,610.5,57.25,20.59,3.66,0.0
20231014:1002,510.65,649.18,63.45,22.13,3.52,0.0
20231014:1102,509.27,652.1,63.17,23.24,3.31,0.0
20231014:1202,468.29,601.91,56.59,23.84,3.38,0.0
20231014:1302,291.15,376.23,46.51,23.96,3.45,0.0
20231014:1402,257.0,334.8,34.9,23.36,3.79,0.0
20231014:1502,127.67,174.59,22.66,21.83,3.86,0.0
20231014:1602,57.4,93.05,10.21,20.16,4.28,0.0
20231014:1702,0.0,0.0,0.0,18.19,4.21,0.0
20231014:1802,0.0,0.0,0.0,16.61,4.28,0.0
20231014:1902,0.0,0.0,0.0,16.04,4.34,0.0
20231014:2002,0.0,0.0,0.0,15.25,4.28,0.0
20231014:2102,0.0,0.0,0.0,14.71,4.21,0.0
20231014:2202,0.0,0.0,0.0,14.35,4.14,0.0
20231014:2302,0.0,0.0,0.0,13.96,3.79,0.0
20231015:0002,0.0,0.0,0.0,13.56,3.45,0.0
20231015:0102,0.0,0.0,0.0,13.14,3.17,0.0
20231015:0202,0.0,0.0,0.0,12.87,2.97,0.0
20231015:0302,0.0,0.0,0.0,12.41,2.55,0.0
20231015:0402,0.0,0.0,0.0,11.96,2.34,0.0
20231015:0502,98.82,158.6,11.41,12.14,2.34,0.0
20231015:0602,222.5,296.67,23.86,14.0,3.03,0.0
20231015:0702,348.82,444.67,36.09,16.98,4.0,0.0
20231015:0802,436.22,547.84,47.64,18.84,4.14,0.0
20231015:0902,492.11,618.72,57.58,20.39,4.07,0.0
20231015:1002,519.96,657.62,63.82,21.58,3.86,0.0
20231015:1102,517.11,658.54,63.52,22.45,3.52,0.0
20231015:1202,484.23,620.55,56.85,23.03,3.24,0.0
20231015:1302,416.83,538.18,46.72,23.15,3.17,0.0
20231015:1402,326.35,430.12,35.08,22.73,3.31,0.0
20231015:1502,212.02,297.65,22.82,21.73,3.38,0.0
20231015:1602,85.45,144.95,10.37,20.27,3.72,0.0
20231015:1702,0.0,0.0,0.0,18.4,3.66,0.0
20231015:1802,0.0,0.0,0.0,16.98,3.72,0.0
20231015:1902,0.0,0.0,0.0,16.09,3.79,0.0
20231015:2002,0.0,0.0,0.0,15.36,3.79,0.0
20231015:2102,0.0,0.0,0.0,14.65,3.66,0.0
20231015:2202,0.0,0.0,0.0,14.25,3.31,0.0
20231015:2302,0.0,0.0,0.0,13.99,3.1,0.0
20231016:0002,0.0,0.0,0.0,13.8,2.9,0.0
20231016:0102,0.0,0.0,0.0,13.55,2.41,0.0
20231016:0202,0.0,0.0,0.0,13.07,2.0,0.0
20231016:0302,0.0,0.0,0.0,12.76,2.0,0.0
20231016:0402,0.0,0.0,0.0,12.44,2.14,0.0
20231016:0502,103.01,163.82,11.66,12.94,2.07,0.0
20231016:0602,233.71,314.31,24.1,14.66,2.21,0.0
20231016:0702,344.02,442.99,36.34,17.36,1.93,0.0
20231016:0802,432.53,551.37,47.93,19.88,2.48,0.0
20231016:0902,492.74,629.35,57.91,21.53,2.69,0.0
20231016:1002,519.94,668.09,64.19,22.97,2.76,0.0
20231016:1102,517.38,667.19,63.86,24.18,3.03,0.0
20231016:1202,485.45,629.26,57.12,25.05,3.03,0.0
20231016:1302,419.51,548.02,46.93,25.38,2.97,0.0
20231016:1402,328.08,437.38,35.25,25.11,2.97,0.0
20231016:1502,214.55,304.09,22.98,24.31,2.9,0.0
20231016:1602,87.22,148.45,10.53,22.82,3.1,0.0
20231016:1702,0.0,0.0,0.0,20.7,3.03,0.0
20231016:1802,0.0,0.0,0.0,19.01,2.9,0.0
20231016:1902,0.0,0.0,0.0,18.01,2.69,0.0
20231016:2002,0.0,0.0,0.0,16.86,2.41,0.0
20231016:2102,0.0,0.0,0.0,15.72,2.21,0.0
20231016:2202,0.0,0.0,0.0,14.77,2.21,0.0
20231016:2302,0.0,0.0,0.0,14.02,2.21,0.0
20231017:0002,0.0,0.0,0.0,13.51,2.21,0.0
20231017:0102,0.0,0.0,0.0,13.27,2.21,0.0
20231017:0202,0.0,0.0,0.0,13.01,2.21,0.0
20231017:0302,0.0,0.0,0.0,12.85,2.14,0.0
20231017:0402,0.0,0.0,0.0,12.75,2.07,0.0
20231017:0502,106.31,166.89,11.9,13.8,1.79,0.0
20231017:0602,234.36,321.32,24.34,18.58,1.24,0.0
20231017:0702,338.63,452.46,36.6,23.2,0.76,0.0
20231017:0802,421.99,561.12,48.21,25.48,0.97,0.0
20231017:0902,482.64,636.7,58.24,26.44,1.86,0.0
20231017:1002,512.4,673.41,64.56,26.84,2.41,0.0
20231017:1102,511.59,671.73,64.2,26.93,2.55,0.0
20231017:1202,483.12,634.39,57.38,26.86,2.55,0.0
20231017:1302,419.34,552.83,47.13,26.54,2.41,0.0
20231017:1402,328.53,441.05,35.43,25.97,2.14,0.0
20231017:1502,216.91,308.52,23.14,25.08,1.79,0.0
20231017:1602,90.25,152.97,10.69,23.78,1.38,0.0
20231017:1702,0.0,0.0,0.0,21.78,1.38,0.0
20231017:1802,0.0,0.0,0.0,19.58,1.52,0.0
20231017:1902,0.0,0.0,0.0,17.57,1.79,0.0
20231017:2002,0.0,0.0,0.0,16.33,1.93,0.0
20231017:2102,0.0,0.0,0.0,15.55,1.93,0.0
20231017:2202,0.0,0.0,0.0,15.04,1.93,0.0
20231017:2302,0.0,0.0,0.0,14.46,1.93,0.0
20231018:0002,0.0,0.0,0.0,14.15,2.0,0.0
20231018:0102,0.0,0.0,0.0,13.86,2.07,0.0
20231018:0202,0.0,0.0,0.0,13.77,2.21,0.0
20231018:0302,0.0,0.0,0.0,13.64,2.41,0.0
20231018:0402,0.0,0.0,0.0,13.48,2.41,0.0
20231018:0502,88.71,132.13,12.13,13.82,2.62,0.0
20231018:0602,241.78,320.42,24.58,15.21,2.97,0.0
20231018:0702,358.53,456.28,36.84,17.9,3.52,0.0
20231018:0802,451.02,568.67,48.48,19.94,3.93,0.0
20231018:0902,504.67,637.84,58.56,21.67,4.21,0.0
20231018:1002,517.84,658.58,64.93,22.98,4.34,0.0
20231018:1102,531.68,677.92,64.54,23.89,4.41,0.0
20231018:1202,497.55,636.96,57.65,24.47,4.34,0.0
20231018:1302,419.31,539.53,47.34,24.43,4.28,0.0
20231018:1402,343.46,450.89,35.6,24.14,4.28,0.0
20231018:1502,227.1,315.91,23.3,23.31,4.07,0.0
20231018:1602,97.34,160.95,10.85,22.0,4.07,0.0
20231018:1702,0.0,0.0,0.0,20.31,4.07,0.0
20231018:1802,0.0,0.0,0.0,18.86,4.21,0.0
20231018:1902,0.0,0.0,0.0,18.04,4.48,0.0
20231018:2002,0.0,0.0,0.0,17.11,4.48,0.0
20231018:2102,0.0,0.0,0.0,16.35,4.21,0.0
20231018:2202,0.0,0.0,0.0,15.8,3.93,0.0
20231018:2302,0.0,0.0,0.0,15.27,3.72,0.0
20231019:0002,0.0,0.0,0.0,14.71,3.38,0.0
20231019:0102,0.0,0.0,0.0,14.28,3.17,0.0
20231019:0202,0.0,0.0,0.0,13.63,3.03,0.0
20231019:0302,0.0,0.0,0.0,13.09,3.03,0.0
20231019:0402,0.0,0.0,0.0,12.72,2.97,0.0
20231019:0502,117.34,179.54,12.36,13.45,2.69,0.0
20231019:0602,249.25,332.74,24.81,16.4,2.62,0.0
20231019:0702,357.0,463.08,37.09,20.84,2.55,0.0
20231019:0802,438.17,570.36,48.76,23.94,2.14,0.0
20231019:0902,491.77,650.15,58.88,26.57,1.72,0.0
20231019:1002,509.38,687.08,65.29,28.49,1.03,0.0
20231019:1102,495.58,683.0,64.88,29.67,0.14,0.0
20231019:1202,473.42,646.71,57.91,30.23,0.69,0.0
20231019:1302,415.19,564.89,47.54,30.28,1.03,0.0
20231019:1402,328.99,452.04,35.78,29.87,1.24,0.0
20231019:1502,218.71,315.11,23.46,28.93,1.17,0.0
20231019:1602,95.84,162.02,11.02,27.59,0.9,0.0
20231019:1702,0.0,0.0,0.0,25.83,0.9,0.0
20231019:1802,0.0,0.0,0.0,23.22,1.24,0.0
20231019:1902,0.0,0.0,0.0,20.46,1.72,0.0
20231019:2002,0.0,0.0,0.0,19.1,1.79,0.0
20231019:2102,0.0,0.0,0.0,17.66,1.66,0.0
20231019:2202,0.0,0.0,0.0,16.27,1.72,0.0
20231019:2302,0.0,0.0,0.0,15.52,1.59,0.0
20231020:0002,0.0,0.0,0.0,15.15,1.38,0.0
20231020:0102,0.0,0.0,0.0,15.46,0.9,0.0
20231020:0202,0.0,0.0,0.0,15.7,0.69,0.0
20231020:0302,0.0,0.0,0.0,15.11,0.76,0.0
20231020:0402,0.0,0.0,0.0,15.26,0.62,0.0
20231020:0502,30.1,51.27,12.59,15.33,0.34,0.0
20231020:0602,49.45,75.96,25.04,16.42,0.34,0.0
20231020:0702,64.69,94.94,37.33,17.17,0.48,0.0
20231020:0802,105.81,145.26,49.02,18.58,0.97,0.0
20231020:0902,211.6,274.08,59.19,19.97,1.52,0.0
20231020:1002,418.46,537.59,65.65,21.06,1.72,0.0
20231020:1102,419.06,541.9,65.21,22.1,1.59,0.0
20231020:1202,408.5,527.54,58.17,22.39,1.79,0.0
20231020:1302,190.1,250.09,47.75,22.53,2.21,0.0
20231020:1402,131.24,178.26,35.95,22.79,2.83,0.0
20231020:1502,211.17,286.96,23.63,22.33,3.1,0.0
20231020:1602,83.77,131.53,11.18,21.15,2.97,0.0
20231020:1702,0.0,0.0,0.0,19.76,3.52,0.0
20231020:1802,0.0,0.0,0.0,18.82,3.66,0.0
20231020:1902,0.0,0.0,0.0,17.9,4.0,0.0
20231020:2002,0.0,0.0,0.0,17.47,4.14,0.0
20231020:2102,0.0,0.0,0.0,17.1,4.28,0.0
20231020:2202,0.0,0.0,0.0,16.83,4.34,0.0
20231020:2302,0.0,0.0,0.0,16.34,4.41,0.0
20231021:0002,0.0,0.0,0.0,15.84,4.41,0.0
20231021:0102,0.0,0.0,0.0,15.43,4.28,0.0
20231021:0202,0.0,0.0,0.0,15.04,4.34,0.0
20231021:0302,0.0,0.0,0.0,14.78,4.28,0.0
20231021:0402,0.0,0.0,0.0,14.69,4.0,0.0
20231021:0502,113.12,168.67,12.81,15.01,3.38,0.0
20231021:0602,249.68,326.6,25.26,15.68,4.14,0.0
20231021:0702,340.0,422.38,37.56,16.17,5.24,0.0
20231021:0802,455.32,559.73,49.28,16.77,5.38,0.0
20231021:0902,513.48,630.11,59.5,17.3,5.52,0.0
20231021:1002,546.19,670.38,66.0,17.73,5.72,0.0
20231021:1102,521.69,642.14,65.55,17.61,5.45,0.0
20231021:1202,525.61,645.45,58.43,17.94,5.79,0.0
20231021:1302,447.64,552.84,47.95,18.01,5.93,0.0
20231021:1402,361.66,455.71,36.13,18.02,5.93,0.0
20231021:1502,235.45,312.61,23.79,17.44,5.03,0.0
20231021:1602,110.33,172.57,11.35,16.77,4.34,0.0
20231021:1702,0.0,0.0,0.0,16.05,4.76,0.0
20231021:1802,0.0,0.0,0.0,15.72,4.48,0.0
20231021:1902,0.0,0.0,0.0,15.88,4.48,0.0
20231021:2002,0.0,0.0,0.0,15.6,4.0,0.0
20231021:2102,0.0,0.0,0.0,15.26,3.72,0.0
20231021:2202,0.0,0.0,0.0,14.88,3.31,0.0
20231021:2302,0.0,0.0,0.0,14.48,3.1,0.0
20231022:0002,0.0,0.0,0.0,14.09,2.9,0.0
20231022:0102,0.0,0.0,0.0,14.07,2.9,0.0
20231022:0202,0.0,0.0,0.0,13.75,2.9,0.0
20231022:0302,0.0,0.0,0.0,13.23,2.62,0.0
20231022:0402,0.0,0.0,0.0,13.17,2.62,0.0
20231022:0502,132.19,196.66,13.03,13.76,2.55,0.0
20231022:0602,264.21,345.87,25.48,15.3,3.17,0.0
20231022:0702,378.4,477.37,37.79,17.54,3.72,0.0
20231022:0802,465.84,585.49,49.54,19.6,3.72,0.0
20231022:0902,524.89,664.89,59.8,21.35,3.45,0.0
20231022:1002,546.12,701.84,66.36,23.08,2.83,0.0
20231022:1102,537.57,699.57,65.88,24.32,2.21,0.0
20231022:1202,502.54,660.96,58.68,25.21,1.59,0.0
20231022:1302,436.55,578.49,48.15,25.64,1.17,0.0
20231022:1402,346.17,465.45,36.3,25.76,0.9,0.0
20231022:1502,237.44,333.05,23.95,25.33,1.1,0.0
20231022:1602,104.87,168.12,11.51,24.18,1.72,0.0
20231022:1702,0.0,0.0,0.0,22.11,1.52,0.0
20231022:1802,0.0,0.0,0.0,20.02,1.59,0.0
20231022:1902,0.0,0.0,0.0,18.36,1.52,0.0
20231022:2002,0.0,0.0,0.0,17.03,1.45,0.0
20231022:2102,0.0,0.0,0.0,15.91,1.45,0.0
20231022:2202,0.0,0.0,0.0,15.27,1.45,0.0
20231022:2302,0.0,0.0,0.0,14.54,1.52,0.0
20231023:0002,0.0,0.0,0.0,14.15,1.45,0.0
20231023:0102,0.0,0.0,0.0,14.76,1.31,0.0
20231023:0202,0.0,0.0,0.0,15.93,1.17,0.0
20231023:0302,0.0,0.0,0.0,16.59,1.1,0.0
20231023:0402,0.0,0.0,0.0,16.65,1.1,0.0
20231023:0502,130.36,195.24,13.24,16.52,1.1,0.0
20231023:0602,262.79,352.72,25.69,19.21,1.38,0.0
20231023:0702,375.19,482.2,38.01,20.01,2.41,0.0
20231023:0802,465.02,590.08,49.79,20.82,3.1,0.0
20231023:0902,528.34,667.74,60.1,21.49,3.79,0.0
20231023:1002,557.39,703.95,66.71,21.92,4.21,0.0
20231023:1102,556.31,701.68,66.2,21.95,4.41,0.0
20231023:1202,525.42,660.72,58.93,21.4,4.48,0.0
20231023:1302,461.55,579.62,48.35,20.15,4.34,0.0
20231023:1402,356.51,451.47,36.47,18.57,3.93,0.0
20231023:1502,248.91,330.82,24.12,17.6,3.24,0.0
20231023:1602,109.98,167.31,11.68,16.54,2.9,0.0
20231023:1702,0.0,0.0,0.0,15.42,2.41,0.0
20231023:1802,0.0,0.0,0.0,14.61,1.86,0.0
20231023:1902,0.0,0.0,0.0,13.99,1.38,0.0
20231023:2002,0.0,0.0,0.0,13.36,1.1,0.0
20231023:2102,0.0,0.0,0.0,12.92,0.97,0.0
20231023:2202,0.0,0.0,0.0,12.88,0.97,0.0
20231023:2302,0.0,0.0,0.0,12.79,1.1,0.0
20231024:0002,0.0,0.0,0.0,13.26,1.38,0.0
20231024:0102,0.0,0.0,0.0,13.62,1.45,0.0
20231024:0202,0.0,0.0,0.0,13.68,1.52,0.0
20231024:0302,0.0,0.0,0.0,13.72,1.52,0.0
20231024:0402,0.0,0.0,0.0,13.71,1.52,0.0
20231024:0502,58.85,87.31,13.45,13.74,1.59,0.0
20231024:0602,141.96,185.5,25.9,14.28,1.59,0.0
20231024:0702,269.91,339.12,38.23,15.73,1.93,0.0
20231024:0802,160.89,208.88,50.03,16.82,2.41,0.0
20231024:0902,346.08,433.62,60.39,17.39,2.48,0.0
20231024:1002,94.45,131.02,67.05,18.27,2.34,0.0
20231024:1102,83.17,117.73,66.53,18.73,2.21,0.0
20231024:1202,467.74,594.15,59.19,19.4,2.14,0.0
20231024:1302,425.84,538.61,48.55,19.22,2.48,0.0
20231024:1402,369.11,472.05,36.65,18.98,2.62,0.0
20231024:1502,255.53,340.64,24.28,18.16,2.69,0.0
20231024:1602,119.01,180.98,11.84,16.97,2.69,0.0
20231024:1702,0.0,0.0,0.0,15.65,2.28,0.0
20231024:1802,0.0,0.0,0.0,14.54,1.93,0.0
20231024:1902,0.0,0.0,0.0,14.38,1.93,0.0
20231024:2002,0.0,0.0,0.0,13.66,1.86,0.0
20231024:2102,0.0,0.0,0.0,12.97,1.79,0.0
20231024:2202,0.0,0.0,0.0,12.42,1.72,0.0
20231024:2302,0.0,0.0,0.0,11.82,1.72,0.0
20231025:0002,0.0,0.0,0.0,11.28,1.66,0.0
20231025:0102,0.0,0.0,0.0,10.82,1.66,0.0
20231025:0202,0.0,0.0,0.0,10.54,1.59,0.0
20231025:0302,0.0,0.0,0.0,10.67,1.59,0.0
20231025:0402,0.0,0.0,0.0,10.26,1.59,0.0
20231025:0502,146.28,210.58,13.66,11.83,1.45,0.0
20231025:0602,281.18,366.3,26.1,14.99,1.93,0.0
20231025:0702,392.94,498.56,38.44,17.26,2.07,0.0
20231025:0802,476.35,607.84,50.27,19.32,1.66,0.0
20231025:0902,527.34,686.28,60.68,21.19,0.97,0.0
20231025:1002,543.21,721.76,67.4,22.68,0.34,0.0
20231025:1102,546.12,722.0,66.85,23.67,0.9,0.0
20231025:1202,520.46,681.05,59.44,24.07,1.59,0.0
20231025:1302,460.17,598.45,48.75,23.95,2.07,0.0
20231025:1402,372.51,487.4,36.82,23.38,2.34,0.0
20231025:1502,257.4,349.63,24.45,22.44,2.41,0.0
20231025:1602,119.62,184.06,12.01,21.05,2.14,0.0
20231025:1702,0.0,0.0,0.0,19.42,1.59,0.0
20231025:1802,0.0,0.0,0.0,18.13,1.52,0.0
20231025:1902,0.0,0.0,0.0,16.38,1.79,0.0
20231025:2002,0.0,0.0,0.0,15.44,1.72,0.0
20231025:2102,0.0,0.0,0.0,14.6,1.66,0.0
20231025:2202,0.0,0.0,0.0,13.88,1.52,0.0
20231025:2302,0.0,0.0,0.0,13.09,1.52,0.0
20231026:0002,0.0,0.0,0.0,12.4,1.38,0.0
20231026:0102,0.0,0.0,0.0,12.17,1.24,0.0
20231026:0202,0.0,0.0,0.0,11.97,1.24,0.0
20231026:0302,0.0,0.0,0.0,12.27,1.1,0.0
20231026:0402,0.0,0.0,0.0,13.08,1.03,0.0
20231026:0502,111.65,158.1,13.86,14.0,0.83,0.0
20231026:0602,268.96,354.89,26.3,17.5,0.69,0.0
20231026:0702,384.38,497.56,38.65,19.49,0.9,0.0
20231026:0802,471.83,607.85,50.5,20.86,1.45,0.0
20231026:0902,534.9,690.17,60.96,21.87,1.86,0.0
20231026:1002,562.77,726.24,67.73,22.53,2.28,0.0
20231026:1102,565.2,728.01,67.17,22.8,2.55,0.0
20231026:1202,535.16,687.06,59.68,22.54,2.62,0.0
20231026:1302,471.3,604.35,48.95,22.05,2.55,0.0
20231026:1402,378.3,489.31,37.0,21.43,2.41,0.0
20231026:1502,264.33,354.43,24.61,20.38,2.41,0.0
20231026:1602,126.81,190.92,12.18,18.63,2.55,0.0
20231026:1702,0.0,0.0,0.0,16.46,2.21,0.0
20231026:1802,0.0,0.0,0.0,14.72,1.79,0.0
20231026:1902,0.0,0.0,0.0,14.1,1.31,0.0
20231026:2002,0.0,0.0,0.0,13.21,0.97,0.0
20231026:2102,0.0,0.0,0.0,12.69,0.9,0.0
20231026:2202,0.0,0.0,0.0,12.42,0.97,0.0
20231026:2302,0.0,0.0,0.0,12.42,1.1,0.0
20231027:0002,0.0,0.0,0.0,12.58,1.24,0.0
20231027:0102,0.0,0.0,0.0,13.17,1.31,0.0
20231027:0202,0.0,0.0,0.0,13.63,1.24,0.0
20231027:0302,0.0,0.0,0.0,13.98,1.17,0.0
20231027:0402,0.0,0.91,1.8,14.22,1.17,0.0
20231027:0502,28.05,48.42,14.05,14.45,1.1,0.0
20231027:0602,41.51,65.51,26.49,14.72,1.59,0.0
20231027:0702,164.56,212.27,38.85,15.15,1.52,0.0
20231027:0802,85.19,118.68,50.73,15.66,1.93,0.0
20231027:0902,187.57,239.26,61.23,16.01,2.97,0.0
20231027:1002,244.22,306.39,68.07,16.26,3.38,0.0
20231027:1102,136.74,179.44,67.49,16.15,3.31,0.0
20231027:1202,527.11,651.21,59.93,16.12,3.45,0.0
20231027:1302,477.46,589.98,49.15,16.15,3.52,0.0
20231027:1402,381.02,475.4,37.17,15.94,3.59,0.0
20231027:1502,267.44,347.14,24.78,15.48,3.59,0.0
20231027:1602,130.72,192.0,12.35,14.91,3.45,0.0
20231027:1702,0.0,0.0,0.0,14.07,3.17,0.0
20231027:1802,0.0,0.0,0.0,13.52,3.17,0.0
20231027:1902,0.0,0.0,0.0,13.37,2.97,0.0
20231027:2002,0.0,0.0,0.0,13.09,2.83,0.0
20231027:2102,0.0,0.0,0.0,12.74,2.62,0.0
20231027:2202,0.0,0.0,0.0,12.42,2.55,0.0
20231027:2302,0.0,0.0,0.0,12.33,2.41,0.0
20231028:0002,0.0,0.0,0.0,12.22,2.34,0.0
20231028:0102,0.0,0.0,0.0,11.97,2.41,0.0
20231028:0202,0.0,0.0,0.0,11.21,2.34,0.0
20231028:0302,0.0,0.0,0.0,10.81,2.55,0.0
20231028:0402,0.0,1.82,2.0,10.47,2.62,0.0
20231028:0502,93.46,129.67,14.24,11.48,2.76,0.0
20231028:0602,156.44,199.86,26.68,12.68,4.14,0.0
20231028:0702,371.83,455.24,39.05,13.94,4.48,0.0
20231028:0802,390.06,476.19,50.95,14.63,4.69,0.0
20231028:0902,393.65,483.71,61.5,15.94,4.69,0.0
20231028:1002,535.39,659.33,68.4,16.63,4.83,0.0
20231028:1102,526.28,649.19,67.81,17.13,4.97,0.0
20231028:1202,557.73,685.71,60.17,17.43,5.17,0.0
20231028:1302,496.07,610.32,49.34,17.28,5.24,0.0
20231028:1402,404.21,501.59,37.34,16.51,5.31,0.0
20231028:1502,284.64,367.42,24.94,15.82,5.1,0.0
20231028:1602,141.36,205.19,12.52,14.88,4.76,0.0
20231028:1702,0.0,0.0,0.0,13.65,4.21,0.0
20231028:1802,0.0,0.0,0.0,12.78,4.14,0.0
20231028:1902,0.0,0.0,0.0,12.1,4.41,0.0
20231028:2002,0.0,0.0,0.0,11.56,4.34,0.0
20231028:2102,0.0,0.0,0.0,11.1,4.28,0.0
20231028:2202,0.0,0.0,0.0,10.84,4.28,0.0
20231028:2302,0.0,0.0,0.0,10.48,4.21,0.0
20231029:0002,0.0,0.0,0.0,10.25,4.14,0.0
20231029:0102,0.0,0.0,0.0,9.67,4.0,0.0
20231029:0202,0.0,0.0,0.0,9.44,3.86,0.0
20231029:0302,0.0,0.0,0.0,9.19,4.0,0.0
20231029:0402,0.0,5.46,2.19,9.09,3.93,0.0
20231029:0502,175.47,242.02,14.43,9.94,3.31,0.0
20231029:0602,316.26,396.48,26.86,11.68,4.48,0.0
20231029:0702,434.03,529.54,39.24,13.23,4.76,0.0
20231029:0802,526.85,642.13,51.16,15.02,4.83,0.0
20231029:0902,585.91,720.06,61.76,16.65,4.62,0.0
20231029:1002,611.43,758.09,68.72,18.12,4.48,0.0
20231029:1102,606.83,755.21,68.12,19.31,4.76,0.0
20231029:1202,577.2,719.83,60.42,20.05,4.9,0.0
20231029:1302,507.09,634.5,49.54,20.34,4.83,0.0
20231029:1402,408.72,516.97,37.51,20.23,4.83,0.0
20231029:1502,288.35,378.2,25.11,19.45,4.62,0.0
20231029:1602,148.6,217.55,12.69,17.76,4.0,0.0
20231029:1702,0.0,0.0,0.0,15.47,4.48,0.0
20231029:1802,0.0,0.0,0.0,13.68,4.48,0.0
20231029:1902,0.0,0.0,0.0,12.63,4.55,0.0
20231029:2002,0.0,0.0,0.0,11.84,4.55,0.0
20231029:2102,0.0,0.0,0.0,11.33,4.48,0.0
20231029:2202,0.0,0.0,0.0,10.95,4.28,0.0
20231029:2302,0.0,0.0,0.0,10.58,3.86,0.0
20231030:0002,0.0,0.0,0.0,10.18,3.38,0.0
20231030:0102,0.0,0.0,0.0,9.8,2.9,0.0
20231030:0202,0.0,0.0,0.0,9.24,2.48,0.0
20231030:0302,0.0,0.0,0.0,8.58,2.34,0.0
20231030:0402,0.29,6.38,2.38,8.01,2.28,0.0
20231030:0502,180.59,247.55,14.61,9.37,2.07,0.0
20231030:0602,321.22,405.31,27.04,12.45,3.24,0.0
20231030:0702,437.01,541.24,39.42,15.3,3.66,0.0
20231030:0802,524.57,650.23,51.37,17.39,3.93,0.0
20231030:0902,582.36,727.19,62.02,19.11,4.07,0.0
20231030:1002,609.38,766.22,69.05,20.5,4.21,0.0
20231030:1102,604.64,763.19,68.43,21.64,4.41,0.0
20231030:1202,573.26,724.49,60.66,22.4,4.62,0.0
20231030:1302,506.32,641.84,49.73,22.73,4.55,0.0
20231030:1402,409.21,524.27,37.69,22.6,4.34,0.0
20231030:1502,290.56,385.7,25.28,21.95,3.86,0.0
20231030:1602,152.33,224.68,12.86,20.51,3.45,0.0
20231030:1702,0.0,0.0,0.0,18.42,3.59,0.0
20231030:1802,0.0,0.0,0.0,16.43,3.79,0.0
20231030:1902,0.0,0.0,0.0,14.8,4.34,0.0
20231030:2002,0.0,0.0,0.0,13.88,4.34,0.0
20231030:2102,0.0,0.0,0.0,13.26,4.28,0.0
20231030:2202,0.0,0.0,0.0,12.72,3.86,0.0
20231030:2302,0.0,0.0,0.0,12.21,3.45,0.0
20231031:0002,0.0,0.0,0.0,11.69,3.03,0.0
20231031:0102,0.0,0.0,0.0,11.18,2.83,0.0
20231031:0202,0.0,0.0,0.0,10.56,2.62,0.0
20231031:0302,0.0,0.0,0.0,9.97,2.55,0.0
20231031:0402,1.05,8.2,2.57,9.59,2.55,0.0
20231031:0502,179.17,246.24,14.78,11.27,2.55,0.0
20231031:0602,314.62,401.58,27.21,14.95,2.9,0.0
20231031:0702,426.78,540.9,39.6,18.76,2.55,0.0
20231031:0802,507.88,648.79,51.57,21.75,2.69,0.0
20231031:0902,555.68,725.83,62.27,24.03,1.86,0.0
20231031:1002,573.79,763.99,69.36,25.55,1.24,0.0
20231031:1102,569.51,760.95,68.74,26.52,1.31,0.0
20231031:1202,544.69,722.84,60.89,27.05,1.79,0.0
20231031:1302,482.84,635.84,49.92,27.07,2.28,0.0
20231031:1402,395.54,521.33,37.86,26.57,2.69,0.0
20231031:1502,277.78,374.72,25.44,25.33,3.1,0.0
20231031:1602,137.07,202.82,13.03,23.33,3.31,0.0
20231031:1702,0.0,0.0,0.0,21.09,3.17,0.0
20231031:1802,0.0,0.0,0.0,19.12,3.17,0.0
20231031:1902,0.0,0.0,0.0,17.69,3.38,0.0
20231031:2002,0.0,0.0,0.0,16.53,3.24,0.0
20231031:2102,0.0,0.0,0.0,15.5,3.03,0.0
20231031:2202,0.0,0.0,0.0,14.64,2.97,0.0
20231031:2302,0.0,0.0,0.0,13.98,2.97,0.0
20231101:0002,0.0,0.0,0.0,13.44,2.83,0.0
20231101:0102,0.0,0.0,0.0,13.1,2.83,0.0
20231101:0202,0.0,0.0,0.0,12.83,2.76,0.0
20231101:0302,0.0,0.0,0.0,12.53,2.69,0.0
20231101:0402,0.0,2.73,2.75,12.39,2.69,0.0
20231101:0502,158.16,217.46,14.95,13.76,2.62,0.0
20231101:0602,213.87,273.18,27.38,16.23,2.62,0.0
20231101:0702,301.63,384.73,39.78,20.44,2.41,0.0
20231101:0802,485.98,627.85,51.77,23.21,2.14,0.0
20231101:0902,537.1,703.81,62.52,25.46,2.07,0.0
20231101:1002,460.14,611.89,69.67,27.01,1.52,0.0
20231101:1102,474.38,643.56,69.04,28.23,0.62,0.0
20231101:1202,522.29,711.6,61.13,28.58,0.48,0.0
20231101:1302,376.88,504.88,50.12,29.1,1.24,0.0
20231101:1402,343.7,459.84,38.03,28.95,1.72,0.0
20231101:1502,227.25,309.29,25.61,27.94,2.07,0.0
20231101:1602,71.88,109.74,13.2,26.02,2.48,0.0
20231101:1702,0.0,0.0,0.0,23.82,2.76,0.0
20231101:1802,0.0,0.0,0.0,21.86,2.9,0.0
20231101:1902,0.0,0.0,0.0,20.33,3.03,0.0
20231101:2002,0.0,0.0,0.0,19.06,2.97,0.0
20231101:2102,0.0,0.0,0.0,18.16,2.97,0.0
20231101:2202,0.0,0.0,0.0,17.36,3.03,0.0
20231101:2302,0.0,0.0,0.0,16.76,2.9,0.0
20231102:0002,0.0,0.0,0.0,16.07,2.83,0.0
20231102:0102,0.0,0.0,0.0,15.73,2.9,0.0
20231102:0202,0.0,0.0,0.0,15.66,2.9,0.0
20231102:0302,0.0,0.0,0.0,15.56,2.83,0.0
20231102:0402,0.0,1.82,2.93,15.5,2.83,0.0
20231102:0502,105.82,147.3,15.12,16.03,2.76,0.0
20231102:0602,301.15,388.78,27.54,18.27,2.83,0.0
20231102:0702,377.53,483.02,39.94,21.88,2.83,0.0
20231102:0802,476.92,619.12,51.96,24.99,2.48,0.0
20231102:0902,538.75,709.68,62.75,27.88,2.62,0.0
20231102:1002,550.77,738.24,69.98,30.11,2.28,0.0
20231102:1102,414.08,559.55,69.34,31.7,2.0,0.0
20231102:1202,449.65,612.83,61.36,32.59,1.66,0.0
20231102:1302,302.34,409.9,50.31,32.59,1.86,0.0
20231102:1402,247.42,335.43,38.2,31.61,2.07,0.0
20231102:1502,155.49,215.74,25.78,29.45,1.86,0.0
20231102:1602,66.89,103.63,13.38,27.65,1.24,0.0
20231102:1702,0.0,0.0,0.0,26.07,0.9,0.0
20231102:1802,0.0,0.0,0.0,24.5,1.1,0.0
20231102:1902,0.0,0.0,0.0,23.12,1.52,0.0
20231102:2002,0.0,0.0,0.0,22.12,1.52,0.0
20231102:2102,0.0,0.0,0.0,21.86,1.17,0.0
20231102:2202,0.0,0.0,0.0,21.24,1.1,0.0
20231102:2302,0.0,0.0,0.0,19.75,1.59,0.0
20231103:0002,0.0,0.0,0.0,19.22,1.93,0.0
20231103:0102,0.0,0.0,0.0,18.61,2.21,0.0
20231103:0202,0.0,0.0,0.0,17.99,2.9,0.0
20231103:0302,0.0,0.0,0.0,17.0,3.17,0.0
20231103:0402,0.0,2.73,3.1,16.34,3.03,0.0
20231103:0502,21.37,39.88,15.28,16.32,3.17,0.0
20231103:0602,26.31,46.52,27.7,16.9,4.14,0.0
20231103:0702,277.3,347.24,40.1,17.56,4.0,0.0
20231103:0802,98.58,135.77,52.14,18.46,3.86,0.0
20231103:0902,471.63,591.46,62.99,19.02,3.45,0.0
20231103:1002,433.19,543.78,70.28,19.86,4.07,0.0
20231103:1102,516.38,648.27,69.64,20.45,4.55,0.0
20231103:1202,419.66,527.37,61.59,21.11,4.9,0.0
20231103:1302,442.04,554.59,50.5,21.42,5.17,0.0
20231103:1402,205.66,265.58,38.37,21.2,4.76,0.0
20231103:1502,133.82,179.23,25.95,20.23,4.28,0.0
20231103:1602,160.79,230.79,13.55,18.96,3.72,0.0
20231103:1702,0.0,0.0,0.0,17.48,2.69,0.0
20231103:1802,0.0,0.0,0.0,16.09,2.34,0.0
20231103:1902,0.0,0.0,0.0,15.35,1.79,0.0
20231103:2002,0.0,0.0,0.0,14.81,1.79,0.0
20231103:2102,0.0,0.0,0.0,14.35,1.52,0.0
20231103:2202,0.0,0.0,0.0,14.4,1.79,0.0
20231103:2302,0.0,0.0,0.0,14.05,1.31,0.0
20231104:0002,0.0,0.0,0.0,13.86,1.38,0.0
20231104:0102,0.0,0.0,0.0,13.75,0.97,0.0
20231104:0202,0.0,0.0,0.0,13.63,0.97,0.0
20231104:0302,0.0,0.0,0.0,13.59,0.9,0.0
20231104:0402,0.0,3.64,3.27,13.77,1.1,0.0
20231104:0502,58.99,86.93,15.43,13.96,1.38,0.0
20231104:0602,290.94,369.26,27.85,14.93,1.79,0.0
20231104:0702,347.68,435.75,40.26,16.81,2.07,0.0
20231104:0802,329.62,414.3,52.32,18.08,2.48,0.0
20231104:0902,476.61,601.03,63.21,18.92,2.69,0.0
20231104:1002,507.71,642.92,70.58,19.69,2.9,0.0
20231104:1102,585.22,740.4,69.93,19.92,3.03,0.0
20231104:1202,570.12,720.3,61.82,20.21,3.03,0.0
20231104:1302,508.24,641.19,50.68,20.26,3.1,0.0
20231104:1402,418.87,529.83,38.55,19.58,3.17,0.0
20231104:1502,286.59,370.52,26.11,18.75,3.24,0.0
20231104:1602,148.25,209.13,13.72,17.69,3.1,0.0
20231104:1702,0.0,0.95,1.61,16.65,2.55,0.0
20231104:1802,0.0,0.0,0.0,15.75,2.21,0.0
20231104:1902,0.0,0.0,0.0,15.5,2.41,0.0
20231104:2002,0.0,0.0,0.0,14.96,2.28,0.0
20231104:2102,0.0,0.0,0.0,14.48,2.14,0.0
20231104:2202,0.0,0.0,0.0,14.18,2.0,0.0
20231104:2302,0.0,0.0,0.0,13.63,1.86,0.0
20231105:0002,0.0,0.0,0.0,13.29,1.79,0.0
20231105:0102,0.0,0.0,0.0,12.91,1.79,0.0
20231105:0202,0.0,0.0,0.0,12.39,1.79,0.0
20231105:0302,0.0,0.0,0.0,12.0,1.79,0.0
20231105:0402,4.37,14.57,3.43,11.73,1.79,0.0
20231105:0502,194.06,264.6,15.58,13.54,1.66,0.0
20231105:0602,329.65,421.78,27.99,16.54,2.34,0.0
20231105:0702,435.26,553.46,40.41,19.1,1.93,0.0
20231105:0802,509.92,656.49,52.49,21.09,1.52,0.0
20231105:0902,560.3,736.47,63.43,22.77,0.97,0.0
20231105:1002,580.52,771.81,70.87,24.11,0.9,0.0
20231105:1102,580.17,771.36,70.22,25.11,1.17,0.0
20231105:1202,543.7,716.95,62.05,25.41,1.59,0.0
20231105:1302,483.46,631.7,50.87,25.26,2.0,0.0
20231105:1402,352.81,458.23,38.72,24.28,2.28,0.0
20231105:1502,292.63,386.77,26.28,22.65,2.48,0.0
20231105:1602,171.28,245.97,13.9,20.99,2.48,0.0
20231105:1702,0.0,3.8,1.8,19.35,2.14,0.0
20231105:1802,0.0,0.0,0.0,17.92,1.79,0.0
20231105:1902,0.0,0.0,0.0,16.9,1.59,0.0
20231105:2002,0.0,0.0,0.0,15.94,1.31,0.0
20231105:2102,0.0,0.0,0.0,15.45,1.1,0.0
20231105:2202,0.0,0.0,0.0,14.93,0.97,0.0
20231105:2302,0.0,0.0,0.0,14.97,0.69,0.0
20231106:0002,0.0,0.0,0.0,14.97,0.55,0.0
20231106:0102,0.0,0.0,0.0,14.46,0.21,0.0
20231106:0202,0.0,0.0,0.0,14.02,0.28,0.0
20231106:0302,0.0,0.0,0.0,13.72,0.48,0.0
20231106:0402,0.62,7.29,3.59,13.4,0.69,0.0
20231106:0502,90.68,125.71,15.73,13.22,1.1,0.0
20231106:0602,134.85,177.39,28.13,15.34,1.66,0.0
20231106:0702,234.16,297.65,40.55,17.12,1.59,0.0
20231106:0802,158.8,207.93,52.65,18.44,2.34,0.0
20231106:0902,217.16,278.19,63.64,18.97,2.76,0.0
20231106:1002,357.59,451.11,71.16,19.36,2.9,0.0
20231106:1102,272.53,346.51,70.51,19.9,3.03,0.0
20231106:1202,362.74,457.2,62.28,19.8,3.31,0.0
20231106:1302,370.52,465.41,51.06,19.64,3.59,0.0
20231106:1402,360.03,451.99,38.89,18.86,3.45,0.0
20231106:1502,160.37,209.8,26.45,18.23,3.17,0.0
20231106:1602,169.69,237.78,14.07,17.45,3.1,0.0
20231106:1702,0.0,5.7,1.98,16.19,2.48,0.0
20231106:1802,0.0,0.0,0.0,15.05,2.0,0.0
20231106:1902,0.0,0.0,0.0,14.39,2.0,0.0
20231106:2002,0.0,0.0,0.0,13.93,1.93,0.0
20231106:2102,0.0,0.0,0.0,13.54,2.0,0.0
20231106:2202,0.0,0.0,0.0,13.48,2.07,0.0
20231106:2302,0.0,0.0,0.0,13.64,2.28,0.0
20231107:0002,0.0,0.0,0.0,13.62,2.28,0.0
20231107:0102,0.0,0.0,0.0,13.32,1.86,0.0
20231107:0202,0.0,0.0,0.0,13.08,1.52,0.0
20231107:0302,0.0,0.0,0.0,12.9,1.1,0.0
20231107:0402,0.0,4.55,3.74,12.85,1.03,0.0
20231107:0502,145.6,196.23,15.86,13.52,0.9,0.0
20231107:0602,137.72,180.27,28.26,14.7,1.66,0.0
20231107:0702,258.12,323.52,40.69,15.59,2.14,0.0
20231107:0802,513.24,639.21,52.81,16.18,2.34,0.0
20231107:0902,513.76,644.18,63.84,16.91,2.34,0.0
20231107:1002,409.18,514.32,71.43,17.6,2.21,0.0
20231107:1102,508.44,643.32,70.8,18.05,2.14,0.0
20231107:1202,544.48,687.12,62.5,18.26,2.34,0.0
20231107:1302,449.64,562.54,51.24,17.81,2.69,0.0
20231107:1402,436.0,545.64,39.06,17.37,2.9,0.0
20231107:1502,325.47,416.81,26.62,16.74,2.83,0.0
20231107:1602,186.82,259.08,14.24,15.97,2.83,0.0
20231107:1702,0.0,5.7,2.17,14.99,2.62,0.0
20231107:1802,0.0,0.0,0.0,13.96,2.41,0.0
20231107:1902,0.0,0.0,0.0,13.24,2.14,0.0
20231107:2002,0.0,0.0,0.0,12.6,2.0,0.0
20231107:2102,0.0,0.0,0.0,12.05,1.86,0.0
20231107:2202,0.0,0.0,0.0,11.33,1.72,0.0
20231107:2302,0.0,0.0,0.0,10.84,1.52,0.0
20231108:0002,0.0,0.0,0.0,10.36,1.38,0.0
20231108:0102,0.0,0.0,0.0,9.73,1.38,0.0
20231108:0202,0.0,0.0,0.0,9.43,1.38,0.0
20231108:0302,0.0,0.0,0.0,9.19,1.45,0.0
20231108:0402,6.12,17.31,3.89,9.0,1.45,0.0
20231108:0502,206.78,276.07,16.0,11.24,1.31,0.0
20231108:0602,344.08,434.85,28.39,14.18,1.86,0.0
20231108:0702,451.08,564.78,40.82,16.06,1.86,0.0
20231108:0802,537.02,678.37,52.96,17.48,1.66,0.0
20231108:0902,592.71,753.8,64.04,18.76,1.93,0.0
20231108:1002,616.61,788.01,71.71,19.77,2.14,0.0
20231108:1102,615.98,785.86,71.08,20.47,2.55,0.0
20231108:1202,593.26,752.53,62.72,20.78,3.03,0.0
20231108:1302,529.19,666.46,51.43,20.63,3.52,0.0
20231108:1402,440.59,554.14,39.23,19.88,3.93,0.0
20231108:1502,328.48,421.38,26.78,18.7,4.07,0.0
20231108:1602,189.13,261.88,14.42,17.37,3.86,0.0
20231108:1702,0.72,7.6,2.36,16.09,3.31,0.0
20231108:1802,0.0,0.0,0.0,14.99,3.03,0.0
20231108:1902,0.0,0.0,0.0,14.48,2.97,0.0
20231108:2002,0.0,0.0,0.0,14.0,2.62,0.0
20231108:2102,0.0,0.0,0.0,13.49,2.34,0.0
20231108:2202,0.0,0.0,0.0,12.87,2.21,0.0
20231108:2302,0.0,0.0,0.0,12.18,2.0,0.0
20231109:0002,0.0,0.0,0.0,11.61,1.93,0.0
20231109:0102,0.0,0.0,0.0,11.08,1.93,0.0
20231109:0202,0.0,0.0,0.0,10.67,1.93,0.0
20231109:0302,0.0,0.0,0.0,10.3,1.93,0.0
20231109:0402,6.65,18.22,4.03,10.05,1.86,0.0
20231109:0502,208.3,278.08,16.13,12.37,1.66,0.0
20231109:0602,344.49,437.96,28.51,15.73,1.86,0.0
20231109:0702,448.63,567.12,40.95,18.51,2.07,0.0
20231109:0802,531.18,680.12,53.1,20.92,1.93,0.0
20231109:0902,583.46,758.73,64.22,23.01,1.86,0.0
20231109:1002,602.7,792.92,71.98,24.79,1.86,0.0
20231109:1102,598.39,790.62,71.36,26.06,2.0,0.0
20231109:1202,574.42,757.33,62.94,26.86,2.28,0.0
20231109:1302,513.67,674.41,51.61,27.18,2.48,0.0
20231109:1402,426.71,559.58,39.4,26.91,2.76,0.0
20231109:1502,320.89,428.51,26.95,26.02,2.83,0.0
20231109:1602,185.79,266.28,14.59,24.58,2.62,0.0
20231109:1702,1.49,9.49,2.54,22.76,2.21,0.0
20231109:1802,0.0,0.0,0.0,21.0,2.14,0.0
20231109:1902,0.0,0.0,0.0,19.06,2.21,0.0
20231109:2002,0.0,0.0,0.0,17.8,2.14,0.0
20231109:2102,0.0,0.0,0.0,16.62,2.07,0.0
20231109:2202,0.0,0.0,0.0,15.63,2.07,0.0
20231109:2302,0.0,0.0,0.0,14.83,2.14,0.0
20231110:0002,0.0,0.0,0.0,14.24,2.14,0.0
20231110:0102,0.0,0.0,0.0,13.94,2.14,0.0
20231110:0202,0.0,0.0,0.0,13.78,2.07,0.0
20231110:0302,0.0,0.0,0.0,13.64,2.07,0.0
20231110:0402,7.09,19.13,4.16,13.58,2.0,0.0
20231110:0502,211.35,287.0,16.25,16.23,1.45,0.0
20231110:0602,335.18,443.37,28.63,22.43,0.9,0.0
20231110:0702,434.76,573.56,41.06,24.99,1.03,0.0
20231110:0802,515.47,684.32,53.24,26.19,1.17,0.0
20231110:0902,565.35,762.17,64.41,27.89,1.1,0.0
20231110:1002,595.33,800.61,72.24,29.03,1.86,0.0
20231110:1102,593.94,786.25,71.63,28.42,2.83,0.0
20231110:1202,578.87,755.02,63.16,26.82,3.24,0.0
20231110:1302,524.84,676.09,51.79,25.25,3.52,0.0
20231110:1402,437.41,561.34,39.56,23.74,3.52,0.0
20231110:1502,328.52,428.53,27.12,22.28,3.45,0.0
20231110:1602,191.57,267.51,14.76,20.69,3.24,0.0
20231110:1702,4.23,15.69,2.73,18.86,2.76,0.0
20231110:1802,0.0,0.0,0.0,17.41,2.69,0.0
20231110:1902,0.0,0.0,0.0,16.58,2.62,0.0
20231110:2002,0.0,0.0,0.0,16.01,2.48,0.0
20231110:2102,0.0,0.0,0.0,15.59,2.28,0.0
20231110:2202,0.0,0.0,0.0,15.09,2.0,0.0
20231110:2302,0.0,0.0,0.0,14.74,1.79,0.0
20231111:0002,0.0,0.0,0.0,14.48,1.66,0.0
20231111:0102,0.0,0.0,0.0,14.24,1.52,0.0
20231111:0202,0.0,0.0,0.0,13.71,1.24,0.0
20231111:0302,0.0,0.0,0.0,13.48,1.03,0.0
20231111:0402,9.44,22.77,4.29,13.65,0.97,0.0
20231111:0502,41.45,65.51,16.36,14.78,0.76,0.0
20231111:0602,183.61,237.45,28.74,17.26,1.59,0.0
20231111:0702,289.46,364.41,41.18,17.7,2.34,0.0
20231111:0802,427.35,537.62,53.37,18.41,2.34,0.0
20231111:0902,473.65,597.14,64.58,19.17,2.9,0.0
20231111:1002,450.93,568.73,72.49,19.77,3.31,0.0
20231111:1102,455.85,574.96,71.9,20.06,3.52,0.0
20231111:1202,415.17,522.87,63.37,20.19,3.66,0.0
20231111:1302,430.88,540.64,51.97,20.04,3.86,0.0
20231111:1402,450.3,563.96,39.73,19.51,4.07,0.0
20231111:1502,339.62,433.06,27.29,18.65,4.21,0.0
20231111:1602,197.89,270.17,14.94,17.25,3.72,0.0
20231111:1702,2.52,11.39,2.92,16.16,2.9,0.0
20231111:1802,0.0,0.0,0.0,15.29,2.14,0.0
20231111:1902,0.0,0.0,0.0,15.14,1.79,0.0
20231111:2002,0.0,0.0,0.0,14.61,1.59,0.0
20231111:2102,0.0,0.0,0.0,13.97,1.45,0.0
20231111:2202,0.0,0.0,0.0,13.25,1.38,0.0
20231111:2302,0.0,0.0,0.0,13.23,1.24,0.0
20231112:0002,0.0,0.0,0.0,13.32,1.24,0.0
20231112:0102,0.0,0.0,0.0,13.06,1.38,0.0
20231112:0202,0.0,0.0,0.0,12.69,1.45,0.0
20231112:0302,0.0,0.0,0.0,12.26,1.45,0.0
20231112:0402,8.32,20.95,4.42,12.2,1.45,0.0
20231112:0502,219.07,291.57,16.48,14.04,1.66,0.0
20231112:0602,361.5,456.59,28.84,15.44,2.14,0.0
20231112:0702,470.98,589.35,41.28,16.85,2.28,0.0
20231112:0802,555.93,698.39,53.49,18.05,2.48,0.0
20231112:0902,606.62,766.18,64.75,18.96,2.76,0.0
20231112:1002,642.59,815.37,72.74,19.67,2.9,0.0
20231112:1102,641.87,813.01,72.17,20.09,3.24,0.0
20231112:1202,614.63,776.95,63.58,20.57,3.45,0.0
20231112:1302,550.72,693.6,52.15,20.64,3.59,0.0
20231112:1402,461.28,581.47,39.9,20.43,3.72,0.0
20231112:1502,346.6,444.84,27.45,19.84,3.72,0.0
20231112:1602,210.6,288.35,15.11,18.8,3.79,0.0
20231112:1702,5.84,18.23,3.1,17.34,3.45,0.0
20231112:1802,0.0,0.0,0.0,16.03,3.38,0.0
20231112:1902,0.0,0.0,0.0,15.33,3.52,0.0
20231112:2002,0.0,0.0,0.0,14.78,3.52,0.0
20231112:2102,0.0,0.0,0.0,14.41,3.52,0.0
20231112:2202,0.0,0.0,0.0,14.05,3.17,0.0
20231112:2302,0.0,0.0,0.0,13.63,2.97,0.0
20231113:0002,0.0,0.0,0.0,13.47,2.9,0.0
20231113:0102,0.0,0.0,0.0,12.91,2.97,0.0
20231113:0202,0.0,0.0,0.0,12.69,3.1,0.0
20231113:0302,0.0,0.0,0.0,12.46,3.38,0.0
20231113:0402,8.32,20.95,4.54,12.37,3.52,0.0
20231113:0502,226.31,297.6,16.58,13.72,3.59,0.0
20231113:0602,372.42,464.8,28.94,15.73,4.41,0.0
20231113:0702,477.8,593.96,41.38,18.51,4.28,0.0
20231113:0802,564.53,708.29,53.6,20.66,4.14,0.0
20231113:0902,617.6,785.44,64.9,22.54,3.93,0.0
20231113:1002,636.04,817.78,72.98,24.05,3.79,0.0
20231113:1102,630.53,815.39,72.43,25.25,3.79,0.0
20231113:1202,603.78,782.52,63.79,26.04,3.72,0.0
20231113:1302,541.91,701.3,52.33,26.45,3.79,0.0
20231113:1402,453.92,588.35,40.07,26.28,3.79,0.0
20231113:1502,343.91,452.04,27.62,25.3,4.0,0.0
20231113:1602,211.76,295.23,15.28,23.5,4.0,0.0
20231113:1702,8.09,22.9,3.29,21.28,4.34,0.0
20231113:1802,0.0,0.0,0.0,19.19,4.28,0.0
20231113:1902,0.0,0.0,0.0,17.88,4.14,0.0
20231113:2002,0.0,0.0,0.0,16.6,4.14,0.0
20231113:2102,0.0,0.0,0.0,15.61,4.0,0.0
20231113:2202,0.0,0.0,0.0,14.79,3.86,0.0
20231113:2302,0.0,0.0,0.0,14.22,3.59,0.0
20231114:0002,0.0,0.0,0.0,13.7,3.24,0.0
20231114:0102,0.0,0.0,0.0,13.49,3.03,0.0
20231114:0202,0.0,0.0,0.0,13.05,2.9,0.0
20231114:0302,0.0,0.0,0.0,12.65,2.76,0.0
20231114:0402,8.92,21.86,4.65,12.28,2.55,0.0
20231114:0502,235.47,310.93,16.68,14.2,2.55,0.0
20231114:0602,367.49,467.78,29.03,18.01,2.55,0.0
20231114:0702,468.17,602.01,41.48,22.58,2.34,0.0
20231114:0802,544.06,714.57,53.71,26.13,2.14,0.0
20231114:0902,588.72,794.54,65.05,29.14,1.66,0.0
20231114:1002,598.11,830.0,73.22,31.27,0.9,0.0
20231114:1102,594.39,831.0,72.69,32.44,0.83,0.0
20231114:1202,574.59,791.48,64.0,32.8,1.52,0.0
20231114:1302,521.28,705.05,52.51,32.51,2.34,0.0
20231114:1402,434.89,581.72,40.23,31.54,2.97,0.0
20231114:1502,338.49,458.26,27.79,30.35,2.9,0.0
20231114:1602,208.5,299.31,15.46,29.02,2.34,0.0
20231114:1702,8.9,24.58,3.47,27.15,1.86,0.0
20231114:1802,0.0,0.0,0.0,25.08,1.93,0.0
20231114:1902,0.0,0.0,0.0,22.8,2.14,0.0
20231114:2002,0.0,0.0,0.0,20.88,2.21,0.0
20231114:2102,0.0,0.0,0.0,19.3,2.28,0.0
20231114:2202,0.0,0.0,0.0,18.17,2.34,0.0
20231114:2302,0.0,0.0,0.0,17.32,2.34,0.0
20231115:0002,0.0,0.0,0.0,16.73,2.34,0.0
20231115:0102,0.0,0.0,0.0,16.3,2.28,0.0
20231115:0202,0.0,0.0,0.0,16.05,2.21,0.0
20231115:0302,0.0,0.0,0.0,15.7,2.14,0.0
20231115:0402,8.75,21.86,4.76,15.51,2.0,0.0
20231115:0502,197.96,266.74,16.77,18.37,1.31,0.0
20231115:0602,329.31,442.06,29.12,26.15,0.62,0.0
20231115:0702,428.35,586.62,41.57,30.62,0.34,0.0
20231115:0802,268.67,366.62,53.82,32.27,1.03,0.0
20231115:0902,344.76,469.89,65.2,32.93,1.45,0.0
20231115:1002,576.48,800.03,73.45,32.92,1.24,0.0
20231115:1102,592.23,819.99,72.95,33.73,1.66,0.0
20231115:1202,574.32,784.48,64.21,33.64,2.34,0.0
20231115:1302,515.33,691.08,52.69,32.15,2.9,0.0
20231115:1402,114.46,162.35,40.4,29.43,3.45,0.0
20231115:1502,272.61,357.98,27.95,25.31,3.24,0.0
20231115:1602,125.18,175.14,15.63,22.7,2.41,0.0
20231115:1702,7.28,20.71,3.66,21.69,2.0,0.0
20231115:1802,0.0,0.0,0.0,20.31,1.79,0.0
20231115:1902,0.0,0.0,0.0,19.05,1.59,0.0
20231115:2002,0.0,0.0,0.0,18.96,1.31,0.0
20231115:2102,0.0,0.0,0.0,18.85,1.72,0.0
20231115:2202,0.0,0.0,0.0,18.47,1.03,0.0
20231115:2302,0.0,0.0,0.0,18.82,0.83,0.0
20231116:0002,0.0,0.0,0.0,18.27,0.76,0.0
20231116:0102,0.0,0.0,0.0,17.54,0.9,0.0
20231116:0202,0.0,0.0,0.0,16.24,1.03,0.0
20231116:0302,0.0,0.0,0.0,16.81,0.69,0.0
20231116:0402,11.16,25.5,4.86,15.53,0.97,0.0
20231116:0502,113.52,155.22,16.86,16.89,1.31,0.0
20231116:0602,219.2,282.92,29.2,18.93,1.38,0.0
20231116:0702,225.23,292.66,41.65,21.05,1.17,0.0
20231116:0802,530.35,690.59,53.91,22.99,1.45,0.0
20231116:0902,580.61,760.63,65.33,24.4,1.93,0.0
20231116:1002,580.35,757.87,73.67,25.11,2.76,0.0
20231116:1102,256.45,334.73,73.2,24.99,3.03,0.0
20231116:1202,474.89,616.8,64.41,24.64,2.55,0.0
20231116:1302,458.91,597.4,52.86,24.39,1.86,0.0
20231116:1402,444.85,581.74,40.57,24.26,1.38,0.0
20231116:1502,254.89,335.52,28.12,24.01,1.59,0.0
20231116:1602,187.11,259.0,15.8,23.08,2.0,0.0
20231116:1702,7.85,21.57,3.84,21.35,1.59,0.0
20231116:1802,0.0,0.0,0.0,19.96,1.38,0.0
20231116:1902,0.0,0.0,0.0,18.95,1.52,0.0
20231116:2002,0.0,0.0,0.0,18.19,1.45,0.0
20231116:2102,0.0,0.0,0.0,17.51,1.45,0.0
20231116:2202,0.0,0.0,0.0,17.14,1.38,0.0
20231116:2302,0.0,0.0,0.0,17.04,1.38,0.0
20231117:0002,0.0,0.0,0.0,16.91,1.24,0.0
20231117:0102,0.0,0.0,0.0,17.38,1.03,0.0
20231117:0202,0.0,0.0,0.0,17.8,1.03,0.0
20231117:0302,0.0,0.0,0.0,17.19,1.24,0.0
20231117:0402,1.82,10.02,4.96,16.67,1.24,0.0
20231117:0502,12.43,27.53,16.95,17.41,1.24,0.0
20231117:0602,164.42,215.05,29.28,18.0,1.38,0.0
20231117:0702,304.2,385.45,41.72,19.47,2.34,0.0
20231117:0802,339.16,430.14,54.0,20.56,2.83,0.0
20231117:0902,443.09,561.95,65.46,21.05,3.24,0.0
20231117:1002,405.07,515.3,73.88,22.1,3.66,0.0
20231117:1102,565.16,721.88,73.45,22.83,3.93,0.0
20231117:1202,613.04,782.54,64.61,23.37,3.86,0.0
20231117:1302,548.57,700.86,53.04,24.29,3.93,0.0
20231117:1402,462.87,592.92,40.73,24.3,3.79,0.0
20231117:1502,350.47,455.75,28.28,23.36,3.24,0.0
20231117:1602,218.53,299.18,15.97,21.74,2.9,0.0
20231117:1702,45.43,83.08,4.02,19.32,2.34,0.0
20231117:1802,0.0,0.0,0.0,17.23,1.52,0.0
20231117:1902,0.0,0.0,0.0,16.13,1.17,0.0
20231117:2002,0.0,0.0,0.0,15.44,1.38,0.0
20231117:2102,0.0,0.0,0.0,14.68,1.52,0.0
20231117:2202,0.0,0.0,0.0,14.08,1.59,0.0
20231117:2302,0.0,0.0,0.0,13.76,1.59,0.0
20231118:0002,0.0,0.0,0.0,13.74,1.38,0.0
20231118:0102,0.0,0.0,0.0,13.59,1.31,0.0
20231118:0202,0.0,0.0,0.0,13.4,1.31,0.0
20231118:0302,0.0,0.0,0.0,13.37,1.38,0.0
20231118:0402,10.06,23.68,5.05,13.47,1.38,0.0
20231118:0502,115.27,155.52,17.02,15.0,2.55,0.0
20231118:0602,212.01,269.69,29.35,16.95,3.03,0.0
20231118:0702,216.25,276.27,41.79,18.91,3.45,0.0
20231118:0802,453.35,571.08,54.08,20.67,3.66,0.0
20231118:0902,606.13,771.21,65.58,22.46,3.79,0.0
20231118:1002,546.87,703.52,74.09,23.71,3.59,0.0
20231118:1102,588.7,761.5,73.69,24.66,3.52,0.0
20231118:1202,605.95,781.26,64.81,24.74,3.52,0.0
20231118:1302,540.55,694.26,53.21,24.43,3.38,0.0
20231118:1402,371.62,476.28,40.89,23.4,3.03,0.0
20231118:1502,301.24,388.82,28.45,21.68,2.55,0.0
20231118:1602,131.43,180.58,16.14,20.23,2.07,0.0
20231118:1702,34.13,64.43,4.2,19.13,1.52,0.0
20231118:1802,0.0,0.0,0.0,18.05,1.17,0.0
20231118:1902,0.0,0.0,0.0,17.3,1.17,0.0
20231118:2002,0.0,0.0,0.0,16.48,1.1,0.0
20231118:2102,0.0,0.0,0.0,15.97,0.97,0.0
20231118:2202,0.0,0.0,0.0,15.85,0.83,0.0
20231118:2302,0.0,0.0,0.0,15.49,0.9,0.0
20231119:0002,0.0,0.0,0.0,15.28,0.83,0.0
20231119:0102,0.0,0.0,0.0,15.65,0.28,0.0
20231119:0202,0.0,0.0,0.0,13.96,1.17,0.0
20231119:0302,0.0,0.0,0.0,13.31,1.45,0.0
20231119:0402,3.8,13.66,5.14,13.5,1.17,0.0
20231119:0502,85.34,119.45,17.1,15.56,1.38,0.0
20231119:0602,54.76,82.6,29.41,17.27,2.14,0.0
20231119:0702,406.02,509.56,41.86,18.87,2.76,0.0
20231119:0802,314.07,397.88,54.16,20.15,2.97,0.0
20231119:0902,494.72,626.54,65.7,21.62,3.93,0.0
20231119:1002,298.29,381.91,74.29,22.84,4.0,0.0
20231119:1102,210.54,275.34,73.93,23.71,3.66,0.0
20231119:1202,533.19,686.49,65.0,24.33,3.52,0.0
20231119:1302,515.11,662.02,53.38,24.66,3.45,0.0
20231119:1402,464.84,597.11,41.06,24.35,3.31,0.0
20231119:1502,266.01,345.89,28.61,23.45,2.97,0.0
20231119:1602,143.96,197.93,16.31,22.02,2.62,0.0
20231119:1702,34.3,64.47,4.38,20.17,1.72,0.0
20231119:1802,0.0,0.0,0.0,19.05,1.03,0.0
20231119:1902,0.0,0.0,0.0,18.31,1.31,0.0
20231119:2002,0.0,0.0,0.0,17.97,1.52,0.0
20231119:2102,0.0,0.0,0.0,17.7,1.66,0.0
20231119:2202,0.0,0.0,0.0,17.15,1.52,0.0
20231119:2302,0.0,0.0,0.0,16.84,1.45,0.0
20231120:0002,0.0,0.0,0.0,16.5,1.72,0.0
20231120:0102,0.0,0.0,0.0,16.17,2.0,0.0
20231120:0202,0.0,0.0,0.0,16.04,2.55,0.0
20231120:0302,0.0,0.0,0.0,15.98,3.24,0.0
20231120:0402,0.0,4.55,5.22,16.24,3.38,0.0
20231120:0502,41.11,65.51,17.16,16.99,3.38,0.0
20231120:0602,34.28,56.97,29.47,17.48,3.86,0.0
20231120:0702,205.52,262.29,41.91,18.6,4.62,0.0
20231120:0802,304.39,381.87,54.23,19.8,5.31,0.0
20231120:0902,596.55,743.89,65.8,21.95,6.41,0.0
20231120:1002,503.01,633.8,74.48,23.53,6.97,0.0
20231120:1102,94.78,133.87,74.16,23.86,7.31,0.0
20231120:1202,54.65,84.5,65.2,24.16,8.34,0.0
20231120:1302,70.99,104.44,53.55,23.26,8.48,0.0
20231120:1402,125.31,169.0,41.22,21.4,7.17,0.0
20231120:1502,52.86,80.7,28.77,19.25,5.59,0.0
20231120:1602,45.45,71.21,16.48,18.17,4.55,0.0
20231120:1702,0.72,7.6,4.56,17.18,6.07,0.0
20231120:1802,0.0,0.0,0.0,16.74,5.45,0.0
20231120:1902,0.0,0.0,0.0,16.21,5.31,0.0
20231120:2002,0.0,0.0,0.0,15.99,4.41,0.0
20231120:2102,0.0,0.0,0.0,15.64,4.41,0.0
20231120:2202,0.0,0.0,0.0,15.25,5.1,0.0
20231120:2302,0.0,0.0,0.0,14.85,4.9,0.0
20231121:0002,0.0,0.0,0.0,14.69,4.83,0.0
20231121:0102,0.0,0.0,0.0,14.49,4.97,0.0
20231121:0202,0.0,0.0,0.0,14.08,4.69,0.0
20231121:0302,0.0,0.0,0.0,13.96,4.41,0.0
20231121:0402,1.42,9.11,5.29,13.93,4.14,0.0
20231121:0502,45.47,70.26,17.22,14.62,3.86,0.0
20231121:0602,295.99,366.15,29.52,15.24,4.76,0.0
20231121:0702,250.38,312.33,41.97,16.61,5.17,0.0
20231121:0802,454.59,558.67,54.29,17.75,5.72,0.0
20231121:0902,594.44,732.72,65.9,18.83,6.14,0.0
20231121:1002,635.75,788.31,74.66,19.48,5.86,0.0
20231121:1102,621.3,772.43,74.39,20.19,6.07,0.0
20231121:1202,634.18,786.15,65.39,20.48,6.14,0.0
20231121:1302,557.45,690.03,53.72,20.34,6.07,0.0
20231121:1402,483.25,598.86,41.38,19.9,5.72,0.0
20231121:1502,361.41,454.86,28.94,19.58,5.45,0.0
20231121:1602,147.05,197.41,16.65,18.83,4.83,0.0
20231121:1702,65.13,109.0,4.74,17.7,3.66,0.0
20231121:1802,0.0,0.0,0.0,16.41,3.17,0.0
20231121:1902,0.0,0.0,0.0,15.52,2.76,0.0
20231121:2002,0.0,0.0,0.0,14.86,2.69,0.0
20231121:2102,0.0,0.0,0.0,14.33,2.62,0.0
20231121:2202,0.0,0.0,0.0,13.86,2.62,0.0
20231121:2302,0.0,0.0,0.0,13.54,2.69,0.0
20231122:0002,0.0,0.0,0.0,13.49,2.9,0.0
20231122:0102,0.0,0.0,0.0,13.03,3.03,0.0
20231122:0202,0.0,0.0,0.0,12.79,2.97,0.0
20231122:0302,0.0,0.0,0.0,12.6,2.97,0.0
20231122:0402,13.26,28.23,5.36,12.67,3.03,0.0
20231122:0502,182.53,236.91,17.28,14.08,3.86,0.0
20231122:0602,194.01,245.8,29.57,15.9,4.9,0.0
20231122:0702,481.26,591.23,42.01,17.61,5.1,0.0
20231122:0802,575.32,709.5,54.34,18.9,5.24,0.0
20231122:0902,547.65,682.55,65.99,20.11,5.31,0.0
20231122:1002,529.85,664.0,74.84,21.03,5.52,0.0
20231122:1102,266.75,339.5,74.62,21.67,5.52,0.0
20231122:1202,327.64,414.43,65.57,22.0,5.45,0.0
20231122:1302,478.58,600.12,53.88,22.17,5.66,0.0
20231122:1402,386.88,486.58,41.54,21.82,5.03,0.0
20231122:1502,298.19,379.91,29.1,21.46,4.76,0.0
20231122:1602,221.75,296.46,16.82,20.53,4.14,0.0
20231122:1702,63.43,106.42,4.92,19.24,2.97,0.0
20231122:1802,0.0,0.0,0.0,17.91,2.76,0.0
20231122:1902,0.0,0.0,0.0,17.22,2.41,0.0
20231122:2002,0.0,0.0,0.0,16.6,2.14,0.0
20231122:2102,0.0,0.0,0.0,16.05,2.0,0.0
20231122:2202,0.0,0.0,0.0,15.91,2.07,0.0
20231122:2302,0.0,0.0,0.0,16.14,2.07,0.0
20231123:0002,0.0,0.0,0.0,16.28,1.93,0.0
20231123:0102,0.0,0.0,0.0,16.05,1.72,0.0
20231123:0202,0.0,0.0,0.0,15.88,1.52,0.0
20231123:0302,0.0,0.0,0.0,15.65,1.24,0.0
20231123:0402,14.94,30.97,5.42,15.63,1.03,0.0
20231123:0502,183.01,242.55,17.33,17.02,1.17,0.0
20231123:0602,339.78,431.54,29.61,17.97,1.66,0.0
20231123:0702,303.31,384.67,42.05,19.49,2.14,0.0
20231123:0802,445.77,566.98,54.39,20.61,2.28,0.0
20231123:0902,579.4,744.96,66.07,21.74,2.41,0.0
20231123:1002,618.2,800.83,75.01,22.37,2.34,0.0
20231123:1102,615.65,800.22,74.84,23.06,2.34,0.0
20231123:1202,612.67,793.95,65.76,23.32,2.41,0.0
20231123:1302,558.54,720.12,54.05,23.14,2.34,0.0
20231123:1402,480.61,616.1,41.7,22.69,2.48,0.0
20231123:1502,369.95,476.63,29.26,21.63,2.48,0.0
20231123:1602,240.77,323.03,16.98,20.44,2.41,0.0
20231123:1702,11.5,26.77,5.09,18.94,2.34,0.0
20231123:1802,0.0,0.0,0.0,17.49,2.34,0.0
20231123:1902,0.0,0.0,0.0,17.1,2.41,0.0
20231123:2002,0.0,0.0,0.0,16.53,2.07,0.0
20231123:2102,0.0,0.0,0.0,16.01,1.93,0.0
20231123:2202,0.0,0.0,0.0,15.4,1.72,0.0
20231123:2302,0.0,0.0,0.0,14.78,1.59,0.0
20231124:0002,0.0,0.0,0.0,14.11,1.66,0.0
20231124:0102,0.0,0.0,0.0,13.62,1.72,0.0
20231124:0202,0.0,0.0,0.0,13.12,1.72,0.0
20231124:0302,0.0,0.0,0.0,12.75,1.79,0.0
20231124:0402,11.35,25.5,5.48,12.67,1.86,0.0
20231124:0502,250.11,325.76,17.37,15.16,2.28,0.0
20231124:0602,388.6,488.18,29.64,17.03,2.76,0.0
20231124:0702,500.38,630.08,42.09,18.21,2.14,0.0
20231124:0802,575.02,733.69,54.44,19.72,1.93,0.0
20231124:0902,630.28,813.76,66.15,21.23,2.07,0.0
20231124:1002,659.94,852.92,75.17,22.16,2.62,0.0
20231124:1102,661.92,852.27,75.06,22.41,3.03,0.0
20231124:1202,632.05,809.0,65.94,22.32,3.24,0.0
20231124:1302,580.06,737.54,54.21,22.12,3.38,0.0
20231124:1402,476.03,601.49,41.86,21.51,3.59,0.0
20231124:1502,381.32,484.57,29.42,20.5,3.72,0.0
20231124:1602,256.06,337.58,17.15,18.89,4.21,0.0
20231124:1702,81.55,130.15,5.27,17.31,3.72,0.0
20231124:1802,0.0,0.0,0.0,16.27,3.24,0.0
20231124:1902,0.0,0.0,0.0,15.96,2.9,0.0
20231124:2002,0.0,0.0,0.0,15.47,2.41,0.0
20231124:2102,0.0,0.0,0.0,14.86,2.21,0.0
20231124:2202,0.0,0.0,0.0,14.12,2.0,0.0
20231124:2302,0.0,0.0,0.0,13.63,1.86,0.0
20231125:0002,0.0,0.0,0.0,13.45,1.66,0.0
20231125:0102,0.0,0.0,0.0,13.33,1.52,0.0
20231125:0202,0.0,0.0,0.0,12.95,1.59,0.0
20231125:0302,0.0,0.0,0.0,12.64,1.45,0.0
20231125:0402,15.23,30.97,5.53,12.24,1.38,0.0
20231125:0502,248.33,324.4,17.41,14.79,1.24,0.0
20231125:0602,352.05,444.89,29.68,17.38,1.86,0.0
20231125:0702,435.65,554.84,42.11,19.47,1.38,0.0
20231125:0802,392.48,507.02,54.47,21.4,0.97,0.0
20231125:0902,576.02,755.1,66.21,22.72,1.38,0.0
20231125:1002,576.18,753.19,75.32,23.52,2.07,0.0
20231125:1102,560.4,729.56,75.27,24.11,2.62,0.0
20231125:1202,617.88,800.56,66.12,24.34,2.97,0.0
20231125:1302,571.9,736.34,54.37,24.37,3.17,0.0
20231125:1402,480.7,614.94,42.01,23.82,3.38,0.0
20231125:1502,149.21,199.96,29.57,22.88,3.31,0.0
20231125:1602,249.86,334.69,17.31,21.75,3.17,0.0
20231125:1702,80.12,129.45,5.44,20.56,2.55,0.0
20231125:1802,0.0,0.0,0.0,19.26,2.34,0.0
20231125:1902,0.0,0.0,0.0,17.97,2.21,0.0
20231125:2002,0.0,0.0,0.0,17.23,2.0,0.0
20231125:2102,0.0,0.0,0.0,16.35,1.79,0.0
20231125:2202,0.0,0.0,0.0,15.62,1.66,0.0
20231125:2302,0.0,0.0,0.0,14.93,1.59,0.0
20231126:0002,0.0,0.0,0.0,14.17,1.59,0.0
20231126:0102,0.0,0.0,0.0,13.53,1.52,0.0
20231126:0202,0.0,0.0,0.0,13.01,1.45,0.0
20231126:0302,0.0,0.0,0.0,12.57,1.45,0.0
20231126:0402,11.99,26.41,5.58,12.45,1.45,0.0
20231126:0502,257.6,339.76,17.45,16.43,0.83,0.0
20231126:0602,380.83,497.93,29.7,21.46,0.62,0.0
20231126:0702,479.39,631.63,42.14,23.64,0.62,0.0
20231126:0802,559.77,741.85,54.5,25.39,1.24,0.0
20231126:0902,616.12,822.36,66.28,26.61,1.66,0.0
20231126:1002,641.06,858.94,75.46,27.43,1.93,0.0
20231126:1102,645.95,862.72,75.47,27.73,2.28,0.0
20231126:1202,623.79,826.32,66.3,27.52,2.55,0.0
20231126:1302,565.48,741.87,54.53,26.95,2.62,0.0
20231126:1402,487.53,634.63,42.17,26.11,2.69,0.0
20231126:1502,379.43,494.84,29.73,24.79,2.69,0.0
20231126:1602,252.89,340.95,17.48,23.09,2.62,0.0
20231126:1702,83.98,134.63,5.61,21.19,2.34,0.0
20231126:1802,0.0,0.0,0.0,19.32,2.07,0.0
20231126:1902,0.0,0.0,0.0,18.47,1.66,0.0
20231126:2002,0.0,0.0,0.0,17.43,1.45,0.0
20231126:2102,0.0,0.0,0.0,16.3,1.45,0.0
20231126:2202,0.0,0.0,0.0,15.3,1.66,0.0
20231126:2302,0.0,0.0,0.0,14.57,1.72,0.0
20231127:0002,0.0,0.0,0.0,14.07,1.66,0.0
20231127:0102,0.0,0.0,0.0,13.57,1.66,0.0
20231127:0202,0.0,0.0,0.0,13.21,1.59,0.0
20231127:0302,0.0,0.0,0.0,12.95,1.59,0.0
20231127:0402,17.15,33.7,5.62,12.89,1.52,0.0
20231127:0502,184.18,241.95,17.47,16.16,1.24,0.0
20231127:0602,395.46,508.39,29.72,20.16,1.66,0.0
20231127:0702,497.61,640.82,42.15,22.59,2.07,0.0
20231127:0802,575.44,754.48,54.53,24.9,1.93,0.0
20231127:0902,627.81,836.3,66.33,26.86,2.0,0.0
20231127:1002,648.29,869.76,75.59,28.34,2.28,0.0
20231127:1102,651.45,873.45,75.68,29.09,2.62,0.0
20231127:1202,628.8,836.83,66.48,29.14,2.97,0.0
20231127:1302,576.75,759.17,54.69,28.58,3.24,0.0
20231127:1402,497.38,648.05,42.32,27.43,3.45,0.0
20231127:1502,390.98,509.34,29.89,25.78,3.59,0.0
20231127:1602,259.96,349.96,17.64,23.99,3.45,0.0
20231127:1702,92.49,145.1,5.78,22.12,2.97,0.0
20231127:1802,0.0,0.0,0.0,20.36,2.55,0.0
20231127:1902,0.0,0.0,0.0,19.39,2.48,0.0
20231127:2002,0.0,0.0,0.0,18.44,2.48,0.0
20231127:2102,0.0,0.0,0.0,17.79,2.28,0.0
20231127:2202,0.0,0.0,0.0,17.31,2.0,0.0
20231127:2302,0.0,0.0,0.0,16.69,1.72,0.0
20231128:0002,0.0,0.0,0.0,16.41,1.45,0.0
20231128:0102,0.0,0.0,0.0,16.49,1.38,0.0
20231128:0202,0.0,0.0,0.0,16.32,1.31,0.0
20231128:0302,0.0,0.0,0.0,16.07,1.24,0.0
20231128:0402,5.31,16.39,5.66,16.08,1.1,0.0
20231128:0502,46.98,73.11,17.5,17.65,1.93,0.0
20231128:0602,198.74,256.31,29.73,18.79,2.28,0.0
20231128:0702,80.4,114.88,42.17,20.03,3.03,0.0
20231128:0802,327.74,414.18,54.55,20.29,3.38,0.0
20231128:0902,550.57,695.76,66.37,20.38,3.59,0.0
20231128:1002,450.77,569.52,75.72,20.67,3.72,0.0
20231128:1102,652.76,826.3,75.87,20.92,4.07,0.0
20231128:1202,79.56,113.93,66.65,20.5,4.28,0.0
20231128:1302,117.78,159.51,54.85,20.0,4.48,0.0
20231128:1402,405.76,505.78,42.47,19.31,4.14,0.0
20231128:1502,394.13,495.43,30.04,18.82,3.72,0.0
20231128:1602,205.29,268.77,17.8,18.19,3.45,0.0
20231128:1702,100.82,153.21,5.95,17.32,2.97,0.0
20231128:1802,0.0,0.0,0.0,16.6,2.14,0.0
20231128:1902,0.0,0.0,0.0,16.22,2.14,0.0
20231128:2002,0.0,0.0,0.0,15.84,2.48,0.0
20231128:2102,0.0,0.0,0.0,15.15,2.41,0.0
20231128:2202,0.0,0.0,0.0,14.76,2.28,0.0
20231128:2302,0.0,0.0,0.0,14.29,1.93,0.0
20231129:0002,0.0,0.0,0.0,13.88,1.79,0.0
20231129:0102,0.0,0.0,0.0,13.52,1.72,0.0
20231129:0202,0.0,0.0,0.0,13.39,1.79,0.0
20231129:0302,0.0,0.0,0.0,13.45,1.93,0.0
20231129:0402,11.93,26.41,5.69,13.38,2.21,0.0
20231129:0502,269.42,347.95,17.51,15.28,2.9,0.0
20231129:0602,409.69,511.49,29.74,16.87,3.38,0.0
20231129:0702,520.19,649.54,42.17,18.79,3.45,0.0
20231129:0802,601.83,760.65,54.56,20.65,3.38,0.0
20231129:0902,653.9,839.99,66.41,22.46,3.17,0.0
20231129:1002,676.33,877.14,75.84,24.19,3.38,0.0
20231129:1102,671.98,877.58,76.07,25.74,3.45,0.0
20231129:1202,642.48,844.71,66.82,26.78,3.03,0.0
20231129:1302,582.63,763.59,55.01,27.14,2.97,0.0
20231129:1402,503.17,656.05,42.63,27.03,3.1,0.0
20231129:1502,391.81,512.73,30.19,26.53,3.24,0.0
20231129:1602,264.01,357.04,17.95,25.53,3.24,0.0
20231129:1702,101.56,158.08,6.11,23.93,3.24,0.0
20231129:1802,0.0,0.0,0.0,21.93,3.52,0.0
20231129:1902,0.0,0.0,0.0,20.71,3.1,0.0
20231129:2002,0.0,0.0,0.0,19.32,3.03,0.0
20231129:2102,0.0,0.0,0.0,18.2,2.55,0.0
20231129:2202,0.0,0.0,0.0,17.33,2.34,0.0
20231129:2302,0.0,0.0,0.0,16.33,2.28,0.0
20231130:0002,0.0,0.0,0.0,15.63,2.28,0.0
20231130:0102,0.0,0.0,0.0,15.27,2.28,0.0
20231130:0202,0.0,0.0,0.0,14.73,2.21,0.0
20231130:0302,0.0,0.0,0.0,14.35,2.21,0.0
20231130:0402,11.25,25.5,5.71,14.35,2.14,0.0
20231130:0502,272.74,357.86,17.53,17.51,1.72,0.0
20231130:0602,393.9,516.96,29.75,23.84,1.31,0.0
20231130:0702,490.61,656.32,42.17,27.9,1.17,0.0
20231130:0802,570.68,768.81,54.57,30.41,2.07,0.0
20231130:0902,625.63,847.8,66.44,31.84,2.69,0.0
20231130:1002,648.21,885.54,75.95,32.87,2.76,0.0
20231130:1102,644.7,886.02,76.25,33.49,2.55,0.0
20231130:1202,617.47,850.0,66.99,33.62,2.21,0.0
20231130:1302,562.86,772.05,55.16,33.36,1.86,0.0
20231130:1402,486.21,661.73,42.77,32.7,1.72,0.0
20231130:1502,386.24,523.16,30.34,31.5,1.93,0.0
20231130:1602,262.75,364.62,18.11,29.78,1.93,0.0
20231130:1702,101.04,160.01,6.27,27.85,1.72,0.0
20231130:1802,0.0,0.0,0.0,25.94,1.52,0.0
20231130:1902,0.0,0.0,0.0,24.62,1.52,0.0
20231130:2002,0.0,0.0,0.0,24.27,0.97,0.0
20231130:2102,0.0,0.0,0.0,24.02,0.48,0.0
20231130:2202,0.0,0.0,0.0,23.11,0.14,0.0
20231130:2302,0.0,0.0,0.0,21.9,0.83,0.0
20231201:0002,0.0,0.0,0.0,20.18,1.03,0.0
20231201:0102,0.0,0.0,0.0,18.1,1.1,0.0
20231201:0202,0.0,0.0,0.0,16.61,1.17,0.0
20231201:0302,0.0,0.0,0.0,15.89,1.17,0.0
20231201:0402,15.64,31.88,5.73,15.12,1.17,0.0
20231201:0502,46.34,72.16,17.53,17.08,1.79,0.0
20231201:0602,180.78,234.62,29.74,18.91,2.48,0.0
20231201:0702,389.11,489.35,42.17,20.17,3.31,0.0
20231201:0802,387.13,488.69,54.57,20.96,3.66,0.0
20231201:0902,581.53,739.14,66.47,21.72,3.72,0.0
20231201:1002,657.76,841.46,76.05,22.44,3.72,0.0
20231201:1102,664.04,852.18,76.43,23.07,3.72,0.0
20231201:1202,624.7,798.33,67.15,23.19,3.93,0.0
20231201:1302,536.88,681.17,55.31,22.54,3.93,0.0
20231201:1402,511.31,645.64,42.92,21.65,3.66,0.0
20231201:1502,401.25,509.82,30.49,20.77,3.24,0.0
20231201:1602,237.89,312.22,18.26,19.73,2.9,0.0
20231201:1702,70.96,110.84,6.43,18.57,2.55,0.0
20231201:1802,0.0,0.0,0.0,17.44,1.93,0.0
20231201:1902,0.0,0.0,0.0,17.09,1.52,0.0
20231201:2002,0.0,0.0,0.0,16.44,1.17,0.0
20231201:2102,0.0,0.0,0.0,16.22,0.69,0.0
20231201:2202,0.0,0.0,0.0,16.24,0.28,0.0
20231201:2302,0.0,0.0,0.0,16.02,0.07,0.0
20231202:0002,0.0,0.0,0.0,15.79,0.28,0.0
20231202:0102,0.0,0.0,0.0,15.7,0.34,0.0
20231202:0202,0.0,0.0,0.0,15.41,0.28,0.0
20231202:0302,0.0,0.0,0.0,15.23,0.34,0.0
20231202:0402,11.8,26.41,5.75,15.23,0.48,0.0
20231202:0502,174.08,229.09,17.53,15.89,0.62,0.0
20231202:0602,396.17,503.86,29.74,18.39,1.66,0.0
20231202:0702,489.4,625.55,42.16,19.76,1.38,0.0
20231202:0802,515.32,663.32,54.56,20.96,1.59,0.0
20231202:0902,581.95,755.99,66.49,22.02,1.86,0.0
20231202:1002,606.87,789.6,76.14,22.44,2.21,0.0
20231202:1102,672.55,874.23,76.61,22.94,2.62,0.0
20231202:1202,648.59,839.27,67.31,23.22,2.83,0.0
20231202:1302,595.71,762.71,55.46,22.81,3.1,0.0
20231202:1402,519.94,657.45,43.07,21.41,3.38,0.0
20231202:1502,408.95,518.23,30.64,20.38,3.31,0.0
20231202:1602,274.87,359.54,18.42,19.61,3.24,0.0
20231202:1702,109.01,162.54,6.59,18.47,3.1,0.0
20231202:1802,0.0,0.0,0.0,17.42,2.62,0.0
20231202:1902,0.0,0.0,0.0,16.7,2.76,0.0
20231202:2002,0.0,0.0,0.0,16.31,2.34,0.0
20231202:2102,0.0,0.0,0.0,15.87,1.93,0.0
20231202:2202,0.0,0.0,0.0,15.06,1.66,0.0
20231202:2302,0.0,0.0,0.0,14.35,1.45,0.0
20231203:0002,0.0,0.0,0.0,13.69,1.31,0.0
20231203:0102,0.0,0.0,0.0,13.01,1.31,0.0
20231203:0202,0.0,0.0,0.0,12.86,1.24,0.0
20231203:0302,0.0,0.0,0.0,13.03,1.1,0.0
20231203:0402,11.32,25.5,5.76,13.0,1.03,0.0
20231203:0502,251.64,325.47,17.53,14.89,1.52,0.0
20231203:0602,356.35,446.13,29.73,16.66,2.34,0.0
20231203:0702,275.84,347.71,42.14,18.1,2.62,0.0
20231203:0802,312.16,393.49,54.55,19.05,2.97,0.0
20231203:0902,493.16,625.04,66.5,20.65,3.24,0.0
20231203:1002,672.46,860.46,76.22,21.23,3.24,0.0
20231203:1102,617.19,790.79,76.78,21.88,3.38,0.0
20231203:1202,601.53,769.59,67.47,21.93,3.24,0.0
20231203:1302,598.79,764.37,55.61,22.02,3.03,0.0
20231203:1402,515.72,655.4,43.21,21.9,3.03,0.0
20231203:1502,409.15,520.7,30.79,21.17,3.17,0.0
20231203:1602,270.23,353.8,18.57,19.98,3.03,0.0
20231203:1702,120.79,178.26,6.75,18.56,2.83,0.0
20231203:1802,0.0,0.0,0.0,17.22,2.34,0.0
20231203:1902,0.0,0.0,0.0,16.63,2.21,0.0
20231203:2002,0.0,0.0,0.0,16.0,1.93,0.0
20231203:2102,0.0,0.0,0.0,15.29,1.66,0.0
20231203:2202,0.0,0.0,0.0,14.42,1.45,0.0
20231203:2302,0.0,0.0,0.0,13.8,1.38,0.0
20231204:0002,0.0,0.0,0.0,13.55,1.31,0.0
20231204:0102,0.0,0.0,0.0,13.54,1.31,0.0
20231204:0202,0.0,0.0,0.0,13.36,1.31,0.0
20231204:0302,0.0,0.0,0.0,13.19,1.31,0.0
20231204:0402,11.93,26.41,5.76,13.37,1.24,0.0
20231204:0502,266.61,346.02,17.52,15.46,1.38,0.0
20231204:0602,75.81,108.24,29.71,17.37,2.07,0.0
20231204:0702,376.75,472.77,42.12,18.26,2.28,0.0
20231204:0802,574.24,726.41,54.54,19.12,2.48,0.0
20231204:0902,656.15,835.71,66.5,20.16,2.9,0.0
20231204:1002,692.23,885.17,76.3,20.92,3.24,0.0
20231204:1102,692.75,886.88,76.95,21.44,3.38,0.0
20231204:1202,662.36,844.76,67.63,21.67,3.52,0.0
20231204:1302,614.59,779.12,55.75,21.65,3.66,0.0
20231204:1402,529.45,666.89,43.36,21.33,3.86,0.0
20231204:1502,420.12,530.9,30.93,20.61,3.86,0.0
20231204:1602,287.05,373.61,18.71,19.71,3.86,0.0
20231204:1702,115.73,170.65,6.9,18.65,3.66,0.0
20231204:1802,0.0,0.0,0.0,17.49,3.24,0.0
20231204:1902,0.0,0.0,0.0,16.74,3.03,0.0
20231204:2002,0.0,0.0,0.0,16.2,2.83,0.0
20231204:2102,0.0,0.0,0.0,15.84,2.69,0.0
20231204:2202,0.0,0.0,0.0,15.59,2.69,0.0
20231204:2302,0.0,0.0,0.0,15.32,2.55,0.0
20231205:0002,0.0,0.0,0.0,14.89,2.48,0.0
20231205:0102,0.0,0.0,0.0,14.46,2.34,0.0
20231205:0202,0.0,0.0,0.0,13.98,2.21,0.0
20231205:0302,0.0,0.0,0.0,13.6,2.07,0.0
20231205:0402,11.93,26.41,5.76,13.44,1.86,0.0
20231205:0502,272.47,352.31,17.51,15.78,2.28,0.0
20231205:0602,408.66,512.83,29.69,17.87,3.03,0.0
20231205:0702,515.86,647.64,42.1,19.76,3.24,0.0
20231205:0802,598.42,758.59,54.51,21.48,3.45,0.0
20231205:0902,655.44,840.98,66.5,22.99,3.52,0.0
20231205:1002,683.19,883.4,76.37,24.13,3.66,0.0
20231205:1102,679.84,881.15,77.1,25.05,3.86,0.0
20231205:1202,643.01,830.24,67.78,25.4,4.14,0.0
20231205:1302,589.28,755.45,55.9,25.31,4.41,0.0
20231205:1402,413.5,527.48,43.5,24.8,4.69,0.0
20231205:1502,404.96,516.57,31.08,23.78,4.9,0.0
20231205:1602,282.94,371.55,18.86,22.48,4.83,0.0
20231205:1702,118.48,175.33,7.05,20.83,4.28,0.0
20231205:1802,0.0,0.0,0.0,19.12,4.34,0.0
20231205:1902,0.0,0.0,0.0,17.97,4.34,0.0
20231205:2002,0.0,0.0,0.0,17.28,4.41,0.0
20231205:2102,0.0,0.0,0.0,16.66,4.34,0.0
20231205:2202,0.0,0.0,0.0,16.07,4.34,0.0
20231205:2302,0.0,0.0,0.0,15.7,4.21,0.0
20231206:0002,0.0,0.0,0.0,15.25,4.0,0.0
20231206:0102,0.0,0.0,0.0,15.04,3.59,0.0
20231206:0202,0.0,0.0,0.0,14.96,3.45,0.0
20231206:0302,0.0,0.0,0.0,14.66,3.17,0.0
20231206:0402,12.47,27.32,5.75,14.76,3.03,0.0
20231206:0502,281.33,362.28,17.49,16.31,3.59,0.0
20231206:0602,413.32,518.2,29.66,18.71,3.86,0.0
20231206:0702,519.95,656.84,42.07,21.99,3.93,0.0
20231206:0802,598.76,768.82,54.49,24.65,3.86,0.0
20231206:0902,649.6,852.39,66.49,26.98,3.38,0.0
20231206:1002,667.38,894.57,76.42,28.99,2.76,0.0
20231206:1102,658.17,896.87,77.26,30.47,2.14,0.0
20231206:1202,624.45,858.62,67.93,31.37,1.59,0.0
20231206:1302,574.7,782.8,56.04,31.68,1.79,0.0
20231206:1402,506.29,677.79,43.64,31.4,2.62,0.0
20231206:1502,404.79,538.47,31.22,30.41,3.24,0.0
20231206:1602,278.88,378.73,19.0,28.48,3.31,0.0
20231206:1702,124.09,187.72,7.2,26.42,2.97,0.0
20231206:1802,0.0,0.0,0.0,24.17,2.83,0.0
20231206:1902,0.0,0.0,0.0,22.18,2.9,0.0
20231206:2002,0.0,0.0,0.0,20.79,2.83,0.0
20231206:2102,0.0,0.0,0.0,19.66,2.34,0.0
20231206:2202,0.0,0.0,0.0,18.59,2.21,0.0
20231206:2302,0.0,0.0,0.0,17.59,2.28,0.0
20231207:0002,0.0,0.0,0.0,16.81,2.21,0.0
20231207:0102,0.0,0.0,0.0,16.2,2.14,0.0
20231207:0202,0.0,0.0,0.0,15.67,2.0,0.0
20231207:0302,0.0,0.0,0.0,15.22,1.79,0.0
20231207:0402,11.82,26.41,5.74,15.09,1.72,0.0
20231207:0502,275.89,362.29,17.46,18.19,1.45,0.0
20231207:0602,398.01,518.42,29.63,23.47,1.72,0.0
20231207:0702,505.12,653.69,42.03,25.9,3.24,0.0
20231207:0802,588.93,766.07,54.46,27.09,3.72,0.0
20231207:0902,643.58,844.79,66.48,28.03,3.79,0.0
20231207:1002,670.49,888.08,76.47,28.82,3.66,0.0
20231207:1102,674.43,890.32,77.4,28.95,4.07,0.0
20231207:1202,652.6,853.36,68.08,28.02,4.28,0.0
20231207:1302,599.27,777.76,56.18,26.65,3.79,0.0
20231207:1402,523.17,676.7,43.78,25.6,3.17,0.0
20231207:1502,414.78,537.69,31.36,24.6,2.76,0.0
20231207:1602,285.86,379.37,19.15,23.27,2.55,0.0
20231207:1702,122.03,180.52,7.34,21.57,2.34,0.0
20231207:1802,0.0,0.0,0.0,19.81,1.93,0.0
20231207:1902,0.0,0.0,0.0,18.58,1.86,0.0
20231207:2002,0.0,0.0,0.0,18.14,1.79,0.0
20231207:2102,0.0,0.0,0.0,18.07,1.79,0.0
20231207:2202,0.0,0.0,0.0,17.7,1.72,0.0
20231207:2302,0.0,0.0,0.0,17.59,1.38,0.0
20231208:0002,0.0,0.0,0.0,17.27,1.45,0.0
20231208:0102,0.0,0.0,0.0,16.68,1.45,0.0
20231208:0202,0.0,0.0,0.0,16.95,1.45,0.0
20231208:0302,0.0,0.0,0.0,16.71,1.52,0.0
20231208:0402,14.23,30.06,5.72,16.56,1.45,0.0
20231208:0502,245.65,320.88,17.44,17.58,1.79,0.0
20231208:0602,322.52,409.14,29.59,18.53,1.66,0.0
20231208:0702,483.78,616.45,41.99,20.51,1.86,0.0
20231208:0802,551.51,711.04,54.42,22.02,1.93,0.0
20231208:0902,632.48,822.77,66.46,23.24,2.28,0.0
20231208:1002,575.6,749.59,76.52,24.13,2.69,0.0
20231208:1102,661.55,861.33,77.55,24.76,3.17,0.0
20231208:1202,645.36,831.09,68.22,24.33,3.72,0.0
20231208:1302,596.93,754.37,56.32,22.16,4.14,0.0
20231208:1402,457.28,572.89,43.91,21.09,4.41,0.0
20231208:1502,389.07,488.12,31.49,19.8,4.07,0.0
20231208:1602,114.3,155.34,19.28,18.88,3.86,0.0
20231208:1702,32.44,55.96,7.49,17.98,3.59,0.0
20231208:1802,0.0,0.0,0.0,17.33,3.03,0.0
20231208:1902,0.0,0.0,0.0,16.96,2.97,0.0
20231208:2002,0.0,0.0,0.0,16.64,2.69,0.0
20231208:2102,0.0,0.0,0.0,16.47,2.62,0.0
20231208:2202,0.0,0.0,0.0,16.26,2.62,0.0
20231208:2302,0.0,0.0,0.0,15.9,2.62,0.0
20231209:0002,0.0,0.0,0.0,15.67,2.9,0.0
20231209:0102,0.0,0.0,0.0,15.48,3.17,0.0
20231209:0202,0.0,0.0,0.0,15.25,3.31,0.0
20231209:0302,0.0,0.0,0.0,14.97,3.45,0.0
20231209:0402,15.69,31.88,5.7,14.72,3.52,0.0
20231209:0502,59.48,87.35,17.4,14.77,3.66,0.0
20231209:0602,167.21,214.2,29.55,15.34,3.86,0.0
20231209:0702,311.47,385.6,41.95,16.63,4.21,0.0
20231209:0802,550.59,679.68,54.38,17.57,4.41,0.0
20231209:0902,681.11,846.65,66.43,18.61,4.69,0.0
20231209:1002,709.76,889.56,76.55,19.56,4.62,0.0
20231209:1102,708.69,893.16,77.68,20.64,4.62,0.0
20231209:1202,676.01,848.91,68.36,20.4,4.55,0.0
20231209:1302,607.52,758.61,56.45,20.31,4.69,0.0
20231209:1402,545.16,677.38,44.05,19.94,4.83,0.0
20231209:1502,432.36,539.88,31.63,19.72,4.97,0.0
20231209:1602,297.75,383.77,19.42,19.43,4.62,0.0
20231209:1702,136.05,195.62,7.62,18.67,4.0,0.0
20231209:1802,0.0,0.0,0.0,17.49,3.66,0.0
20231209:1902,0.0,0.0,0.0,16.89,3.38,0.0
20231209:2002,0.0,0.0,0.0,16.1,3.1,0.0
20231209:2102,0.0,0.0,0.0,15.32,2.97,0.0
20231209:2202,0.0,0.0,0.0,14.65,2.83,0.0
20231209:2302,0.0,0.0,0.0,14.02,2.69,0.0
20231210:0002,0.0,0.0,0.0,13.43,2.48,0.0
20231210:0102,0.0,0.0,0.0,12.79,2.34,0.0
20231210:0202,0.0,0.0,0.0,12.39,2.28,0.0
20231210:0302,0.0,0.0,0.0,11.93,2.21,0.0
20231210:0402,12.04,26.41,5.67,11.85,2.14,0.0
20231210:0502,285.1,364.45,17.36,14.32,2.76,0.0
20231210:0602,419.49,521.99,29.51,16.49,3.24,0.0
20231210:0702,531.38,664.71,41.9,18.99,3.31,0.0
20231210:0802,610.67,777.51,54.33,21.15,2.97,0.0
20231210:0902,661.4,857.88,66.4,23.01,2.69,0.0
20231210:1002,684.88,902.07,76.57,24.65,2.48,0.0
20231210:1102,683.1,905.57,77.81,25.87,2.48,0.0
20231210:1202,658.41,868.63,68.49,26.55,2.83,0.0
20231210:1302,609.93,796.95,56.58,26.73,3.24,0.0
20231210:1402,527.33,685.0,44.18,26.68,3.31,0.0
20231210:1502,425.42,552.8,31.76,26.17,3.45,0.0
20231210:1602,296.08,393.65,19.55,25.07,3.38,0.0
20231210:1702,137.43,201.45,7.76,23.45,3.1,0.0
20231210:1802,0.0,0.0,0.0,21.56,2.83,0.0
20231210:1902,0.0,0.0,0.0,20.09,2.48,0.0
20231210:2002,0.0,0.0,0.0,18.86,2.28,0.0
20231210:2102,0.0,0.0,0.0,17.58,2.0,0.0
20231210:2202,0.0,0.0,0.0,16.34,1.79,0.0
20231210:2302,0.0,0.0,0.0,15.36,1.79,0.0
20231211:0002,0.0,0.0,0.0,14.53,1.79,0.0
20231211:0102,0.0,0.0,0.0,13.8,1.79,0.0
20231211:0202,0.0,0.0,0.0,13.19,1.79,0.0
20231211:0302,0.0,0.0,0.0,12.67,1.79,0.0
20231211:0402,11.99,26.41,5.63,12.53,1.66,0.0
20231211:0502,277.6,359.6,17.32,15.34,1.24,0.0
20231211:0602,401.3,515.87,29.46,19.36,0.97,0.0
20231211:0702,510.62,660.37,41.85,21.84,1.38,0.0
20231211:0802,582.75,766.3,54.28,23.82,1.38,0.0
20231211:0902,639.54,850.91,66.36,25.32,1.66,0.0
20231211:1002,673.76,894.45,76.59,26.19,2.41,0.0
20231211:1102,683.17,897.88,77.93,26.22,3.24,0.0
20231211:1202,662.26,861.34,68.63,25.68,3.66,0.0
20231211:1302,612.46,787.2,56.71,24.86,3.93,0.0
20231211:1402,535.05,680.49,44.31,23.77,4.14,0.0
20231211:1502,429.39,545.94,31.89,22.53,4.0,0.0
20231211:1602,299.66,390.16,19.69,21.24,3.72,0.0
20231211:1702,140.65,201.91,7.89,19.7,3.45,0.0
20231211:1802,0.0,0.0,0.0,18.2,2.97,0.0
20231211:1902,0.0,0.0,0.0,17.41,2.69,0.0
20231211:2002,0.0,0.0,0.0,17.12,2.28,0.0
20231211:2102,0.0,0.0,0.0,17.13,2.07,0.0
20231211:2202,0.0,0.0,0.0,17.02,2.55,0.0
20231211:2302,0.0,0.0,0.0,16.8,2.69,0.0
20231212:0002,0.0,0.0,0.0,16.35,3.1,0.0
20231212:0102,0.0,0.0,0.0,15.88,3.24,0.0
20231212:0202,0.0,0.0,0.0,15.32,3.17,0.0
20231212:0302,0.0,0.0,0.0,14.85,3.45,0.0
20231212:0402,1.42,9.11,5.59,14.4,3.72,0.0
20231212:0502,59.63,87.35,17.27,14.32,3.93,0.0
20231212:0602,205.38,258.06,29.4,14.77,4.07,0.0
20231212:0702,404.68,496.7,41.79,16.01,4.0,0.0
20231212:0802,514.37,635.06,54.22,17.08,4.07,0.0
20231212:0902,641.95,799.61,66.32,18.14,4.21,0.0
20231212:1002,675.28,846.39,76.6,18.98,4.34,0.0
20231212:1102,671.03,843.53,78.04,19.75,4.48,0.0
20231212:1202,670.72,841.04,68.76,19.94,4.55,0.0
20231212:1302,620.1,774.59,56.84,20.18,4.62,0.0
20231212:1402,544.79,677.6,44.43,19.99,4.69,0.0
20231212:1502,438.47,546.87,32.01,19.52,4.83,0.0
20231212:1602,304.0,389.06,19.81,18.67,4.76,0.0
20231212:1702,142.23,201.34,8.02,17.61,4.41,0.0
20231212:1802,0.0,0.0,0.0,16.38,3.79,0.0
20231212:1902,0.0,0.0,0.0,15.44,3.59,0.0
20231212:2002,0.0,0.0,0.0,14.94,3.59,0.0
20231212:2102,0.0,0.0,0.0,14.57,3.24,0.0
20231212:2202,0.0,0.0,0.0,14.13,3.17,0.0
20231212:2302,0.0,0.0,0.0,13.67,2.9,0.0
20231213:0002,0.0,0.0,0.0,13.18,2.76,0.0
20231213:0102,0.0,0.0,0.0,12.64,2.55,0.0
20231213:0202,0.0,0.0,0.0,12.19,2.41,0.0
20231213:0302,0.0,0.0,0.0,11.75,2.28,0.0
20231213:0402,12.05,26.41,5.55,11.58,2.07,0.0
20231213:0502,282.98,360.5,17.22,13.49,2.55,0.0
20231213:0602,416.95,516.92,29.34,15.52,3.03,0.0
20231213:0702,441.01,552.5,41.73,18.19,2.41,0.0
20231213:0802,603.65,775.9,54.16,20.44,1.86,0.0
20231213:0902,645.58,857.3,66.27,22.34,0.97,0.0
20231213:1002,654.85,901.37,76.6,24.03,0.07,0.0
20231213:1102,674.06,905.38,78.15,25.19,1.45,0.0
20231213:1202,663.88,869.5,68.88,25.24,2.9,0.0
20231213:1302,620.93,796.25,56.96,24.25,3.93,0.0
20231213:1402,548.23,692.0,44.56,22.72,4.55,0.0
20231213:1502,445.07,560.57,32.14,21.25,4.55,0.0
20231213:1602,161.16,212.62,19.94,19.94,4.34,0.0
20231213:1702,108.61,156.79,8.15,18.55,4.07,0.0
20231213:1802,0.0,0.0,0.0,17.41,3.66,0.0
20231213:1902,0.0,0.0,0.0,16.31,3.52,0.0
20231213:2002,0.0,0.0,0.0,15.86,3.38,0.0
20231213:2102,0.0,0.0,0.0,15.58,3.45,0.0
20231213:2202,0.0,0.0,0.0,15.28,3.31,0.0
20231213:2302,0.0,0.0,0.0,15.06,3.31,0.0
20231214:0002,0.0,0.0,0.0,14.89,3.31,0.0
20231214:0102,0.0,0.0,0.0,14.92,3.1,0.0
20231214:0202,0.0,0.0,0.0,14.8,2.97,0.0
20231214:0302,0.0,0.0,0.0,14.81,2.97,0.0
20231214:0402,16.33,32.79,5.5,14.76,2.76,0.0
20231214:0502,255.88,327.82,17.16,15.23,3.17,0.0
20231214:0602,411.14,509.55,29.28,15.86,3.31,0.0
20231214:0702,493.36,611.6,41.66,17.6,3.45,0.0
20231214:0802,559.71,699.68,54.1,18.66,3.45,0.0
20231214:0902,650.57,820.8,66.22,19.68,3.59,0.0
20231214:1002,674.39,855.23,76.59,20.53,3.86,0.0
20231214:1102,702.71,892.9,78.25,21.11,4.0,0.0
20231214:1202,679.15,861.49,69.0,21.57,4.14,0.0
20231214:1302,626.1,788.48,57.09,21.42,4.34,0.0
20231214:1402,540.5,675.79,44.68,20.84,4.48,0.0
20231214:1502,436.56,546.68,32.26,20.25,4.62,0.0
20231214:1602,304.07,389.82,20.06,19.2,4.55,0.0
20231214:1702,148.05,208.71,8.27,18.1,4.41,0.0
20231214:1802,0.0,0.0,0.0,17.1,3.52,0.0
20231214:1902,0.0,0.0,0.0,16.41,3.45,0.0
20231214:2002,0.0,0.0,0.0,15.9,3.24,0.0
20231214:2102,0.0,0.0,0.0,15.63,3.03,0.0
20231214:2202,0.0,0.0,0.0,15.06,2.97,0.0
20231214:2302,0.0,0.0,0.0,14.69,2.83,0.0
20231215:0002,0.0,0.0,0.0,14.11,2.62,0.0
20231215:0102,0.0,0.0,0.0,13.7,2.48,0.0
20231215:0202,0.0,0.0,0.0,13.34,2.48,0.0
20231215:0302,0.0,0.0,0.0,12.8,2.34,0.0
20231215:0402,11.36,25.5,5.45,12.51,2.14,0.0
20231215:0502,280.6,359.96,17.1,14.81,2.41,0.0
20231215:0602,416.68,519.94,29.21,16.85,3.03,0.0
20231215:0702,526.09,665.98,41.59,19.21,2.14,0.0
20231215:0802,603.49,779.5,54.03,21.19,1.79,0.0
20231215:0902,652.02,857.97,66.16,22.94,1.66,0.0
20231215:1002,679.71,902.66,76.58,24.41,1.86,0.0
20231215:1102,679.93,903.4,78.35,25.53,2.21,0.0
20231215:1202,662.99,871.96,69.12,26.03,2.9,0.0
20231215:1302,616.17,799.3,57.21,25.91,3.59,0.0
20231215:1402,538.37,689.4,44.8,25.21,4.21,0.0
20231215:1502,435.15,555.4,32.38,24.03,4.48,0.0
20231215:1602,307.91,401.08,20.18,22.64,4.48,0.0
20231215:1702,151.82,216.44,8.39,21.16,4.07,0.0
20231215:1802,0.0,0.0,0.0,19.8,3.66,0.0
20231215:1902,0.0,0.0,0.0,18.98,3.1,0.0
20231215:2002,0.0,0.0,0.0,18.19,2.83,0.0
20231215:2102,0.0,0.0,0.0,17.38,2.55,0.0
20231215:2202,0.0,0.0,0.0,16.52,2.14,0.0
20231215:2302,0.0,0.0,0.0,15.51,1.79,0.0
20231216:0002,0.0,0.0,0.0,14.54,1.72,0.0
20231216:0102,0.0,0.0,0.0,13.86,1.66,0.0
20231216:0202,0.0,0.0,0.0,13.2,1.66,0.0
20231216:0302,0.0,0.0,0.0,12.74,1.59,0.0
20231216:0402,11.37,25.5,5.39,12.4,1.45,0.0
20231216:0502,278.51,361.1,17.03,15.39,1.1,0.0
20231216:0602,398.53,515.56,29.14,19.67,0.55,0.0
20231216:0702,500.07,660.98,41.52,22.76,0.28,0.0
20231216:0802,584.47,775.43,53.96,24.93,1.24,0.0
20231216:0902,645.72,860.98,66.1,26.35,1.93,0.0
20231216:1002,677.83,906.31,76.55,27.13,2.34,0.0
20231216:1102,681.29,907.72,78.43,27.32,2.69,0.0
20231216:1202,663.28,876.34,69.24,27.0,2.97,0.0
20231216:1302,615.58,803.59,57.32,26.27,3.17,0.0
20231216:1402,537.68,693.8,44.91,25.29,3.31,0.0
20231216:1502,432.8,556.2,32.5,24.12,3.38,0.0
20231216:1602,307.49,402.6,20.3,22.77,3.24,0.0
20231216:1702,153.82,219.32,8.5,21.13,3.03,0.0
20231216:1802,0.0,0.0,0.0,19.41,2.62,0.0
20231216:1902,0.0,0.0,0.0,18.37,2.48,0.0
20231216:2002,0.0,0.0,0.0,17.65,2.28,0.0
20231216:2102,0.0,0.0,0.0,17.2,2.07,0.0
20231216:2202,0.0,0.0,0.0,16.54,1.79,0.0
20231216:2302,0.0,0.0,0.0,15.83,1.66,0.0
20231217:0002,0.0,0.0,0.0,15.39,1.66,0.0
20231217:0102,0.0,0.0,0.0,14.85,1.66,0.0
20231217:0202,0.0,0.0,0.0,14.59,1.59,0.0
20231217:0302,0.0,0.0,0.0,14.39,1.52,0.0
20231217:0402,15.7,31.88,5.32,14.37,1.38,0.0
20231217:0502,104.61,142.75,16.96,15.89,1.45,0.0
20231217:0602,272.29,345.08,29.06,17.75,1.66,0.0
20231217:0702,512.05,650.87,41.44,19.12,1.66,0.0
20231217:0802,599.49,767.72,53.88,20.18,2.0,0.0
20231217:0902,660.14,852.66,66.03,21.34,2.34,0.0
20231217:1002,694.82,901.31,76.52,22.16,2.69,0.0
20231217:1102,696.75,903.42,78.51,22.7,2.97,0.0
20231217:1202,676.22,872.64,69.35,23.01,3.24,0.0
20231217:1302,624.36,800.53,57.43,22.86,3.24,0.0
20231217:1402,543.38,691.17,45.03,22.44,3.31,0.0
20231217:1502,441.5,560.73,32.61,21.73,3.38,0.0
20231217:1602,311.28,403.23,20.41,20.73,3.31,0.0
20231217:1702,159.25,224.53,8.62,19.46,3.1,0.0
20231217:1802,0.0,0.0,0.0,18.17,2.55,0.0
20231217:1902,0.0,0.0,0.0,17.63,2.69,0.0
20231217:2002,0.0,0.0,0.0,17.23,2.48,0.0
20231217:2102,0.0,0.0,0.0,17.16,2.48,0.0
20231217:2202,0.0,0.0,0.0,17.17,2.34,0.0
20231217:2302,0.0,0.0,0.0,16.97,2.21,0.0
20231218:0002,0.0,0.0,0.0,16.66,2.07,0.0
20231218:0102,0.0,0.0,0.0,16.29,1.93,0.0
20231218:0202,0.0,0.0,0.0,15.55,1.86,0.0
20231218:0302,0.0,0.0,0.0,15.06,1.86,0.0
20231218:0402,11.21,25.5,5.26,14.83,1.93,0.0
20231218:0502,272.79,353.34,16.88,16.88,2.62,0.0
20231218:0602,406.94,511.0,28.98,18.28,3.1,0.0
20231218:0702,523.46,656.88,41.36,19.53,3.17,0.0
20231218:0802,605.87,766.75,53.8,20.79,3.31,0.0
20231218:0902,660.8,848.35,65.95,22.24,3.17,0.0
20231218:1002,695.41,897.89,76.49,23.13,3.45,0.0
20231218:1102,697.2,899.92,78.59,23.88,3.86,0.0
20231218:1202,677.71,869.76,69.45,24.17,4.34,0.0
20231218:1302,627.26,797.2,57.55,23.72,4.69,0.0
20231218:1402,546.76,688.34,45.14,22.75,4.9,0.0
20231218:1502,442.3,556.46,32.72,21.63,4.9,0.0
20231218:1602,312.03,400.73,20.52,20.37,4.9,0.0
20231218:1702,164.39,229.67,8.72,18.83,4.55,0.0
20231218:1802,0.0,0.0,0.0,17.44,3.93,0.0
20231218:1902,0.0,0.0,0.0,17.1,3.45,0.0
20231218:2002,0.0,0.0,0.0,16.5,3.38,0.0
20231218:2102,0.0,0.0,0.0,16.02,3.17,0.0
20231218:2202,0.0,0.0,0.0,15.56,3.03,0.0
20231218:2302,0.0,0.0,0.0,15.08,2.9,0.0
20231219:0002,0.0,0.0,0.0,14.72,2.76,0.0
20231219:0102,0.0,0.0,0.0,14.3,2.76,0.0
20231219:0202,0.0,0.0,0.0,14.03,2.69,0.0
20231219:0302,0.0,0.0,0.0,13.6,2.55,0.0
20231219:0402,11.31,25.5,5.18,13.37,2.28,0.0
20231219:0502,281.4,362.15,16.8,15.36,2.41,0.0
20231219:0602,416.07,523.47,28.9,17.99,2.69,0.0
20231219:0702,522.57,670.68,41.27,21.11,1.79,0.0
20231219:0802,588.48,782.41,53.71,23.76,0.83,0.0
20231219:0902,630.14,858.31,65.87,25.83,0.62,0.0
20231219:1002,671.11,912.07,76.44,27.3,1.45,0.0
20231219:1102,675.96,911.17,78.65,28.13,2.21,0.0
20231219:1202,660.63,880.73,69.56,28.32,2.83,0.0
20231219:1302,614.74,808.39,57.65,27.91,3.31,0.0
20231219:1402,539.13,699.2,45.24,26.93,3.72,0.0
20231219:1502,437.81,565.03,32.83,25.57,3.79,0.0
20231219:1602,313.67,411.61,20.62,24.02,3.72,0.0
20231219:1702,156.53,222.84,8.83,22.28,3.59,0.0
20231219:1802,0.0,0.0,0.0,20.55,3.1,0.0
20231219:1902,0.0,0.0,0.0,19.77,2.83,0.0
20231219:2002,0.0,0.0,0.0,18.87,2.62,0.0
20231219:2102,0.0,0.0,0.0,18.09,2.34,0.0
20231219:2202,0.0,0.0,0.0,17.23,2.07,0.0
20231219:2302,0.0,0.0,0.0,16.26,1.79,0.0
20231220:0002,0.0,0.0,0.0,15.65,1.66,0.0
20231220:0102,0.0,0.0,0.0,15.09,1.59,0.0
20231220:0202,0.0,0.0,0.0,14.6,1.52,0.0
20231220:0302,0.0,0.0,0.0,14.0,1.52,0.0
20231220:0402,13.18,28.23,5.1,13.56,1.45,0.0
20231220:0502,266.5,346.42,16.72,15.94,1.17,0.0
20231220:0602,398.51,511.46,28.81,19.2,1.03,0.0
20231220:0702,515.6,661.67,41.18,21.24,1.79,0.0
20231220:0802,599.54,772.62,53.62,22.74,2.55,0.0
20231220:0902,658.09,855.47,65.79,23.79,2.83,0.0
20231220:1002,692.86,905.38,76.39,24.57,3.1,0.0
20231220:1102,693.51,907.95,78.71,25.04,3.17,0.0
20231220:1202,673.64,878.5,69.65,25.16,3.31,0.0
20231220:1302,622.78,802.56,57.76,24.78,3.72,0.0
20231220:1402,545.34,694.57,45.35,23.68,3.93,0.0
20231220:1502,442.07,561.61,32.93,22.5,3.86,0.0
20231220:1602,313.99,406.4,20.73,21.28,3.72,0.0
20231220:1702,160.88,225.75,8.93,19.67,3.59,0.0
20231220:1802,0.0,0.0,0.0,17.98,3.03,0.0
20231220:1902,0.0,0.0,0.0,17.56,2.9,0.0
20231220:2002,0.0,0.0,0.0,16.9,2.76,0.0
20231220:2102,0.0,0.0,0.0,16.35,2.55,0.0
20231220:2202,0.0,0.0,0.0,15.79,2.48,0.0
20231220:2302,0.0,0.0,0.0,15.24,2.34,0.0
20231221:0002,0.0,0.0,0.0,14.68,2.21,0.0
20231221:0102,0.0,0.0,0.0,14.32,2.21,0.0
20231221:0202,0.0,0.0,0.0,14.16,2.21,0.0
20231221:0302,0.0,0.0,0.0,13.63,2.14,0.0
20231221:0402,11.3,25.5,5.02,13.45,2.0,0.0
20231221:0502,274.38,354.28,16.63,15.82,2.41,0.0
20231221:0602,408.43,513.3,28.72,18.46,3.17,0.0
20231221:0702,516.08,656.03,41.09,21.66,2.9,0.0
20231221:0802,594.38,775.07,53.53,24.6,2.34,0.0
20231221:0902,633.49,850.24,65.71,27.21,1.72,0.0
20231221:1002,656.96,900.87,76.33,29.09,1.38,0.0
20231221:1102,661.07,903.6,78.76,30.23,1.93,0.0
20231221:1202,648.59,874.5,69.75,30.71,2.83,0.0
20231221:1302,605.92,802.4,57.86,30.51,3.86,0.0
20231221:1402,531.47,694.26,45.45,29.62,4.48,0.0
20231221:1502,434.07,564.95,33.03,28.4,4.69,0.0
20231221:1602,309.53,409.59,20.83,26.73,4.76,0.0
20231221:1702,159.31,228.64,9.02,24.84,4.07,0.0
20231221:1802,0.0,0.0,0.0,23.2,3.93,0.0
20231221:1902,0.0,0.0,0.0,22.06,3.72,0.0
20231221:2002,0.0,0.0,0.0,20.77,3.59,0.0
20231221:2102,0.0,0.0,0.0,19.67,3.38,0.0
20231221:2202,0.0,0.0,0.0,18.77,2.69,0.0
20231221:2302,0.0,0.0,0.0,17.92,2.48,0.0
20231222:0002,0.0,0.0,0.0,17.12,2.28,0.0
20231222:0102,0.0,0.0,0.0,16.36,2.14,0.0
20231222:0202,0.0,0.0,0.0,15.75,2.21,0.0
20231222:0302,0.0,0.0,0.0,15.37,2.21,0.0
20231222:0402,12.44,27.32,4.93,15.18,1.93,0.0
20231222:0502,258.63,339.14,16.54,17.63,1.31,0.0
20231222:0602,390.0,502.22,28.63,21.79,2.0,0.0
20231222:0702,499.96,644.2,40.99,24.31,2.76,0.0
20231222:0802,581.38,761.7,53.44,26.6,2.69,0.0
20231222:0902,632.77,838.11,65.61,28.6,3.17,0.0
20231222:1002,677.29,890.91,76.27,28.52,4.21,0.0
20231222:1102,678.54,894.37,78.8,27.58,3.59,0.0
20231222:1202,650.84,861.99,69.84,27.58,2.9,0.0
20231222:1302,600.74,791.65,57.95,27.78,2.9,0.0
20231222:1402,524.93,685.01,45.55,27.09,2.97,0.0
20231222:1502,424.11,549.84,33.13,25.66,3.03,0.0
20231222:1602,298.93,393.06,20.92,24.01,3.03,0.0
20231222:1702,132.44,190.07,9.11,22.36,2.97,0.0
20231222:1802,0.0,0.0,0.0,20.68,2.62,0.0
20231222:1902,0.0,0.0,0.0,19.82,2.55,0.0
20231222:2002,0.0,0.0,0.0,19.22,2.34,0.0
20231222:2102,0.0,0.0,0.0,19.06,2.55,0.0
20231222:2202,0.0,0.0,0.0,18.67,2.48,0.0
20231222:2302,0.0,0.0,0.0,18.48,2.48,0.0
20231223:0002,0.0,0.0,0.0,18.26,2.34,0.0
20231223:0102,0.0,0.0,0.0,18.6,2.0,0.0
20231223:0202,0.0,0.0,0.0,18.34,1.93,0.0
20231223:0302,0.0,0.0,0.0,18.15,2.14,0.0
20231223:0402,0.0,5.46,4.84,17.97,2.07,0.0
20231223:0502,168.19,223.11,16.45,18.96,2.9,0.0
20231223:0602,374.71,474.21,28.53,20.33,3.45,0.0
20231223:0702,479.35,606.44,40.89,22.07,3.59,0.0
20231223:0802,528.34,675.9,53.34,23.57,3.45,0.0
20231223:0902,583.38,757.35,65.52,25.32,3.38,0.0
20231223:1002,645.47,843.16,76.2,26.11,3.59,0.0
20231223:1102,675.01,883.26,78.83,27.0,3.93,0.0
20231223:1202,661.26,857.72,69.92,26.89,4.55,0.0
20231223:1302,610.56,783.99,58.05,26.28,4.9,0.0
20231223:1402,532.07,678.46,45.64,25.63,5.03,0.0
20231223:1502,427.12,545.31,33.22,24.95,5.03,0.0
20231223:1602,306.29,399.97,21.01,24.11,4.83,0.0
20231223:1702,151.85,216.07,9.2,22.77,4.28,0.0
20231223:1802,0.0,0.0,0.0,21.31,3.79,0.0
20231223:1902,0.0,0.0,0.0,20.59,3.86,0.0
20231223:2002,0.0,0.0,0.0,20.06,3.52,0.0
20231223:2102,0.0,0.0,0.0,19.58,3.17,0.0
20231223:2202,0.0,0.0,0.0,19.11,2.83,0.0
20231223:2302,0.0,0.0,0.0,18.6,2.55,0.0
20231224:0002,0.0,0.0,0.0,18.1,2.41,0.0
20231224:0102,0.0,0.0,0.0,17.68,2.21,0.0
20231224:0202,0.0,0.0,0.0,17.07,2.07,0.0
20231224:0302,0.0,0.0,0.0,16.54,2.07,0.0
20231224:0402,11.1,25.5,4.75,16.71,2.28,0.0
20231224:0502,259.25,339.15,16.35,18.4,2.69,0.0
20231224:0602,395.58,502.47,28.43,20.61,3.17,0.0
20231224:0702,503.19,642.21,40.79,23.2,3.24,0.0
20231224:0802,584.01,756.89,53.23,25.33,3.1,0.0
20231224:0902,637.15,840.33,65.42,27.3,2.97,0.0
20231224:1002,665.74,890.86,76.12,28.93,2.83,0.0
20231224:1102,663.67,890.77,78.85,29.94,3.03,0.0
20231224:1202,647.77,862.34,70.0,30.27,3.66,0.0
20231224:1302,602.34,792.64,58.14,29.99,4.21,0.0
20231224:1402,528.81,686.74,45.74,29.06,4.9,0.0
20231224:1502,431.7,558.3,33.31,27.69,5.17,0.0
20231224:1602,309.43,406.71,21.1,25.79,5.17,0.0
20231224:1702,159.31,226.69,9.28,23.72,4.69,0.0
20231224:1802,0.0,0.0,0.0,22.02,4.55,0.0
20231224:1902,0.0,0.0,0.0,20.73,4.14,0.0
20231224:2002,0.0,0.0,0.0,20.05,4.0,0.0
20231224:2102,0.0,0.0,0.0,19.4,4.41,0.0
20231224:2202,0.0,0.0,0.0,18.95,4.28,0.0
20231224:2302,0.0,0.0,0.0,18.27,4.07,0.0
20231225:0002,0.0,0.0,0.0,17.79,3.93,0.0
20231225:0102,0.0,0.0,0.0,17.28,3.93,0.0
20231225:0202,0.0,0.0,0.0,16.87,3.79,0.0
20231225:0302,0.0,0.0,0.0,16.55,3.79,0.0
20231225:0402,12.36,27.32,4.65,16.49,4.07,0.0
20231225:0502,209.71,272.08,16.24,17.13,4.55,0.0
20231225:0602,401.06,498.68,28.32,18.0,4.9,0.0
20231225:0702,515.74,641.59,40.68,20.22,4.9,0.0
20231225:0802,602.44,756.16,53.13,22.0,5.03,0.0
20231225:0902,661.88,836.66,65.32,22.88,5.24,0.0
20231225:1002,696.37,887.09,76.03,23.93,5.31,0.0
20231225:1102,697.15,891.32,78.87,24.76,5.45,0.0
20231225:1202,674.12,860.14,70.08,25.17,5.72,0.0
20231225:1302,625.79,793.85,58.22,25.03,5.93,0.0
20231225:1402,544.71,687.0,45.82,24.39,6.0,0.0
20231225:1502,443.33,559.57,33.4,23.42,5.93,0.0
20231225:1602,316.69,408.27,21.18,22.22,5.72,0.0
20231225:1702,109.03,156.46,9.36,20.74,5.31,0.0
20231225:1802,0.0,0.0,0.0,19.26,4.55,0.0
20231225:1902,0.0,0.0,0.0,18.26,5.03,0.0
20231225:2002,0.0,0.0,0.0,17.57,4.83,0.0
20231225:2102,0.0,0.0,0.0,16.97,4.83,0.0
20231225:2202,0.0,0.0,0.0,16.56,4.69,0.0
20231225:2302,0.0,0.0,0.0,16.22,4.62,0.0
20231226:0002,0.0,0.0,0.0,15.96,4.62,0.0
20231226:0102,0.0,0.0,0.0,15.59,4.48,0.0
20231226:0202,0.0,0.0,0.0,15.78,4.62,0.0
20231226:0302,0.0,0.0,0.0,15.7,4.21,0.0
20231226:0402,9.94,23.68,4.54,15.72,4.14,0.0
20231226:0502,266.91,344.21,16.13,16.38,4.0,0.0
20231226:0602,405.84,505.63,28.21,18.09,4.62,0.0
20231226:0702,531.18,659.09,40.57,20.09,5.38,0.0
20231226:0802,610.6,765.31,53.02,21.92,5.31,0.0
20231226:0902,665.06,846.82,65.21,23.87,5.03,0.0
20231226:1002,698.59,897.59,75.94,24.93,4.97,0.0
20231226:1102,697.48,902.66,78.87,26.01,4.83,0.0
20231226:1202,673.07,870.55,70.14,26.4,4.83,0.0
20231226:1302,628.13,804.7,58.31,25.86,5.17,0.0
20231226:1402,549.5,697.76,45.91,24.96,5.38,0.0
20231226:1502,439.63,557.35,33.48,23.91,5.52,0.0
20231226:1602,132.82,179.4,21.26,22.3,5.66,0.0
20231226:1702,170.21,236.98,9.44,20.36,5.38,0.0
20231226:1802,0.0,0.0,0.0,18.44,5.1,0.0
20231226:1902,0.0,0.0,0.0,16.98,5.24,0.0
20231226:2002,0.0,0.0,0.0,16.46,5.1,0.0
20231226:2102,0.0,0.0,0.0,16.18,5.1,0.0
20231226:2202,0.0,0.0,0.0,15.83,5.03,0.0
20231226:2302,0.0,0.0,0.0,15.4,4.55,0.0
20231227:0002,0.0,0.0,0.0,15.08,4.55,0.0
20231227:0102,0.0,0.0,0.0,15.02,4.28,0.0
20231227:0202,0.0,0.0,0.0,14.71,3.93,0.0
20231227:0302,0.0,0.0,0.0,14.43,3.66,0.0
20231227:0402,10.02,23.68,4.43,14.31,3.38,0.0
20231227:0502,255.9,329.03,16.02,15.5,3.86,0.0
20231227:0602,406.7,507.26,28.1,17.91,4.28,0.0
20231227:0702,521.38,651.55,40.46,20.86,4.76,0.0
20231227:0802,600.98,764.45,52.9,23.56,4.34,0.0
20231227:0902,648.74,845.86,65.1,26.27,3.66,0.0
20231227:1002,672.03,897.31,75.84,28.62,2.97,0.0
20231227:1102,665.18,906.32,78.87,30.37,2.21,0.0
20231227:1202,634.43,871.76,70.21,31.49,1.79,0.0
20231227:1302,589.19,801.83,58.38,32.04,2.14,0.0
20231227:1402,520.67,698.84,45.99,31.95,2.69,0.0
20231227:1502,388.69,517.54,33.56,31.14,3.03,0.0
20231227:1602,188.59,257.13,21.34,29.53,3.38,0.0
20231227:1702,65.36,102.22,9.5,27.3,3.17,0.0
20231227:1802,0.0,0.0,0.0,25.17,3.31,0.0
20231227:1902,0.0,0.0,0.0,23.13,3.72,0.0
20231227:2002,0.0,0.0,0.0,21.6,3.79,0.0
20231227:2102,0.0,0.0,0.0,20.46,3.52,0.0
20231227:2202,0.0,0.0,0.0,19.48,2.97,0.0
20231227:2302,0.0,0.0,0.0,18.73,2.48,0.0
20231228:0002,0.0,0.0,0.0,18.06,2.34,0.0
20231228:0102,0.0,0.0,0.0,17.38,2.28,0.0
20231228:0202,0.0,0.0,0.0,16.83,2.28,0.0
20231228:0302,0.0,0.0,0.0,16.59,2.28,0.0
20231228:0402,9.3,22.77,4.32,16.38,2.21,0.0
20231228:0502,244.27,320.45,15.91,17.81,2.14,0.0
20231228:0602,392.51,502.55,27.98,20.3,2.0,0.0
20231228:0702,468.82,600.93,40.34,23.31,2.69,0.0
20231228:0802,521.7,679.72,52.79,25.35,2.41,0.0
20231228:0902,616.89,820.02,64.98,27.43,2.28,0.0
20231228:1002,650.16,871.79,75.74,28.88,2.55,0.0
20231228:1102,661.46,887.45,78.86,30.0,3.03,0.0
20231228:1202,635.53,846.29,70.27,30.18,3.52,0.0
20231228:1302,489.89,644.99,58.46,29.72,3.86,0.0
20231228:1402,511.58,670.09,46.07,29.43,3.86,0.0
20231228:1502,428.34,559.09,33.64,28.35,4.0,0.0
20231228:1602,305.03,405.18,21.41,26.95,3.79,0.0
20231228:1702,146.67,211.69,9.57,25.64,3.31,0.0
20231228:1802,0.0,0.0,0.0,24.3,3.38,0.0
20231228:1902,0.0,0.0,0.0,23.14,3.52,0.0
20231228:2002,0.0,0.0,0.0,21.71,3.45,0.0
20231228:2102,0.0,0.0,0.0,20.73,3.38,0.0
20231228:2202,0.0,0.0,0.0,20.05,3.1,0.0
20231228:2302,0.0,0.0,0.0,19.79,2.48,0.0
20231229:0002,0.0,0.0,0.0,19.55,2.14,0.0
20231229:0102,0.0,0.0,0.0,19.05,2.0,0.0
20231229:0202,0.0,0.0,0.0,18.89,1.86,0.0
20231229:0302,0.0,0.0,0.0,18.83,1.86,0.0
20231229:0402,9.75,23.68,4.2,18.98,1.79,0.0
20231229:0502,184.36,246.75,15.79,20.07,1.59,0.0
20231229:0602,366.23,474.47,27.87,22.07,1.52,0.0
20231229:0702,484.59,623.07,40.23,23.67,2.55,0.0
20231229:0802,562.54,737.72,52.67,26.07,2.21,0.0
20231229:0902,598.37,804.62,64.86,28.42,1.72,0.0
20231229:1002,587.14,796.84,75.63,30.18,1.93,0.0
20231229:1102,648.18,881.31,78.84,31.43,2.48,0.0
20231229:1202,631.53,851.32,70.32,31.7,3.03,0.0
20231229:1302,583.61,776.3,58.53,31.54,3.72,0.0
20231229:1402,506.73,663.27,46.14,30.07,4.34,0.0
20231229:1502,90.64,131.97,33.71,28.94,4.62,0.0
20231229:1602,292.97,388.93,21.48,27.43,4.55,0.0
20231229:1702,153.07,220.46,9.63,25.76,4.0,0.0
20231229:1802,0.0,0.0,0.0,24.12,3.79,0.0
20231229:1902,0.0,0.0,0.0,23.4,3.72,0.0
20231229:2002,0.0,0.0,0.0,22.25,3.79,0.0
20231229:2102,0.0,0.0,0.0,21.28,3.59,0.0
20231229:2202,0.0,0.0,0.0,20.59,3.31,0.0
20231229:2302,0.0,0.0,0.0,20.26,3.24,0.0
20231230:0002,0.0,0.0,0.0,20.2,3.45,0.0
20231230:0102,0.0,0.0,0.0,20.22,3.17,0.0
20231230:0202,0.0,0.0,0.0,20.31,2.97,0.0
20231230:0302,0.0,0.0,0.0,20.25,2.62,0.0
20231230:0402,8.51,21.86,4.08,20.38,2.69,0.0
20231230:0502,227.2,302.98,15.67,21.15,2.97,0.0
20231230:0602,348.14,445.72,27.74,22.71,3.79,0.0
20231230:0702,479.43,609.42,40.1,23.93,4.14,0.0
20231230:0802,561.64,716.5,52.55,24.58,4.21,0.0
20231230:0902,620.29,796.52,64.74,25.25,4.34,0.0
20231230:1002,655.94,850.2,75.52,26.24,4.21,0.0
20231230:1102,582.85,758.46,78.82,26.47,4.0,0.0
20231230:1202,618.14,802.53,70.37,26.45,4.0,0.0
20231230:1302,366.19,475.11,58.59,26.76,3.93,0.0
20231230:1402,153.36,207.93,46.21,26.42,4.0,0.0
20231230:1502,111.72,155.71,33.78,25.03,4.14,0.0
20231230:1602,113.73,157.55,21.54,23.76,4.21,0.0
20231230:1702,88.21,130.62,9.69,22.73,3.79,0.0
20231230:1802,0.0,0.0,0.0,21.71,3.1,0.0
20231230:1902,0.0,0.0,0.0,21.15,2.83,0.0
20231230:2002,0.0,0.0,0.0,20.59,2.62,0.0
20231230:2102,0.0,0.0,0.0,20.22,2.62,0.0
20231230:2202,0.0,0.0,0.0,19.97,2.55,0.0
20231230:2302,0.0,0.0,0.0,19.83,2.55,0.0
20231231:0002,0.0,0.0,0.0,19.68,2.55,0.0
20231231:0102,0.0,0.0,0.0,19.48,2.48,0.0
20231231:0202,0.0,0.0,0.0,19.38,2.62,0.0
20231231:0302,0.0,0.0,0.0,19.24,2.48,0.0
20231231:0402,7.99,20.95,3.96,19.19,2.69,0.0
20231231:0502,237.47,313.53,15.54,19.6,3.79,0.0
20231231:0602,375.49,474.36,27.62,20.54,4.48,0.0
20231231:0702,487.45,617.23,39.98,23.73,4.69,0.0
20231231:0802,567.24,725.51,52.42,25.4,4.48,0.0
20231231:0902,629.22,815.65,64.62,26.82,4.21,0.0
20231231:1002,661.07,859.98,75.4,26.97,4.28,0.0
20231231:1102,666.96,866.13,78.78,27.41,4.83,0.0
20231231:1202,652.83,843.72,70.41,27.49,5.24,0.0
20231231:1302,598.94,770.0,58.65,27.34,5.38,0.0
20231231:1402,518.65,664.09,46.27,27.04,5.45,0.0
20231231:1502,424.41,544.78,33.84,26.01,4.9,0.0
20231231:1602,301.62,395.7,21.6,25.16,4.83,0.0
20231231:1702,152.34,217.3,9.74,23.75,4.34,0.0
20231231:1802,0.0,0.0,0.0,22.38,4.07,0.0
20231231:1902,0.0,0.0,0.0,21.33,4.41,0.0
20231231:2002,0.0,0.0,0.0,20.47,4.34,0.0
20231231:2102,0.0,0.0,0.0,19.68,4.0,0.0
20231231:2202,0.0,0.0,0.0,19.17,4.0,0.0
20231231:2302,0.0,0.0,0.0,18.73,3.93,0.0

P: PV system power (W)
G(i): Global irradiance on the inclined plane (plane of the array) (W/m2)
H_sun: Sun height (degree)
T2m: 2-m air temperature (degree Celsius)
WS10m: 10-m total wind speed (m/s)
Int: 1 means solar radiation values are reconstructed



PVGIS (c) European Union, 2001-2025